index,seed,p1_deck,p2_deck,p1_faction,p2_faction,status,winner_seat,winner_deck,turns,decisions,p1_captures,p2_captures,p1_kills,p2_kills,p1_damage,p2_damage,p1_territories,p2_territories,error
0,1009,stonewall-starter,bruiser-starter,stonewall,bruiser,win,2,bruiser-starter,12,56,1,5,2,5,26,35,0,7,
1,1009,bruiser-starter,stonewall-starter,bruiser,stonewall,win,1,bruiser-starter,9,43,4,0,3,0,28,19,7,0,
2,2654436778,stonewall-starter,syndicate-starter,stonewall,syndicate,win,2,syndicate-starter,22,102,1,5,6,9,48,63,0,7,
3,2654436778,syndicate-starter,stonewall-starter,syndicate,stonewall,win,2,stonewall-starter,22,106,2,6,5,10,57,67,0,7,
4,1013905251,stonewall-starter,nightwalker-starter,stonewall,nightwalker,win,1,stonewall-starter,29,134,6,2,14,10,62,93,7,0,
5,1013905251,nightwalker-starter,stonewall-starter,nightwalker,stonewall,win,1,nightwalker-starter,67,269,9,5,23,26,176,117,7,0,
6,3668341020,stonewall-starter,rogue-starter,stonewall,rogue,win,1,stonewall-starter,43,197,7,3,18,12,120,104,7,0,
7,3668341020,rogue-starter,stonewall-starter,rogue,stonewall,win,2,stonewall-starter,26,114,2,6,7,10,67,60,0,7,
8,2027809493,bruiser-starter,syndicate-starter,bruiser,syndicate,win,1,bruiser-starter,17,84,5,1,10,4,69,43,7,0,
9,2027809493,syndicate-starter,bruiser-starter,syndicate,bruiser,win,2,bruiser-starter,12,56,1,5,1,6,27,43,0,7,
10,387277966,bruiser-starter,nightwalker-starter,bruiser,nightwalker,win,1,bruiser-starter,17,82,4,0,11,4,54,41,7,0,
11,387277966,nightwalker-starter,bruiser-starter,nightwalker,bruiser,win,2,bruiser-starter,14,65,1,5,2,8,33,40,0,7,
12,3041713735,bruiser-starter,rogue-starter,bruiser,rogue,win,1,bruiser-starter,11,51,4,0,6,0,33,14,7,0,
13,3041713735,rogue-starter,bruiser-starter,rogue,bruiser,win,2,bruiser-starter,14,65,1,5,2,9,28,61,0,7,
14,1401182208,syndicate-starter,nightwalker-starter,syndicate,nightwalker,win,1,syndicate-starter,29,125,6,2,14,10,64,78,7,0,
15,1401182208,nightwalker-starter,syndicate-starter,nightwalker,syndicate,win,2,syndicate-starter,24,100,1,5,8,13,56,54,0,7,
16,4055617977,syndicate-starter,rogue-starter,syndicate,rogue,win,1,syndicate-starter,55,240,10,6,22,19,154,133,7,0,
17,4055617977,rogue-starter,syndicate-starter,rogue,syndicate,win,2,syndicate-starter,22,101,2,6,6,9,63,59,0,7,
18,2415086450,nightwalker-starter,rogue-starter,nightwalker,rogue,win,1,nightwalker-starter,43,184,7,3,18,17,123,71,7,0,
19,2415086450,rogue-starter,nightwalker-starter,rogue,nightwalker,win,2,nightwalker-starter,26,107,1,5,7,12,35,70,0,7,
20,774554923,stonewall-starter,bruiser-starter,stonewall,bruiser,win,2,bruiser-starter,16,74,1,5,3,7,34,51,0,7,
21,774554923,bruiser-starter,stonewall-starter,bruiser,stonewall,win,1,bruiser-starter,17,69,5,1,6,4,51,36,7,0,
22,3428990692,stonewall-starter,syndicate-starter,stonewall,syndicate,win,2,syndicate-starter,84,389,11,15,33,32,232,276,0,7,
23,3428990692,syndicate-starter,stonewall-starter,syndicate,stonewall,win,1,syndicate-starter,47,219,8,4,19,19,137,127,7,0,
24,1788459165,stonewall-starter,nightwalker-starter,stonewall,nightwalker,win,1,stonewall-starter,23,113,5,1,12,8,51,72,7,0,
25,1788459165,nightwalker-starter,stonewall-starter,nightwalker,stonewall,win,1,nightwalker-starter,71,298,9,5,26,28,203,131,7,0,
26,147927638,stonewall-starter,rogue-starter,stonewall,rogue,win,1,stonewall-starter,17,91,5,1,7,2,54,34,7,0,
27,147927638,rogue-starter,stonewall-starter,rogue,stonewall,win,2,stonewall-starter,32,150,3,7,7,14,83,99,0,7,
28,2802363407,bruiser-starter,syndicate-starter,bruiser,syndicate,win,1,bruiser-starter,25,115,6,2,14,7,98,64,7,0,
29,2802363407,syndicate-starter,bruiser-starter,syndicate,bruiser,win,2,bruiser-starter,20,87,1,5,7,10,53,70,0,7,
30,1161831880,bruiser-starter,nightwalker-starter,bruiser,nightwalker,win,1,bruiser-starter,23,98,5,1,13,7,65,58,7,0,
31,1161831880,nightwalker-starter,bruiser-starter,nightwalker,bruiser,win,2,bruiser-starter,30,131,2,6,10,16,74,84,0,7,
32,3816267649,bruiser-starter,rogue-starter,bruiser,rogue,win,1,bruiser-starter,13,62,4,0,7,5,53,40,7,0,
33,3816267649,rogue-starter,bruiser-starter,rogue,bruiser,win,2,bruiser-starter,22,100,2,6,4,13,45,89,0,7,
34,2175736122,syndicate-starter,nightwalker-starter,syndicate,nightwalker,win,1,syndicate-starter,27,121,5,1,13,11,67,69,7,0,
35,2175736122,nightwalker-starter,syndicate-starter,nightwalker,syndicate,win,2,syndicate-starter,56,236,5,9,22,26,159,132,0,7,
36,535204595,syndicate-starter,rogue-starter,syndicate,rogue,win,1,syndicate-starter,27,123,6,2,13,7,82,62,7,0,
37,535204595,rogue-starter,syndicate-starter,rogue,syndicate,win,2,syndicate-starter,40,175,3,7,14,16,106,108,0,7,
38,3189640364,nightwalker-starter,rogue-starter,nightwalker,rogue,win,1,nightwalker-starter,41,170,7,3,17,14,105,65,7,0,
39,3189640364,rogue-starter,nightwalker-starter,rogue,nightwalker,win,1,rogue-starter,17,79,4,0,10,4,37,39,7,0,
40,1549108837,stonewall-starter,bruiser-starter,stonewall,bruiser,win,2,bruiser-starter,12,58,1,5,1,4,26,45,0,7,
41,1549108837,bruiser-starter,stonewall-starter,bruiser,stonewall,win,2,stonewall-starter,12,54,1,5,2,4,32,27,0,7,
42,4203544606,stonewall-starter,syndicate-starter,stonewall,syndicate,win,1,stonewall-starter,23,108,6,2,9,5,56,59,7,0,
43,4203544606,syndicate-starter,stonewall-starter,syndicate,stonewall,win,1,syndicate-starter,67,308,11,7,26,29,202,198,7,0,
44,2563013079,stonewall-starter,nightwalker-starter,stonewall,nightwalker,win,1,stonewall-starter,31,131,6,2,16,10,73,84,7,0,
45,2563013079,nightwalker-starter,stonewall-starter,nightwalker,stonewall,win,2,stonewall-starter,20,98,2,6,3,10,56,45,0,7,
46,922481552,stonewall-starter,rogue-starter,stonewall,rogue,win,1,stonewall-starter,23,106,5,1,10,5,63,55,7,0,
47,922481552,rogue-starter,stonewall-starter,rogue,stonewall,win,1,rogue-starter,39,192,7,3,15,14,110,107,7,0,
48,3576917321,bruiser-starter,syndicate-starter,bruiser,syndicate,win,1,bruiser-starter,19,85,5,1,11,5,78,42,7,0,
49,3576917321,syndicate-starter,bruiser-starter,syndicate,bruiser,win,2,bruiser-starter,26,121,2,6,7,16,64,100,0,7,
50,1936385794,bruiser-starter,nightwalker-starter,bruiser,nightwalker,win,1,bruiser-starter,23,105,5,1,13,8,68,56,7,0,
51,1936385794,nightwalker-starter,bruiser-starter,nightwalker,bruiser,win,2,bruiser-starter,24,107,1,5,8,13,63,71,0,7,
52,295854267,bruiser-starter,rogue-starter,bruiser,rogue,win,1,bruiser-starter,23,101,6,2,10,6,82,52,7,0,
53,295854267,rogue-starter,bruiser-starter,rogue,bruiser,win,2,bruiser-starter,20,92,2,6,5,10,46,70,0,7,
54,2950290036,syndicate-starter,nightwalker-starter,syndicate,nightwalker,win,1,syndicate-starter,63,263,10,6,29,29,136,192,7,0,
55,2950290036,nightwalker-starter,syndicate-starter,nightwalker,syndicate,win,2,syndicate-starter,26,104,1,5,9,14,66,58,0,7,
56,1309758509,syndicate-starter,rogue-starter,syndicate,rogue,win,2,rogue-starter,26,122,3,7,9,13,65,79,0,7,
57,1309758509,rogue-starter,syndicate-starter,rogue,syndicate,win,2,syndicate-starter,52,228,7,11,18,22,137,158,0,7,
58,3964194278,nightwalker-starter,rogue-starter,nightwalker,rogue,win,1,nightwalker-starter,89,362,11,7,36,38,253,179,7,0,
59,3964194278,rogue-starter,nightwalker-starter,rogue,nightwalker,win,1,rogue-starter,99,392,13,9,42,35,184,259,7,0,
60,2323662751,stonewall-starter,bruiser-starter,stonewall,bruiser,win,2,bruiser-starter,12,54,1,5,0,4,22,30,0,7,
61,2323662751,bruiser-starter,stonewall-starter,bruiser,stonewall,win,1,bruiser-starter,9,41,4,0,2,0,24,9,7,0,
62,683131224,stonewall-starter,syndicate-starter,stonewall,syndicate,win,1,stonewall-starter,27,132,7,3,11,7,70,76,7,0,
63,683131224,syndicate-starter,stonewall-starter,syndicate,stonewall,win,1,syndicate-starter,25,115,6,2,10,6,77,58,7,0,
64,3337566993,stonewall-starter,nightwalker-starter,stonewall,nightwalker,win,1,stonewall-starter,39,170,6,2,19,12,83,114,7,0,
65,3337566993,nightwalker-starter,stonewall-starter,nightwalker,stonewall,win,2,stonewall-starter,32,153,2,6,12,17,111,76,0,7,
66,1697035466,stonewall-starter,rogue-starter,stonewall,rogue,win,1,stonewall-starter,25,131,6,2,11,7,70,68,7,0,
67,1697035466,rogue-starter,stonewall-starter,rogue,stonewall,win,2,stonewall-starter,22,117,2,6,2,8,58,49,0,7,
68,56503939,bruiser-starter,syndicate-starter,bruiser,syndicate,win,1,bruiser-starter,25,107,6,2,12,7,82,58,7,0,
69,56503939,syndicate-starter,bruiser-starter,syndicate,bruiser,win,2,bruiser-starter,14,61,1,5,2,5,21,28,0,7,
70,2710939708,bruiser-starter,nightwalker-starter,bruiser,nightwalker,win,1,bruiser-starter,19,84,5,1,11,6,53,49,7,0,
71,2710939708,nightwalker-starter,bruiser-starter,nightwalker,bruiser,win,2,bruiser-starter,24,110,1,5,9,14,69,69,0,7,
72,1070408181,bruiser-starter,rogue-starter,bruiser,rogue,win,1,bruiser-starter,15,66,4,0,7,4,52,38,7,0,
73,1070408181,rogue-starter,bruiser-starter,rogue,bruiser,win,2,bruiser-starter,16,77,1,5,2,9,32,60,0,7,
74,3724843950,syndicate-starter,nightwalker-starter,syndicate,nightwalker,win,1,syndicate-starter,13,58,4,0,7,2,26,28,7,0,
75,3724843950,nightwalker-starter,syndicate-starter,nightwalker,syndicate,win,2,syndicate-starter,48,203,4,8,19,25,136,116,0,7,
76,2084312423,syndicate-starter,rogue-starter,syndicate,rogue,win,1,syndicate-starter,19,82,5,1,7,6,40,43,7,0,
77,2084312423,rogue-starter,syndicate-starter,rogue,syndicate,win,2,syndicate-starter,44,199,6,10,13,18,108,137,0,7,
78,443780896,nightwalker-starter,rogue-starter,nightwalker,rogue,win,2,rogue-starter,18,81,1,5,3,8,36,33,0,7,
79,443780896,rogue-starter,nightwalker-starter,rogue,nightwalker,win,2,nightwalker-starter,24,103,1,5,9,10,46,61,0,7,
80,3098216665,stonewall-starter,bruiser-starter,stonewall,bruiser,win,2,bruiser-starter,10,46,0,4,1,1,16,22,0,7,
81,3098216665,bruiser-starter,stonewall-starter,bruiser,stonewall,win,1,bruiser-starter,31,136,7,3,14,8,110,68,7,0,
82,1457685138,stonewall-starter,syndicate-starter,stonewall,syndicate,win,2,syndicate-starter,52,253,6,10,20,22,144,170,0,7,
83,1457685138,syndicate-starter,stonewall-starter,syndicate,stonewall,win,1,syndicate-starter,43,214,8,4,17,18,134,123,7,0,
84,4112120907,stonewall-starter,nightwalker-starter,stonewall,nightwalker,win,1,stonewall-starter,19,91,5,1,10,5,44,52,7,0,
85,4112120907,nightwalker-starter,stonewall-starter,nightwalker,stonewall,win,1,nightwalker-starter,31,130,6,2,12,10,90,61,7,0,
86,2471589380,stonewall-starter,rogue-starter,stonewall,rogue,win,2,rogue-starter,12,56,1,5,1,4,22,27,0,7,
87,2471589380,rogue-starter,stonewall-starter,rogue,stonewall,win,1,rogue-starter,49,250,11,7,17,14,131,144,7,0,
88,831057853,bruiser-starter,syndicate-starter,bruiser,syndicate,win,1,bruiser-starter,19,85,5,1,11,5,74,44,7,0,
89,831057853,syndicate-starter,bruiser-starter,syndicate,bruiser,win,2,bruiser-starter,16,68,1,5,2,9,38,59,0,7,
90,3485493622,bruiser-starter,nightwalker-starter,bruiser,nightwalker,win,1,bruiser-starter,13,64,4,0,7,3,34,32,7,0,
91,3485493622,nightwalker-starter,bruiser-starter,nightwalker,bruiser,win,2,bruiser-starter,20,86,1,5,4,12,39,61,0,7,
92,1844962095,bruiser-starter,rogue-starter,bruiser,rogue,win,1,bruiser-starter,17,69,5,1,9,3,57,33,7,0,
93,1844962095,rogue-starter,bruiser-starter,rogue,bruiser,win,2,bruiser-starter,16,76,2,6,3,9,41,67,0,7,
94,204430568,syndicate-starter,nightwalker-starter,syndicate,nightwalker,win,1,syndicate-starter,33,146,6,2,17,13,86,98,7,0,
95,204430568,nightwalker-starter,syndicate-starter,nightwalker,syndicate,win,2,syndicate-starter,48,208,4,8,19,25,141,123,0,7,
96,2858866337,syndicate-starter,rogue-starter,syndicate,rogue,win,1,syndicate-starter,63,271,11,7,26,21,177,146,7,0,
97,2858866337,rogue-starter,syndicate-starter,rogue,syndicate,win,2,syndicate-starter,22,90,1,5,6,11,54,67,0,7,
98,1218334810,nightwalker-starter,rogue-starter,nightwalker,rogue,win,2,rogue-starter,26,114,1,5,6,13,62,55,0,7,
99,1218334810,rogue-starter,nightwalker-starter,rogue,nightwalker,win,2,nightwalker-starter,24,102,1,5,7,10,40,67,0,7,
100,3872770579,stonewall-starter,bruiser-starter,stonewall,bruiser,win,2,bruiser-starter,14,67,1,5,1,6,29,46,0,7,
101,3872770579,bruiser-starter,stonewall-starter,bruiser,stonewall,win,1,bruiser-starter,23,112,6,2,8,6,71,55,7,0,
102,2232239052,stonewall-starter,syndicate-starter,stonewall,syndicate,win,1,stonewall-starter,17,85,5,1,6,3,44,41,7,0,
103,2232239052,syndicate-starter,stonewall-starter,syndicate,stonewall,win,1,syndicate-starter,27,131,7,3,10,9,82,65,7,0,
104,591707525,stonewall-starter,nightwalker-starter,stonewall,nightwalker,win,1,stonewall-starter,17,82,5,1,7,5,30,48,7,0,
105,591707525,nightwalker-starter,stonewall-starter,nightwalker,stonewall,win,2,stonewall-starter,30,123,2,6,7,15,65,63,0,7,
106,3246143294,stonewall-starter,rogue-starter,stonewall,rogue,win,1,stonewall-starter,35,169,7,3,17,11,114,100,7,0,
107,3246143294,rogue-starter,stonewall-starter,rogue,stonewall,win,2,stonewall-starter,34,156,4,8,8,15,76,104,0,7,
108,1605611767,bruiser-starter,syndicate-starter,bruiser,syndicate,win,1,bruiser-starter,17,75,5,1,9,5,68,45,7,0,
109,1605611767,syndicate-starter,bruiser-starter,syndicate,bruiser,win,2,bruiser-starter,14,66,1,5,3,6,34,46,0,7,
110,4260047536,bruiser-starter,nightwalker-starter,bruiser,nightwalker,win,1,bruiser-starter,19,78,5,1,10,5,50,48,7,0,
111,4260047536,nightwalker-starter,bruiser-starter,nightwalker,bruiser,win,2,bruiser-starter,24,108,1,5,7,13,55,74,0,7,
112,2619516009,bruiser-starter,rogue-starter,bruiser,rogue,win,1,bruiser-starter,19,86,6,2,11,6,79,50,7,0,
113,2619516009,rogue-starter,bruiser-starter,rogue,bruiser,win,2,bruiser-starter,16,78,2,6,3,10,36,63,0,7,
114,978984482,syndicate-starter,nightwalker-starter,syndicate,nightwalker,win,1,syndicate-starter,25,110,5,1,13,9,63,65,7,0,
115,978984482,nightwalker-starter,syndicate-starter,nightwalker,syndicate,win,1,nightwalker-starter,31,134,6,2,16,13,95,71,7,0,
116,3633420251,syndicate-starter,rogue-starter,syndicate,rogue,win,1,syndicate-starter,29,143,7,3,13,10,86,75,7,0,
117,3633420251,rogue-starter,syndicate-starter,rogue,syndicate,win,2,syndicate-starter,30,131,3,7,11,12,87,80,0,7,
118,1992888724,nightwalker-starter,rogue-starter,nightwalker,rogue,win,2,rogue-starter,68,279,5,9,25,32,185,149,0,7,
119,1992888724,rogue-starter,nightwalker-starter,rogue,nightwalker,win,2,nightwalker-starter,56,240,6,10,23,25,108,166,0,7,
120,352357197,stonewall-starter,bruiser-starter,stonewall,bruiser,win,2,bruiser-starter,30,148,4,8,8,14,76,116,0,7,
121,352357197,bruiser-starter,stonewall-starter,bruiser,stonewall,win,1,bruiser-starter,15,73,5,1,7,2,58,33,7,0,
122,3006792966,stonewall-starter,syndicate-starter,stonewall,syndicate,win,1,stonewall-starter,15,73,5,1,7,0,49,35,7,0,
123,3006792966,syndicate-starter,stonewall-starter,syndicate,stonewall,win,2,stonewall-starter,18,91,1,5,6,10,57,53,0,7,
124,1366261439,stonewall-starter,nightwalker-starter,stonewall,nightwalker,win,1,stonewall-starter,17,69,5,1,8,4,37,48,7,0,
125,1366261439,nightwalker-starter,stonewall-starter,nightwalker,stonewall,win,2,stonewall-starter,82,346,8,12,25,36,212,166,0,7,
126,4020697208,stonewall-starter,rogue-starter,stonewall,rogue,win,2,rogue-starter,16,79,1,5,2,4,41,36,0,7,
127,4020697208,rogue-starter,stonewall-starter,rogue,stonewall,win,2,stonewall-starter,16,76,0,4,4,6,30,47,0,7,
128,2380165681,bruiser-starter,syndicate-starter,bruiser,syndicate,win,1,bruiser-starter,19,81,4,0,10,4,63,39,7,0,
129,2380165681,syndicate-starter,bruiser-starter,syndicate,bruiser,win,2,bruiser-starter,36,152,3,7,12,18,88,126,0,7,
130,739634154,bruiser-starter,nightwalker-starter,bruiser,nightwalker,win,1,bruiser-starter,15,65,4,0,9,3,47,35,7,0,
131,739634154,nightwalker-starter,bruiser-starter,nightwalker,bruiser,win,2,bruiser-starter,22,96,1,5,6,13,52,73,0,7,
132,3394069923,bruiser-starter,rogue-starter,bruiser,rogue,win,1,bruiser-starter,17,78,5,1,9,5,60,39,7,0,
133,3394069923,rogue-starter,bruiser-starter,rogue,bruiser,win,2,bruiser-starter,16,65,1,5,3,8,31,47,0,7,
134,1753538396,syndicate-starter,nightwalker-starter,syndicate,nightwalker,win,2,nightwalker-starter,28,112,1,5,9,13,44,68,0,7,
135,1753538396,nightwalker-starter,syndicate-starter,nightwalker,syndicate,win,2,syndicate-starter,56,234,4,8,23,27,150,120,0,7,
136,113006869,syndicate-starter,rogue-starter,syndicate,rogue,win,2,rogue-starter,16,79,1,5,2,10,48,55,0,7,
137,113006869,rogue-starter,syndicate-starter,rogue,syndicate,win,2,syndicate-starter,20,99,1,5,7,11,54,65,0,7,
138,2767442638,nightwalker-starter,rogue-starter,nightwalker,rogue,win,1,nightwalker-starter,43,187,8,4,18,15,120,77,7,0,
139,2767442638,rogue-starter,nightwalker-starter,rogue,nightwalker,win,1,rogue-starter,19,90,5,1,10,2,38,31,7,0,
140,1126911111,stonewall-starter,bruiser-starter,stonewall,bruiser,win,2,bruiser-starter,38,160,6,10,9,16,75,122,0,7,
141,1126911111,bruiser-starter,stonewall-starter,bruiser,stonewall,win,1,bruiser-starter,9,38,4,0,2,1,14,10,7,0,
142,3781346880,stonewall-starter,syndicate-starter,stonewall,syndicate,win,1,stonewall-starter,35,166,8,4,16,10,104,113,7,0,
143,3781346880,syndicate-starter,stonewall-starter,syndicate,stonewall,win,1,syndicate-starter,23,106,5,1,8,7,69,57,7,0,
144,2140815353,stonewall-starter,nightwalker-starter,stonewall,nightwalker,win,1,stonewall-starter,25,112,6,2,15,7,66,68,7,0,
145,2140815353,nightwalker-starter,stonewall-starter,nightwalker,stonewall,win,2,stonewall-starter,18,87,1,5,3,11,48,49,0,7,
146,500283826,stonewall-starter,rogue-starter,stonewall,rogue,win,1,stonewall-starter,23,116,6,2,8,4,53,53,7,0,
147,500283826,rogue-starter,stonewall-starter,rogue,stonewall,win,2,stonewall-starter,48,242,6,10,12,18,126,149,0,7,
148,3154719595,bruiser-starter,syndicate-starter,bruiser,syndicate,win,1,bruiser-starter,19,84,5,1,10,5,75,46,7,0,
149,3154719595,syndicate-starter,bruiser-starter,syndicate,bruiser,win,2,bruiser-starter,14,63,1,5,2,6,29,43,0,7,
150,1514188068,bruiser-starter,nightwalker-starter,bruiser,nightwalker,win,1,bruiser-starter,15,62,4,0,8,6,42,37,7,0,
151,1514188068,nightwalker-starter,bruiser-starter,nightwalker,bruiser,win,2,bruiser-starter,28,120,2,6,8,17,73,95,0,7,
152,4168623837,bruiser-starter,rogue-starter,bruiser,rogue,win,1,bruiser-starter,21,98,6,2,11,5,86,49,7,0,
153,4168623837,rogue-starter,bruiser-starter,rogue,bruiser,win,2,bruiser-starter,14,68,1,5,2,8,32,51,0,7,
154,2528092310,syndicate-starter,nightwalker-starter,syndicate,nightwalker,win,1,syndicate-starter,35,151,7,3,18,12,82,97,7,0,
155,2528092310,nightwalker-starter,syndicate-starter,nightwalker,syndicate,win,2,syndicate-starter,56,237,4,8,24,27,156,130,0,7,
156,887560783,syndicate-starter,rogue-starter,syndicate,rogue,win,1,syndicate-starter,35,160,7,3,16,12,111,93,7,0,
157,887560783,rogue-starter,syndicate-starter,rogue,syndicate,win,2,syndicate-starter,48,216,6,10,15,20,112,150,0,7,
158,3541996552,nightwalker-starter,rogue-starter,nightwalker,rogue,win,2,rogue-starter,18,87,1,5,3,8,50,29,0,7,
159,3541996552,rogue-starter,nightwalker-starter,rogue,nightwalker,win,1,rogue-starter,17,84,5,1,10,5,45,46,7,0,
160,1901465025,stonewall-starter,bruiser-starter,stonewall,bruiser,win,2,bruiser-starter,28,133,3,7,7,13,69,114,0,7,
161,1901465025,bruiser-starter,stonewall-starter,bruiser,stonewall,win,1,bruiser-starter,29,139,8,4,9,5,89,64,7,0,
162,260933498,stonewall-starter,syndicate-starter,stonewall,syndicate,win,2,syndicate-starter,38,169,3,7,15,15,100,109,0,7,
163,260933498,syndicate-starter,stonewall-starter,syndicate,stonewall,win,2,stonewall-starter,16,76,1,5,2,5,41,35,0,7,
164,2915369267,stonewall-starter,nightwalker-starter,stonewall,nightwalker,win,1,stonewall-starter,13,61,5,1,5,2,24,34,7,0,
165,2915369267,nightwalker-starter,stonewall-starter,nightwalker,stonewall,win,1,nightwalker-starter,35,154,6,2,14,13,115,72,7,0,
166,1274837740,stonewall-starter,rogue-starter,stonewall,rogue,win,1,stonewall-starter,41,203,9,5,16,11,109,111,7,0,
167,1274837740,rogue-starter,stonewall-starter,rogue,stonewall,win,2,stonewall-starter,28,134,3,7,7,12,57,78,0,7,
168,3929273509,bruiser-starter,syndicate-starter,bruiser,syndicate,win,1,bruiser-starter,31,144,8,4,17,11,116,81,7,0,
169,3929273509,syndicate-starter,bruiser-starter,syndicate,bruiser,win,2,bruiser-starter,12,54,1,5,1,6,21,36,0,7,
170,2288741982,bruiser-starter,nightwalker-starter,bruiser,nightwalker,win,1,bruiser-starter,23,94,5,1,11,7,53,53,7,0,
171,2288741982,nightwalker-starter,bruiser-starter,nightwalker,bruiser,win,2,bruiser-starter,18,76,1,5,4,11,38,56,0,7,
172,648210455,bruiser-starter,rogue-starter,bruiser,rogue,win,1,bruiser-starter,17,81,5,1,9,2,72,35,7,0,
173,648210455,rogue-starter,bruiser-starter,rogue,bruiser,win,2,bruiser-starter,22,97,1,5,7,11,54,76,0,7,
174,3302646224,syndicate-starter,nightwalker-starter,syndicate,nightwalker,win,1,syndicate-starter,51,208,8,4,23,19,105,132,7,0,
175,3302646224,nightwalker-starter,syndicate-starter,nightwalker,syndicate,win,2,syndicate-starter,32,146,2,6,13,17,93,79,0,7,
176,1662114697,syndicate-starter,rogue-starter,syndicate,rogue,win,2,rogue-starter,16,80,1,5,3,9,43,57,0,7,
177,1662114697,rogue-starter,syndicate-starter,rogue,syndicate,win,2,syndicate-starter,18,90,1,5,6,7,47,50,0,7,
178,21583170,nightwalker-starter,rogue-starter,nightwalker,rogue,win,2,rogue-starter,14,71,1,5,3,7,34,32,0,7,
179,21583170,rogue-starter,nightwalker-starter,rogue,nightwalker,win,2,nightwalker-starter,42,177,3,7,16,17,71,110,0,7,
180,2676018939,stonewall-starter,bruiser-starter,stonewall,bruiser,win,2,bruiser-starter,28,120,3,7,8,11,60,89,0,7,
181,2676018939,bruiser-starter,stonewall-starter,bruiser,stonewall,win,1,bruiser-starter,17,75,4,0,8,3,54,27,7,0,
182,1035487412,stonewall-starter,syndicate-starter,stonewall,syndicate,win,1,stonewall-starter,11,52,4,0,5,1,31,26,7,0,
183,1035487412,syndicate-starter,stonewall-starter,syndicate,stonewall,win,2,stonewall-starter,14,67,1,5,1,6,30,37,0,7,
184,3689923181,stonewall-starter,nightwalker-starter,stonewall,nightwalker,win,1,stonewall-starter,19,81,5,1,10,5,42,58,7,0,
185,3689923181,nightwalker-starter,stonewall-starter,nightwalker,stonewall,win,1,nightwalker-starter,17,85,5,1,8,4,56,29,7,0,
186,2049391654,stonewall-starter,rogue-starter,stonewall,rogue,win,1,stonewall-starter,33,150,6,2,13,10,86,89,7,0,
187,2049391654,rogue-starter,stonewall-starter,rogue,stonewall,win,2,stonewall-starter,28,134,2,6,6,11,57,84,0,7,
188,408860127,bruiser-starter,syndicate-starter,bruiser,syndicate,win,1,bruiser-starter,19,86,5,1,10,5,73,51,7,0,
189,408860127,syndicate-starter,bruiser-starter,syndicate,bruiser,win,2,bruiser-starter,24,107,2,6,8,13,61,78,0,7,
190,3063295896,bruiser-starter,nightwalker-starter,bruiser,nightwalker,win,1,bruiser-starter,21,90,5,1,11,6,57,52,7,0,
191,3063295896,nightwalker-starter,bruiser-starter,nightwalker,bruiser,win,2,bruiser-starter,24,103,1,5,6,13,54,68,0,7,
192,1422764369,bruiser-starter,rogue-starter,bruiser,rogue,win,1,bruiser-starter,19,90,5,1,11,6,73,46,7,0,
193,1422764369,rogue-starter,bruiser-starter,rogue,bruiser,win,2,bruiser-starter,14,67,1,5,2,6,26,43,0,7,
194,4077200138,syndicate-starter,nightwalker-starter,syndicate,nightwalker,win,1,syndicate-starter,51,217,9,5,25,19,118,138,7,0,
195,4077200138,nightwalker-starter,syndicate-starter,nightwalker,syndicate,win,2,syndicate-starter,20,92,1,5,8,13,60,69,0,7,
196,2436668611,syndicate-starter,rogue-starter,syndicate,rogue,win,2,rogue-starter,22,107,2,6,6,12,66,74,0,7,
197,2436668611,rogue-starter,syndicate-starter,rogue,syndicate,win,1,rogue-starter,15,75,5,1,6,2,37,34,7,0,
198,796137084,nightwalker-starter,rogue-starter,nightwalker,rogue,win,2,rogue-starter,24,103,1,5,7,10,60,44,0,7,
199,796137084,rogue-starter,nightwalker-starter,rogue,nightwalker,win,2,nightwalker-starter,46,175,3,7,18,19,83,126,0,7,
200,3450572853,stonewall-starter,bruiser-starter,stonewall,bruiser,win,2,bruiser-starter,10,45,0,4,1,3,12,29,0,7,
201,3450572853,bruiser-starter,stonewall-starter,bruiser,stonewall,win,1,bruiser-starter,27,130,7,3,12,9,94,67,7,0,
202,1810041326,stonewall-starter,syndicate-starter,stonewall,syndicate,win,1,stonewall-starter,21,105,6,2,8,4,52,59,7,0,
203,1810041326,syndicate-starter,stonewall-starter,syndicate,stonewall,win,2,stonewall-starter,16,77,1,5,2,8,42,56,0,7,
204,169509799,stonewall-starter,nightwalker-starter,stonewall,nightwalker,win,1,stonewall-starter,15,74,5,1,8,3,36,36,7,0,
205,169509799,nightwalker-starter,stonewall-starter,nightwalker,stonewall,win,2,stonewall-starter,62,266,5,9,23,29,198,128,0,7,
206,2823945568,stonewall-starter,rogue-starter,stonewall,rogue,win,1,stonewall-starter,39,193,9,5,15,11,109,95,7,0,
207,2823945568,rogue-starter,stonewall-starter,rogue,stonewall,win,2,stonewall-starter,34,172,4,8,7,14,84,105,0,7,
208,1183414041,bruiser-starter,syndicate-starter,bruiser,syndicate,win,1,bruiser-starter,11,50,4,0,4,3,30,25,7,0,
209,1183414041,syndicate-starter,bruiser-starter,syndicate,bruiser,win,2,bruiser-starter,18,77,1,5,4,10,41,66,0,7,
210,3837849810,bruiser-starter,nightwalker-starter,bruiser,nightwalker,win,1,bruiser-starter,13,62,4,0,8,2,41,29,7,0,
211,3837849810,nightwalker-starter,bruiser-starter,nightwalker,bruiser,win,2,bruiser-starter,24,109,1,5,7,14,62,65,0,7,
212,2197318283,bruiser-starter,rogue-starter,bruiser,rogue,win,1,bruiser-starter,19,85,5,1,9,6,74,43,7,0,
213,2197318283,rogue-starter,bruiser-starter,rogue,bruiser,win,2,bruiser-starter,14,66,1,5,1,6,28,41,0,7,
214,556786756,syndicate-starter,nightwalker-starter,syndicate,nightwalker,win,1,syndicate-starter,29,121,6,2,17,12,78,79,7,0,
215,556786756,nightwalker-starter,syndicate-starter,nightwalker,syndicate,win,2,syndicate-starter,42,183,2,6,19,20,119,97,0,7,
216,3211222525,syndicate-starter,rogue-starter,syndicate,rogue,win,1,syndicate-starter,33,145,6,2,15,10,92,76,7,0,
217,3211222525,rogue-starter,syndicate-starter,rogue,syndicate,win,2,syndicate-starter,22,97,1,5,5,9,45,63,0,7,
218,1570690998,nightwalker-starter,rogue-starter,nightwalker,rogue,win,1,nightwalker-starter,45,196,7,3,18,19,135,81,7,0,
219,1570690998,rogue-starter,nightwalker-starter,rogue,nightwalker,win,1,rogue-starter,17,81,5,1,9,4,41,46,7,0,
220,4225126767,stonewall-starter,bruiser-starter,stonewall,bruiser,win,2,bruiser-starter,16,67,0,4,3,6,27,45,0,7,
221,4225126767,bruiser-starter,stonewall-starter,bruiser,stonewall,win,1,bruiser-starter,25,109,6,2,12,6,98,49,7,0,
222,2584595240,stonewall-starter,syndicate-starter,stonewall,syndicate,win,2,syndicate-starter,58,280,9,13,18,23,144,172,0,7,
223,2584595240,syndicate-starter,stonewall-starter,syndicate,stonewall,win,1,syndicate-starter,73,350,13,9,31,30,237,205,7,0,
224,944063713,stonewall-starter,nightwalker-starter,stonewall,nightwalker,win,2,nightwalker-starter,34,147,2,6,10,13,55,107,0,7,
225,944063713,nightwalker-starter,stonewall-starter,nightwalker,stonewall,win,2,stonewall-starter,24,116,1,5,8,12,73,62,0,7,
226,3598499482,stonewall-starter,rogue-starter,stonewall,rogue,win,1,stonewall-starter,15,75,5,1,6,5,35,47,7,0,
227,3598499482,rogue-starter,stonewall-starter,rogue,stonewall,win,2,stonewall-starter,38,177,4,8,11,16,88,105,0,7,
228,1957967955,bruiser-starter,syndicate-starter,bruiser,syndicate,win,1,bruiser-starter,43,187,9,5,19,15,142,106,7,0,
229,1957967955,syndicate-starter,bruiser-starter,syndicate,bruiser,win,2,bruiser-starter,12,55,1,5,1,5,25,45,0,7,
230,317436428,bruiser-starter,nightwalker-starter,bruiser,nightwalker,win,1,bruiser-starter,17,79,4,0,11,5,56,40,7,0,
231,317436428,nightwalker-starter,bruiser-starter,nightwalker,bruiser,win,2,bruiser-starter,30,138,2,6,11,16,83,81,0,7,
232,2971872197,bruiser-starter,rogue-starter,bruiser,rogue,win,1,bruiser-starter,17,80,5,1,9,5,70,38,7,0,
233,2971872197,rogue-starter,bruiser-starter,rogue,bruiser,win,2,bruiser-starter,12,57,1,5,2,5,25,38,0,7,
234,1331340670,syndicate-starter,nightwalker-starter,syndicate,nightwalker,win,1,syndicate-starter,29,135,6,2,15,11,68,81,7,0,
235,1331340670,nightwalker-starter,syndicate-starter,nightwalker,syndicate,win,2,syndicate-starter,48,202,4,8,19,22,138,106,0,7,
236,3985776439,syndicate-starter,rogue-starter,syndicate,rogue,win,1,syndicate-starter,17,81,4,0,9,5,52,43,7,0,
237,3985776439,rogue-starter,syndicate-starter,rogue,syndicate,win,2,syndicate-starter,44,189,5,9,15,19,116,123,0,7,
238,2345244912,nightwalker-starter,rogue-starter,nightwalker,rogue,win,2,rogue-starter,16,78,1,5,5,9,49,42,0,7,
239,2345244912,rogue-starter,nightwalker-starter,rogue,nightwalker,win,2,nightwalker-starter,36,161,3,7,14,16,66,107,0,7,
240,704713385,stonewall-starter,bruiser-starter,stonewall,bruiser,win,2,bruiser-starter,12,58,1,5,1,5,23,46,0,7,
241,704713385,bruiser-starter,stonewall-starter,bruiser,stonewall,win,1,bruiser-starter,19,88,5,1,9,5,75,45,7,0,
242,3359149154,stonewall-starter,syndicate-starter,stonewall,syndicate,win,2,syndicate-starter,22,105,2,6,5,8,50,66,0,7,
243,3359149154,syndicate-starter,stonewall-starter,syndicate,stonewall,win,1,syndicate-starter,53,247,11,7,22,18,169,131,7,0,
244,1718617627,stonewall-starter,nightwalker-starter,stonewall,nightwalker,win,1,stonewall-starter,29,124,6,2,15,10,72,78,7,0,
245,1718617627,nightwalker-starter,stonewall-starter,nightwalker,stonewall,win,1,nightwalker-starter,43,179,8,4,18,16,132,84,7,0,
246,78086100,stonewall-starter,rogue-starter,stonewall,rogue,win,1,stonewall-starter,35,174,8,4,16,12,107,93,7,0,
247,78086100,rogue-starter,stonewall-starter,rogue,stonewall,win,2,stonewall-starter,14,65,1,5,2,6,29,39,0,7,
248,2732521869,bruiser-starter,syndicate-starter,bruiser,syndicate,win,1,bruiser-starter,13,58,4,0,7,2,42,26,7,0,
249,2732521869,syndicate-starter,bruiser-starter,syndicate,bruiser,win,2,bruiser-starter,22,94,1,5,4,12,38,65,0,7,
250,1091990342,bruiser-starter,nightwalker-starter,bruiser,nightwalker,win,1,bruiser-starter,23,101,5,1,12,8,60,60,7,0,
251,1091990342,nightwalker-starter,bruiser-starter,nightwalker,bruiser,win,2,bruiser-starter,16,80,1,5,4,11,47,56,0,7,
252,3746426111,bruiser-starter,rogue-starter,bruiser,rogue,win,1,bruiser-starter,15,67,5,1,9,2,68,31,7,0,
253,3746426111,rogue-starter,bruiser-starter,rogue,bruiser,win,2,bruiser-starter,20,82,1,5,5,9,40,68,0,7,
254,2105894584,syndicate-starter,nightwalker-starter,syndicate,nightwalker,win,1,syndicate-starter,41,178,7,3,18,14,80,104,7,0,
255,2105894584,nightwalker-starter,syndicate-starter,nightwalker,syndicate,win,2,syndicate-starter,32,131,1,5,14,17,88,73,0,7,
256,465363057,syndicate-starter,rogue-starter,syndicate,rogue,win,1,syndicate-starter,35,149,7,3,15,11,96,83,7,0,
257,465363057,rogue-starter,syndicate-starter,rogue,syndicate,win,2,syndicate-starter,40,178,5,9,13,16,98,118,0,7,
258,3119798826,nightwalker-starter,rogue-starter,nightwalker,rogue,win,2,rogue-starter,64,263,4,8,25,30,170,131,0,7,
259,3119798826,rogue-starter,nightwalker-starter,rogue,nightwalker,win,2,nightwalker-starter,36,155,2,6,17,16,76,107,0,7,
260,1479267299,stonewall-starter,bruiser-starter,stonewall,bruiser,win,2,bruiser-starter,32,153,4,8,10,12,82,103,0,7,
261,1479267299,bruiser-starter,stonewall-starter,bruiser,stonewall,win,1,bruiser-starter,21,104,5,1,10,7,79,50,7,0,
262,4133703068,stonewall-starter,syndicate-starter,stonewall,syndicate,win,1,stonewall-starter,25,117,7,3,12,5,75,69,7,0,
263,4133703068,syndicate-starter,stonewall-starter,syndicate,stonewall,win,1,syndicate-starter,29,140,6,2,12,11,95,72,7,0,
264,2493171541,stonewall-starter,nightwalker-starter,stonewall,nightwalker,win,1,stonewall-starter,17,73,5,1,10,4,42,49,7,0,
265,2493171541,nightwalker-starter,stonewall-starter,nightwalker,stonewall,win,2,stonewall-starter,38,167,3,7,12,19,108,80,0,7,
266,852640014,stonewall-starter,rogue-starter,stonewall,rogue,win,1,stonewall-starter,31,145,7,3,14,8,81,73,7,0,
267,852640014,rogue-starter,stonewall-starter,rogue,stonewall,win,2,stonewall-starter,36,173,4,8,9,14,89,106,0,7,
268,3507075783,bruiser-starter,syndicate-starter,bruiser,syndicate,win,1,bruiser-starter,15,67,5,1,10,3,64,41,7,0,
269,3507075783,syndicate-starter,bruiser-starter,syndicate,bruiser,win,2,bruiser-starter,32,124,3,7,8,16,67,103,0,7,
270,1866544256,bruiser-starter,nightwalker-starter,bruiser,nightwalker,win,1,bruiser-starter,19,75,5,1,10,4,45,35,7,0,
271,1866544256,nightwalker-starter,bruiser-starter,nightwalker,bruiser,win,2,bruiser-starter,18,90,1,5,5,12,44,60,0,7,
272,226012729,bruiser-starter,rogue-starter,bruiser,rogue,win,1,bruiser-starter,17,80,5,1,9,4,53,45,7,0,
273,226012729,rogue-starter,bruiser-starter,rogue,bruiser,win,2,bruiser-starter,14,65,1,5,3,6,27,41,0,7,
274,2880448498,syndicate-starter,nightwalker-starter,syndicate,nightwalker,win,1,syndicate-starter,25,113,5,1,12,12,55,76,7,0,
275,2880448498,nightwalker-starter,syndicate-starter,nightwalker,syndicate,win,2,syndicate-starter,16,76,1,5,4,8,48,44,0,7,
276,1239916971,syndicate-starter,rogue-starter,syndicate,rogue,win,2,rogue-starter,14,68,1,5,4,6,36,40,0,7,
277,1239916971,rogue-starter,syndicate-starter,rogue,syndicate,win,2,syndicate-starter,24,113,2,6,6,12,56,78,0,7,
278,3894352740,nightwalker-starter,rogue-starter,nightwalker,rogue,win,1,nightwalker-starter,51,213,8,4,21,21,147,94,7,0,
279,3894352740,rogue-starter,nightwalker-starter,rogue,nightwalker,win,2,nightwalker-starter,38,168,3,7,15,16,73,116,0,7,
280,2253821213,stonewall-starter,bruiser-starter,stonewall,bruiser,win,2,bruiser-starter,16,75,1,5,2,5,30,41,0,7,
281,2253821213,bruiser-starter,stonewall-starter,bruiser,stonewall,win,1,bruiser-starter,17,79,5,1,4,3,42,32,7,0,
282,613289686,stonewall-starter,syndicate-starter,stonewall,syndicate,win,1,stonewall-starter,15,66,5,1,8,2,48,37,7,0,
283,613289686,syndicate-starter,stonewall-starter,syndicate,stonewall,win,1,syndicate-starter,89,436,17,13,34,38,272,262,7,0,
284,3267725455,stonewall-starter,nightwalker-starter,stonewall,nightwalker,win,1,stonewall-starter,39,168,6,2,20,13,88,105,7,0,
285,3267725455,nightwalker-starter,stonewall-starter,nightwalker,stonewall,win,2,stonewall-starter,26,125,1,5,12,13,94,68,0,7,
286,1627193928,stonewall-starter,rogue-starter,stonewall,rogue,win,1,stonewall-starter,21,96,5,1,9,5,56,55,7,0,
287,1627193928,rogue-starter,stonewall-starter,rogue,stonewall,win,2,stonewall-starter,30,137,2,6,8,14,68,87,0,7,
288,4281629697,bruiser-starter,syndicate-starter,bruiser,syndicate,win,1,bruiser-starter,15,71,5,1,8,3,54,29,7,0,
289,4281629697,syndicate-starter,bruiser-starter,syndicate,bruiser,win,1,syndicate-starter,21,98,6,2,8,8,54,65,7,0,
290,2641098170,bruiser-starter,nightwalker-starter,bruiser,nightwalker,win,1,bruiser-starter,17,83,4,0,13,6,67,52,7,0,
291,2641098170,nightwalker-starter,bruiser-starter,nightwalker,bruiser,win,2,bruiser-starter,22,96,1,5,6,13,53,65,0,7,
292,1000566643,bruiser-starter,rogue-starter,bruiser,rogue,win,1,bruiser-starter,15,73,5,1,9,3,64,41,7,0,
293,1000566643,rogue-starter,bruiser-starter,rogue,bruiser,win,2,bruiser-starter,16,79,1,5,4,9,38,59,0,7,
294,3655002412,syndicate-starter,nightwalker-starter,syndicate,nightwalker,win,1,syndicate-starter,61,251,8,4,29,27,138,174,7,0,
295,3655002412,nightwalker-starter,syndicate-starter,nightwalker,syndicate,win,2,syndicate-starter,32,143,2,6,13,17,95,80,0,7,
296,2014470885,syndicate-starter,rogue-starter,syndicate,rogue,win,1,syndicate-starter,17,70,4,0,9,3,56,32,7,0,
297,2014470885,rogue-starter,syndicate-starter,rogue,syndicate,win,1,rogue-starter,11,50,4,0,5,0,28,19,7,0,
298,373939358,nightwalker-starter,rogue-starter,nightwalker,rogue,win,1,nightwalker-starter,27,112,5,1,13,9,87,50,7,0,
299,373939358,rogue-starter,nightwalker-starter,rogue,nightwalker,win,2,nightwalker-starter,62,241,4,8,26,24,118,155,0,7,
300,3028375127,stonewall-starter,bruiser-starter,stonewall,bruiser,win,2,bruiser-starter,12,59,1,5,1,4,26,43,0,7,
301,3028375127,bruiser-starter,stonewall-starter,bruiser,stonewall,win,1,bruiser-starter,21,105,6,2,11,6,96,56,7,0,
302,1387843600,stonewall-starter,syndicate-starter,stonewall,syndicate,win,1,stonewall-starter,17,77,4,0,7,5,40,45,7,0,
303,1387843600,syndicate-starter,stonewall-starter,syndicate,stonewall,win,1,syndicate-starter,29,136,6,2,11,10,82,67,7,0,
304,4042279369,stonewall-starter,nightwalker-starter,stonewall,nightwalker,win,1,stonewall-starter,21,97,5,1,12,5,53,51,7,0,
305,4042279369,nightwalker-starter,stonewall-starter,nightwalker,stonewall,win,2,stonewall-starter,34,148,3,7,7,18,86,76,0,7,
306,2401747842,stonewall-starter,rogue-starter,stonewall,rogue,win,2,rogue-starter,16,77,1,5,4,7,42,47,0,7,
307,2401747842,rogue-starter,stonewall-starter,rogue,stonewall,win,2,stonewall-starter,84,401,12,16,25,35,219,231,0,7,
308,761216315,bruiser-starter,syndicate-starter,bruiser,syndicate,win,1,bruiser-starter,15,75,5,1,10,4,70,43,7,0,
309,761216315,syndicate-starter,bruiser-starter,syndicate,bruiser,win,2,bruiser-starter,28,129,3,7,9,17,85,117,0,7,
310,3415652084,bruiser-starter,nightwalker-starter,bruiser,nightwalker,win,1,bruiser-starter,15,67,5,1,6,3,33,32,7,0,
311,3415652084,nightwalker-starter,bruiser-starter,nightwalker,bruiser,win,2,bruiser-starter,14,64,1,5,2,7,35,35,0,7,
312,1775120557,bruiser-starter,rogue-starter,bruiser,rogue,win,1,bruiser-starter,19,81,5,1,9,5,60,45,7,0,
313,1775120557,rogue-starter,bruiser-starter,rogue,bruiser,win,2,bruiser-starter,16,70,1,5,1,7,27,54,0,7,
314,134589030,syndicate-starter,nightwalker-starter,syndicate,nightwalker,win,1,syndicate-starter,27,123,5,1,14,11,65,79,7,0,
315,134589030,nightwalker-starter,syndicate-starter,nightwalker,syndicate,win,2,syndicate-starter,50,203,4,8,19,23,136,109,0,7,
316,2789024799,syndicate-starter,rogue-starter,syndicate,rogue,win,1,syndicate-starter,39,179,8,4,17,14,111,98,7,0,
317,2789024799,rogue-starter,syndicate-starter,rogue,syndicate,win,1,rogue-starter,19,92,6,2,8,5,50,54,7,0,
318,1148493272,nightwalker-starter,rogue-starter,nightwalker,rogue,win,1,nightwalker-starter,23,98,4,0,8,9,56,41,7,0,
319,1148493272,rogue-starter,nightwalker-starter,rogue,nightwalker,win,1,rogue-starter,33,145,6,2,15,11,68,89,7,0,
320,3802929041,stonewall-starter,bruiser-starter,stonewall,bruiser,win,2,bruiser-starter,12,57,1,5,1,3,23,39,0,7,
321,3802929041,bruiser-starter,stonewall-starter,bruiser,stonewall,win,1,bruiser-starter,17,85,6,2,7,5,60,44,7,0,
322,2162397514,stonewall-starter,syndicate-starter,stonewall,syndicate,win,2,syndicate-starter,44,205,5,9,14,19,107,152,0,7,
323,2162397514,syndicate-starter,stonewall-starter,syndicate,stonewall,win,2,stonewall-starter,12,58,1,5,1,6,31,40,0,7,
324,521865987,stonewall-starter,nightwalker-starter,stonewall,nightwalker,win,1,stonewall-starter,23,101,5,1,12,7,60,68,7,0,
325,521865987,nightwalker-starter,stonewall-starter,nightwalker,stonewall,win,2,stonewall-starter,30,136,2,6,10,16,94,80,0,7,
326,3176301756,stonewall-starter,rogue-starter,stonewall,rogue,win,1,stonewall-starter,15,71,5,1,5,1,29,34,7,0,
327,3176301756,rogue-starter,stonewall-starter,rogue,stonewall,win,1,rogue-starter,11,50,4,0,2,1,15,19,7,0,
328,1535770229,bruiser-starter,syndicate-starter,bruiser,syndicate,win,1,bruiser-starter,9,39,4,0,3,0,22,12,7,0,
329,1535770229,syndicate-starter,bruiser-starter,syndicate,bruiser,win,2,bruiser-starter,14,65,1,5,2,7,31,51,0,7,
330,4190205998,bruiser-starter,nightwalker-starter,bruiser,nightwalker,win,1,bruiser-starter,21,92,4,0,12,7,58,47,7,0,
331,4190205998,nightwalker-starter,bruiser-starter,nightwalker,bruiser,win,2,bruiser-starter,26,116,2,6,7,15,57,79,0,7,
332,2549674471,bruiser-starter,rogue-starter,bruiser,rogue,win,1,bruiser-starter,11,47,4,0,6,1,40,26,7,0,
333,2549674471,rogue-starter,bruiser-starter,rogue,bruiser,win,2,bruiser-starter,16,77,1,5,2,9,30,60,0,7,
334,909142944,syndicate-starter,nightwalker-starter,syndicate,nightwalker,win,1,syndicate-starter,15,65,5,1,6,3,30,29,7,0,
335,909142944,nightwalker-starter,syndicate-starter,nightwalker,syndicate,win,2,syndicate-starter,58,231,4,8,24,29,159,126,0,7,
336,3563578713,syndicate-starter,rogue-starter,syndicate,rogue,win,2,rogue-starter,16,78,1,5,2,7,53,49,0,7,
337,3563578713,rogue-starter,syndicate-starter,rogue,syndicate,win,2,syndicate-starter,58,266,7,11,21,24,145,170,0,7,
338,1923047186,nightwalker-starter,rogue-starter,nightwalker,rogue,win,1,nightwalker-starter,65,271,9,5,25,26,180,119,7,0,
339,1923047186,rogue-starter,nightwalker-starter,rogue,nightwalker,win,1,rogue-starter,19,88,4,0,10,7,42,54,7,0,
340,282515659,stonewall-starter,bruiser-starter,stonewall,bruiser,win,2,bruiser-starter,32,155,4,8,10,15,82,127,0,7,
341,282515659,bruiser-starter,stonewall-starter,bruiser,stonewall,win,1,bruiser-starter,15,70,5,1,8,3,57,36,7,0,
342,2936951428,stonewall-starter,syndicate-starter,stonewall,syndicate,win,1,stonewall-starter,47,233,10,6,24,16,143,140,7,0,
343,2936951428,syndicate-starter,stonewall-starter,syndicate,stonewall,win,2,stonewall-starter,18,87,1,5,3,7,53,49,0,7,
344,1296419901,stonewall-starter,nightwalker-starter,stonewall,nightwalker,win,1,stonewall-starter,25,121,5,1,14,10,67,78,7,0,
345,1296419901,nightwalker-starter,stonewall-starter,nightwalker,stonewall,win,1,nightwalker-starter,25,111,5,1,11,10,83,52,7,0,
346,3950855670,stonewall-starter,rogue-starter,stonewall,rogue,win,1,stonewall-starter,13,63,5,1,6,1,42,23,7,0,
347,3950855670,rogue-starter,stonewall-starter,rogue,stonewall,win,1,rogue-starter,57,296,13,9,21,18,165,163,7,0,
348,2310324143,bruiser-starter,syndicate-starter,bruiser,syndicate,win,2,syndicate-starter,12,52,1,5,1,3,28,25,0,7,
349,2310324143,syndicate-starter,bruiser-starter,syndicate,bruiser,win,2,bruiser-starter,20,94,2,6,6,10,53,61,0,7,
350,669792616,bruiser-starter,nightwalker-starter,bruiser,nightwalker,win,1,bruiser-starter,19,78,4,0,11,5,57,38,7,0,
351,669792616,nightwalker-starter,bruiser-starter,nightwalker,bruiser,win,2,bruiser-starter,14,62,1,5,2,7,32,38,0,7,
352,3324228385,bruiser-starter,rogue-starter,bruiser,rogue,win,1,bruiser-starter,15,73,5,1,8,4,57,35,7,0,
353,3324228385,rogue-starter,bruiser-starter,rogue,bruiser,win,2,bruiser-starter,20,87,1,5,5,10,49,67,0,7,
354,1683696858,syndicate-starter,nightwalker-starter,syndicate,nightwalker,win,1,syndicate-starter,31,131,6,2,17,12,82,81,7,0,
355,1683696858,nightwalker-starter,syndicate-starter,nightwalker,syndicate,win,2,syndicate-starter,50,206,4,8,20,23,140,123,0,7,
356,43165331,syndicate-starter,rogue-starter,syndicate,rogue,win,1,syndicate-starter,17,85,5,1,7,3,53,41,7,0,
357,43165331,rogue-starter,syndicate-starter,rogue,syndicate,win,2,syndicate-starter,24,112,2,6,7,11,67,72,0,7,
358,2697601100,nightwalker-starter,rogue-starter,nightwalker,rogue,win,2,rogue-starter,114,451,9,13,41,47,297,224,0,7,
359,2697601100,rogue-starter,nightwalker-starter,rogue,nightwalker,win,1,rogue-starter,21,89,5,1,12,7,45,60,7,0,
360,1057069573,stonewall-starter,bruiser-starter,stonewall,bruiser,win,2,bruiser-starter,14,66,1,5,1,5,28,45,0,7,
361,1057069573,bruiser-starter,stonewall-starter,bruiser,stonewall,win,1,bruiser-starter,9,41,4,0,2,1,18,15,7,0,
362,3711505342,stonewall-starter,syndicate-starter,stonewall,syndicate,win,2,syndicate-starter,26,120,3,7,5,8,53,72,0,7,
363,3711505342,syndicate-starter,stonewall-starter,syndicate,stonewall,win,1,syndicate-starter,17,81,4,0,7,3,55,36,7,0,
364,2070973815,stonewall-starter,nightwalker-starter,stonewall,nightwalker,win,1,stonewall-starter,31,135,5,1,15,11,68,92,7,0,
365,2070973815,nightwalker-starter,stonewall-starter,nightwalker,stonewall,win,2,stonewall-starter,18,81,1,5,4,9,54,38,0,7,
366,430442288,stonewall-starter,rogue-starter,stonewall,rogue,win,1,stonewall-starter,23,117,6,2,10,5,70,61,7,0,
367,430442288,rogue-starter,stonewall-starter,rogue,stonewall,win,2,stonewall-starter,22,101,1,5,6,9,55,58,0,7,
368,3084878057,bruiser-starter,syndicate-starter,bruiser,syndicate,win,1,bruiser-starter,15,68,5,1,10,3,63,37,7,0,
369,3084878057,syndicate-starter,bruiser-starter,syndicate,bruiser,win,2,bruiser-starter,36,171,4,8,16,18,115,136,0,7,
370,1444346530,bruiser-starter,nightwalker-starter,bruiser,nightwalker,win,1,bruiser-starter,17,76,4,0,10,6,42,44,7,0,
371,1444346530,nightwalker-starter,bruiser-starter,nightwalker,bruiser,win,2,bruiser-starter,20,95,1,5,5,12,42,64,0,7,
372,4098782299,bruiser-starter,rogue-starter,bruiser,rogue,win,2,rogue-starter,14,64,1,5,2,7,38,46,0,7,
373,4098782299,rogue-starter,bruiser-starter,rogue,bruiser,win,2,bruiser-starter,30,123,3,7,8,14,60,100,0,7,
374,2458250772,syndicate-starter,nightwalker-starter,syndicate,nightwalker,win,1,syndicate-starter,31,138,6,2,16,12,82,85,7,0,
375,2458250772,nightwalker-starter,syndicate-starter,nightwalker,syndicate,win,2,syndicate-starter,34,155,2,6,13,17,95,82,0,7,
376,817719245,syndicate-starter,rogue-starter,syndicate,rogue,win,1,syndicate-starter,41,177,8,4,17,13,113,91,7,0,
377,817719245,rogue-starter,syndicate-starter,rogue,syndicate,win,1,rogue-starter,11,50,4,0,2,1,19,27,7,0,
378,3472155014,nightwalker-starter,rogue-starter,nightwalker,rogue,win,1,nightwalker-starter,69,281,9,5,27,26,178,129,7,0,
379,3472155014,rogue-starter,nightwalker-starter,rogue,nightwalker,win,2,nightwalker-starter,32,129,2,6,12,14,54,90,0,7,
380,1831623487,stonewall-starter,bruiser-starter,stonewall,bruiser,win,2,bruiser-starter,16,78,1,5,3,7,37,54,0,7,
381,1831623487,bruiser-starter,stonewall-starter,bruiser,stonewall,win,1,bruiser-starter,21,101,5,1,10,7,94,60,7,0,
382,191091960,stonewall-starter,syndicate-starter,stonewall,syndicate,win,1,stonewall-starter,11,49,4,0,4,0,27,21,7,0,
383,191091960,syndicate-starter,stonewall-starter,syndicate,stonewall,win,1,syndicate-starter,23,112,6,2,10,8,71,64,7,0,
384,2845527729,stonewall-starter,nightwalker-starter,stonewall,nightwalker,win,1,stonewall-starter,19,88,4,0,10,5,34,49,7,0,
385,2845527729,nightwalker-starter,stonewall-starter,nightwalker,stonewall,win,2,stonewall-starter,22,108,1,5,6,14,74,63,0,7,
386,1204996202,stonewall-starter,rogue-starter,stonewall,rogue,win,1,stonewall-starter,21,89,5,1,7,5,44,42,7,0,
387,1204996202,rogue-starter,stonewall-starter,rogue,stonewall,win,1,rogue-starter,23,106,5,1,6,6,54,55,7,0,
388,3859431971,bruiser-starter,syndicate-starter,bruiser,syndicate,win,1,bruiser-starter,29,124,6,2,16,9,110,71,7,0,
389,3859431971,syndicate-starter,bruiser-starter,syndicate,bruiser,win,2,bruiser-starter,18,87,1,5,6,10,46,70,0,7,
390,2218900444,bruiser-starter,nightwalker-starter,bruiser,nightwalker,win,1,bruiser-starter,17,75,4,0,10,4,51,37,7,0,
391,2218900444,nightwalker-starter,bruiser-starter,nightwalker,bruiser,win,2,bruiser-starter,26,109,2,6,7,14,60,74,0,7,
392,578368917,bruiser-starter,rogue-starter,bruiser,rogue,win,1,bruiser-starter,15,67,4,0,8,3,59,27,7,0,
393,578368917,rogue-starter,bruiser-starter,rogue,bruiser,win,2,bruiser-starter,12,56,1,5,2,4,29,27,0,7,
394,3232804686,syndicate-starter,nightwalker-starter,syndicate,nightwalker,win,1,syndicate-starter,53,208,9,5,22,18,109,127,7,0,
395,3232804686,nightwalker-starter,syndicate-starter,nightwalker,syndicate,win,2,syndicate-starter,32,140,2,6,15,17,97,81,0,7,
396,1592273159,syndicate-starter,rogue-starter,syndicate,rogue,win,2,rogue-starter,16,78,1,5,2,8,44,55,0,7,
397,1592273159,rogue-starter,syndicate-starter,rogue,syndicate,win,2,syndicate-starter,48,210,5,9,16,20,107,142,0,7,
398,4246708928,nightwalker-starter,rogue-starter,nightwalker,rogue,win,1,nightwalker-starter,53,212,7,3,21,20,142,87,7,0,
399,4246708928,rogue-starter,nightwalker-starter,rogue,nightwalker,win,1,rogue-starter,47,195,6,2,23,19,107,129,7,0,
400,2606177401,stonewall-starter,bruiser-starter,stonewall,bruiser,win,2,bruiser-starter,28,128,3,7,8,15,68,125,0,7,
401,2606177401,bruiser-starter,stonewall-starter,bruiser,stonewall,win,1,bruiser-starter,11,53,4,0,4,1,32,20,7,0,
402,965645874,stonewall-starter,syndicate-starter,stonewall,syndicate,win,1,stonewall-starter,17,84,5,1,8,5,49,49,7,0,
403,965645874,syndicate-starter,stonewall-starter,syndicate,stonewall,win,1,syndicate-starter,57,271,11,7,24,21,198,152,7,0,
404,3620081643,stonewall-starter,nightwalker-starter,stonewall,nightwalker,win,1,stonewall-starter,59,262,9,5,28,19,135,182,7,0,
405,3620081643,nightwalker-starter,stonewall-starter,nightwalker,stonewall,win,2,stonewall-starter,24,103,1,5,7,12,76,53,0,7,
406,1979550116,stonewall-starter,rogue-starter,stonewall,rogue,win,1,stonewall-starter,19,88,5,1,10,3,60,47,7,0,
407,1979550116,rogue-starter,stonewall-starter,rogue,stonewall,win,1,rogue-starter,15,73,5,1,4,2,39,36,7,0,
408,339018589,bruiser-starter,syndicate-starter,bruiser,syndicate,win,1,bruiser-starter,11,53,4,0,7,1,45,27,7,0,
409,339018589,syndicate-starter,bruiser-starter,syndicate,bruiser,win,2,bruiser-starter,12,52,1,5,0,4,22,31,0,7,
410,2993454358,bruiser-starter,nightwalker-starter,bruiser,nightwalker,win,1,bruiser-starter,17,77,5,1,11,4,59,39,7,0,
411,2993454358,nightwalker-starter,bruiser-starter,nightwalker,bruiser,win,2,bruiser-starter,24,94,1,5,6,12,54,60,0,7,
412,1352922831,bruiser-starter,rogue-starter,bruiser,rogue,win,1,bruiser-starter,17,84,5,1,9,3,69,39,7,0,
413,1352922831,rogue-starter,bruiser-starter,rogue,bruiser,win,2,bruiser-starter,12,59,1,5,0,7,26,46,0,7,
414,4007358600,syndicate-starter,nightwalker-starter,syndicate,nightwalker,win,1,syndicate-starter,17,75,4,0,10,4,47,39,7,0,
415,4007358600,nightwalker-starter,syndicate-starter,nightwalker,syndicate,win,2,syndicate-starter,28,115,2,6,11,14,70,66,0,7,
416,2366827073,syndicate-starter,rogue-starter,syndicate,rogue,win,1,syndicate-starter,21,91,5,1,10,5,69,43,7,0,
417,2366827073,rogue-starter,syndicate-starter,rogue,syndicate,win,2,syndicate-starter,36,163,4,8,13,17,96,106,0,7,
418,726295546,nightwalker-starter,rogue-starter,nightwalker,rogue,win,1,nightwalker-starter,23,91,5,1,11,7,73,32,7,0,
419,726295546,rogue-starter,nightwalker-starter,rogue,nightwalker,win,1,rogue-starter,53,225,8,4,24,19,107,143,7,0,
420,3380731315,stonewall-starter,bruiser-starter,stonewall,bruiser,win,2,bruiser-starter,16,74,1,5,3,6,34,45,0,7,
421,3380731315,bruiser-starter,stonewall-starter,bruiser,stonewall,win,1,bruiser-starter,13,63,4,0,6,3,45,28,7,0,
422,1740199788,stonewall-starter,syndicate-starter,stonewall,syndicate,win,1,stonewall-starter,33,154,9,5,11,7,68,93,7,0,
423,1740199788,syndicate-starter,stonewall-starter,syndicate,stonewall,win,1,syndicate-starter,73,339,12,8,29,29,222,196,7,0,
424,99668261,stonewall-starter,nightwalker-starter,stonewall,nightwalker,win,1,stonewall-starter,25,113,5,1,14,9,62,84,7,0,
425,99668261,nightwalker-starter,stonewall-starter,nightwalker,stonewall,win,2,stonewall-starter,32,140,2,6,12,16,108,69,0,7,
426,2754104030,stonewall-starter,rogue-starter,stonewall,rogue,win,1,stonewall-starter,21,104,6,2,9,4,62,54,7,0,
427,2754104030,rogue-starter,stonewall-starter,rogue,stonewall,win,1,rogue-starter,15,76,5,1,4,3,40,43,7,0,
428,1113572503,bruiser-starter,syndicate-starter,bruiser,syndicate,win,1,bruiser-starter,19,86,6,2,11,4,67,43,7,0,
429,1113572503,syndicate-starter,bruiser-starter,syndicate,bruiser,win,2,bruiser-starter,14,67,1,5,2,8,34,56,0,7,
430,3768008272,bruiser-starter,nightwalker-starter,bruiser,nightwalker,win,1,bruiser-starter,17,82,4,0,10,4,48,40,7,0,
431,3768008272,nightwalker-starter,bruiser-starter,nightwalker,bruiser,win,2,bruiser-starter,24,112,2,6,7,13,58,57,0,7,
432,2127476745,bruiser-starter,rogue-starter,bruiser,rogue,win,1,bruiser-starter,13,58,4,0,5,2,42,22,7,0,
433,2127476745,rogue-starter,bruiser-starter,rogue,bruiser,win,2,bruiser-starter,22,99,2,6,4,12,46,82,0,7,
434,486945218,syndicate-starter,nightwalker-starter,syndicate,nightwalker,win,1,syndicate-starter,29,119,5,1,15,12,70,81,7,0,
435,486945218,nightwalker-starter,syndicate-starter,nightwalker,syndicate,win,1,nightwalker-starter,57,241,8,4,28,25,176,130,7,0,
436,3141380987,syndicate-starter,rogue-starter,syndicate,rogue,win,1,syndicate-starter,25,117,6,2,9,9,66,70,7,0,
437,3141380987,rogue-starter,syndicate-starter,rogue,syndicate,win,2,syndicate-starter,34,142,4,8,7,16,72,96,0,7,
438,1500849460,nightwalker-starter,rogue-starter,nightwalker,rogue,win,1,nightwalker-starter,31,138,6,2,15,12,93,60,7,0,
439,1500849460,rogue-starter,nightwalker-starter,rogue,nightwalker,win,2,nightwalker-starter,52,222,4,8,21,21,100,144,0,7,
440,4155285229,stonewall-starter,bruiser-starter,stonewall,bruiser,win,2,bruiser-starter,14,66,1,5,3,6,31,40,0,7,
441,4155285229,bruiser-starter,stonewall-starter,bruiser,stonewall,win,1,bruiser-starter,23,104,7,3,11,5,89,50,7,0,
442,2514753702,stonewall-starter,syndicate-starter,stonewall,syndicate,win,1,stonewall-starter,33,158,7,3,16,8,100,94,7,0,
443,2514753702,syndicate-starter,stonewall-starter,syndicate,stonewall,win,2,stonewall-starter,16,76,1,5,2,6,38,36,0,7,
444,874222175,stonewall-starter,nightwalker-starter,stonewall,nightwalker,win,1,stonewall-starter,43,200,7,3,20,16,95,136,7,0,
445,874222175,nightwalker-starter,stonewall-starter,nightwalker,stonewall,win,2,stonewall-starter,42,187,3,7,15,20,119,97,0,7,
446,3528657944,stonewall-starter,rogue-starter,stonewall,rogue,win,1,stonewall-starter,9,41,4,0,2,1,17,20,7,0,
447,3528657944,rogue-starter,stonewall-starter,rogue,stonewall,win,1,rogue-starter,11,49,4,0,2,1,17,18,7,0,
448,1888126417,bruiser-starter,syndicate-starter,bruiser,syndicate,win,1,bruiser-starter,21,95,5,1,13,5,82,47,7,0,
449,1888126417,syndicate-starter,bruiser-starter,syndicate,bruiser,win,2,bruiser-starter,22,95,1,5,6,11,53,75,0,7,
450,247594890,bruiser-starter,nightwalker-starter,bruiser,nightwalker,win,1,bruiser-starter,19,82,4,0,10,5,47,39,7,0,
451,247594890,nightwalker-starter,bruiser-starter,nightwalker,bruiser,win,2,bruiser-starter,22,98,1,5,5,12,43,63,0,7,
452,2902030659,bruiser-starter,rogue-starter,bruiser,rogue,win,1,bruiser-starter,15,68,5,1,6,2,49,31,7,0,
453,2902030659,rogue-starter,bruiser-starter,rogue,bruiser,win,2,bruiser-starter,20,87,1,5,2,10,35,61,0,7,
454,1261499132,syndicate-starter,nightwalker-starter,syndicate,nightwalker,win,1,syndicate-starter,37,159,6,2,19,15,91,100,7,0,
455,1261499132,nightwalker-starter,syndicate-starter,nightwalker,syndicate,win,1,nightwalker-starter,33,141,6,2,16,12,99,62,7,0,
456,3915934901,syndicate-starter,rogue-starter,syndicate,rogue,win,1,syndicate-starter,13,57,4,0,5,3,27,28,7,0,
457,3915934901,rogue-starter,syndicate-starter,rogue,syndicate,win,1,rogue-starter,15,73,5,1,6,5,40,37,7,0,
458,2275403374,nightwalker-starter,rogue-starter,nightwalker,rogue,win,1,nightwalker-starter,43,190,7,3,17,18,112,86,7,0,
459,2275403374,rogue-starter,nightwalker-starter,rogue,nightwalker,win,1,rogue-starter,19,90,4,0,11,6,40,47,7,0,
460,634871847,stonewall-starter,bruiser-starter,stonewall,bruiser,win,2,bruiser-starter,28,132,3,7,8,13,73,106,0,7,
461,634871847,bruiser-starter,stonewall-starter,bruiser,stonewall,win,1,bruiser-starter,17,80,5,1,7,4,61,40,7,0,
462,3289307616,stonewall-starter,syndicate-starter,stonewall,syndicate,win,1,stonewall-starter,27,133,7,3,12,7,84,71,7,0,
463,3289307616,syndicate-starter,stonewall-starter,syndicate,stonewall,win,2,stonewall-starter,16,77,1,5,2,7,44,51,0,7,
464,1648776089,stonewall-starter,nightwalker-starter,stonewall,nightwalker,win,1,stonewall-starter,65,267,11,7,28,20,127,179,7,0,
465,1648776089,nightwalker-starter,stonewall-starter,nightwalker,stonewall,win,2,stonewall-starter,48,214,5,9,16,24,154,104,0,7,
466,8244562,stonewall-starter,rogue-starter,stonewall,rogue,win,1,stonewall-starter,31,159,8,4,12,7,89,77,7,0,
467,8244562,rogue-starter,stonewall-starter,rogue,stonewall,win,2,stonewall-starter,16,80,1,5,2,7,37,44,0,7,
468,2662680331,bruiser-starter,syndicate-starter,bruiser,syndicate,win,1,bruiser-starter,23,91,5,1,11,6,62,47,7,0,
469,2662680331,syndicate-starter,bruiser-starter,syndicate,bruiser,win,2,bruiser-starter,26,115,2,6,7,15,63,106,0,7,
470,1022148804,bruiser-starter,nightwalker-starter,bruiser,nightwalker,win,1,bruiser-starter,15,68,4,0,9,3,48,34,7,0,
471,1022148804,nightwalker-starter,bruiser-starter,nightwalker,bruiser,win,2,bruiser-starter,24,109,1,5,6,14,55,71,0,7,
472,3676584573,bruiser-starter,rogue-starter,bruiser,rogue,win,1,bruiser-starter,19,88,6,2,10,6,78,47,7,0,
473,3676584573,rogue-starter,bruiser-starter,rogue,bruiser,win,2,bruiser-starter,22,86,1,5,5,10,47,66,0,7,
474,2036053046,syndicate-starter,nightwalker-starter,syndicate,nightwalker,win,1,syndicate-starter,21,87,4,0,11,8,43,53,7,0,
475,2036053046,nightwalker-starter,syndicate-starter,nightwalker,syndicate,win,2,syndicate-starter,38,154,2,6,13,18,93,78,0,7,
476,395521519,syndicate-starter,rogue-starter,syndicate,rogue,win,1,syndicate-starter,31,137,7,3,13,10,91,66,7,0,
477,395521519,rogue-starter,syndicate-starter,rogue,syndicate,win,2,syndicate-starter,44,199,4,8,17,18,123,132,0,7,
478,3049957288,nightwalker-starter,rogue-starter,nightwalker,rogue,win,1,nightwalker-starter,75,305,10,6,30,29,198,133,7,0,
479,3049957288,rogue-starter,nightwalker-starter,rogue,nightwalker,win,1,rogue-starter,33,138,6,2,17,10,69,70,7,0,
480,1409425761,stonewall-starter,bruiser-starter,stonewall,bruiser,win,2,bruiser-starter,12,56,0,4,2,5,17,34,0,7,
481,1409425761,bruiser-starter,stonewall-starter,bruiser,stonewall,win,1,bruiser-starter,9,39,4,0,3,0,21,9,7,0,
482,4063861530,stonewall-starter,syndicate-starter,stonewall,syndicate,win,2,syndicate-starter,12,58,1,5,1,6,24,43,0,7,
483,4063861530,syndicate-starter,stonewall-starter,syndicate,stonewall,win,2,stonewall-starter,22,113,2,6,6,9,74,60,0,7,
484,2423330003,stonewall-starter,nightwalker-starter,stonewall,nightwalker,win,1,stonewall-starter,17,74,5,1,9,2,42,39,7,0,
485,2423330003,nightwalker-starter,stonewall-starter,nightwalker,stonewall,win,2,stonewall-starter,22,113,2,6,6,12,65,58,0,7,
486,782798476,stonewall-starter,rogue-starter,stonewall,rogue,win,1,stonewall-starter,35,166,8,4,15,10,90,83,7,0,
487,782798476,rogue-starter,stonewall-starter,rogue,stonewall,win,1,rogue-starter,19,95,5,1,5,2,49,34,7,0,
488,3437234245,bruiser-starter,syndicate-starter,bruiser,syndicate,win,1,bruiser-starter,15,64,5,1,8,4,50,38,7,0,
489,3437234245,syndicate-starter,bruiser-starter,syndicate,bruiser,win,2,bruiser-starter,22,105,2,6,7,13,59,89,0,7,
490,1796702718,bruiser-starter,nightwalker-starter,bruiser,nightwalker,win,1,bruiser-starter,17,77,4,0,10,5,48,39,7,0,
491,1796702718,nightwalker-starter,bruiser-starter,nightwalker,bruiser,win,2,bruiser-starter,14,61,1,5,1,6,25,30,0,7,
492,156171191,bruiser-starter,rogue-starter,bruiser,rogue,win,1,bruiser-starter,15,78,5,1,7,4,49,42,7,0,
493,156171191,rogue-starter,bruiser-starter,rogue,bruiser,win,2,bruiser-starter,14,71,1,5,1,6,25,47,0,7,
494,2810606960,syndicate-starter,nightwalker-starter,syndicate,nightwalker,win,1,syndicate-starter,31,137,6,2,16,13,79,95,7,0,
495,2810606960,nightwalker-starter,syndicate-starter,nightwalker,syndicate,win,2,syndicate-starter,42,179,3,7,17,20,119,97,0,7,
496,1170075433,syndicate-starter,rogue-starter,syndicate,rogue,win,1,syndicate-starter,43,193,8,4,18,16,124,110,7,0,
497,1170075433,rogue-starter,syndicate-starter,rogue,syndicate,win,2,syndicate-starter,26,121,2,6,8,14,59,89,0,7,
498,3824511202,nightwalker-starter,rogue-starter,nightwalker,rogue,win,2,rogue-starter,98,389,9,13,35,43,236,181,0,7,
499,3824511202,rogue-starter,nightwalker-starter,rogue,nightwalker,win,1,rogue-starter,45,185,6,2,22,16,94,115,7,0,
500,2183979675,stonewall-starter,bruiser-starter,stonewall,bruiser,win,2,bruiser-starter,12,56,1,5,1,4,20,34,0,7,
501,2183979675,bruiser-starter,stonewall-starter,bruiser,stonewall,win,1,bruiser-starter,15,73,5,1,7,3,55,37,7,0,
502,543448148,stonewall-starter,syndicate-starter,stonewall,syndicate,win,2,syndicate-starter,18,88,2,6,3,7,44,61,0,7,
503,543448148,syndicate-starter,stonewall-starter,syndicate,stonewall,win,2,stonewall-starter,14,71,1,5,2,8,37,52,0,7,
504,3197883917,stonewall-starter,nightwalker-starter,stonewall,nightwalker,win,1,stonewall-starter,33,143,6,2,15,9,68,87,7,0,
505,3197883917,nightwalker-starter,stonewall-starter,nightwalker,stonewall,win,2,stonewall-starter,16,80,1,5,3,9,40,49,0,7,
506,1557352390,stonewall-starter,rogue-starter,stonewall,rogue,win,1,stonewall-starter,15,78,5,1,7,2,45,42,7,0,
507,1557352390,rogue-starter,stonewall-starter,rogue,stonewall,win,2,stonewall-starter,14,71,1,5,2,7,45,38,0,7,
508,4211788159,bruiser-starter,syndicate-starter,bruiser,syndicate,win,1,bruiser-starter,13,61,5,1,5,2,37,30,7,0,
509,4211788159,syndicate-starter,bruiser-starter,syndicate,bruiser,win,2,bruiser-starter,16,76,1,5,4,8,41,58,0,7,
510,2571256632,bruiser-starter,nightwalker-starter,bruiser,nightwalker,win,1,bruiser-starter,19,85,5,1,13,5,67,52,7,0,
511,2571256632,nightwalker-starter,bruiser-starter,nightwalker,bruiser,win,2,bruiser-starter,14,65,1,5,3,7,36,36,0,7,
512,930725105,bruiser-starter,rogue-starter,bruiser,rogue,win,1,bruiser-starter,17,78,5,1,9,5,60,44,7,0,
513,930725105,rogue-starter,bruiser-starter,rogue,bruiser,win,2,bruiser-starter,20,88,2,6,4,10,34,64,0,7,
514,3585160874,syndicate-starter,nightwalker-starter,syndicate,nightwalker,win,1,syndicate-starter,33,145,6,2,17,15,79,96,7,0,
515,3585160874,nightwalker-starter,syndicate-starter,nightwalker,syndicate,win,1,nightwalker-starter,17,74,4,0,8,5,51,31,7,0,
516,1944629347,syndicate-starter,rogue-starter,syndicate,rogue,win,1,syndicate-starter,33,143,6,2,13,11,88,70,7,0,
517,1944629347,rogue-starter,syndicate-starter,rogue,syndicate,win,2,syndicate-starter,50,206,5,9,16,20,126,132,0,7,
518,304097820,nightwalker-starter,rogue-starter,nightwalker,rogue,win,1,nightwalker-starter,49,211,8,4,21,20,150,97,7,0,
519,304097820,rogue-starter,nightwalker-starter,rogue,nightwalker,win,2,nightwalker-starter,50,209,3,7,22,21,97,137,0,7,
520,2958533589,stonewall-starter,bruiser-starter,stonewall,bruiser,win,2,bruiser-starter,14,68,1,5,2,5,27,49,0,7,
521,2958533589,bruiser-starter,stonewall-starter,bruiser,stonewall,win,1,bruiser-starter,21,97,6,2,7,6,62,41,7,0,
522,1318002062,stonewall-starter,syndicate-starter,stonewall,syndicate,win,2,syndicate-starter,22,107,2,6,5,9,51,62,0,7,
523,1318002062,syndicate-starter,stonewall-starter,syndicate,stonewall,win,1,syndicate-starter,17,87,5,1,4,6,43,45,7,0,
524,3972437831,stonewall-starter,nightwalker-starter,stonewall,nightwalker,win,1,stonewall-starter,11,52,4,0,6,2,29,30,7,0,
525,3972437831,nightwalker-starter,stonewall-starter,nightwalker,stonewall,win,2,stonewall-starter,38,164,2,6,12,19,110,82,0,7,
526,2331906304,stonewall-starter,rogue-starter,stonewall,rogue,win,2,rogue-starter,16,78,1,5,1,3,38,34,0,7,
527,2331906304,rogue-starter,stonewall-starter,rogue,stonewall,win,2,stonewall-starter,16,77,1,5,1,7,38,49,0,7,
528,691374777,bruiser-starter,syndicate-starter,bruiser,syndicate,win,1,bruiser-starter,21,95,5,1,12,6,83,47,7,0,
529,691374777,syndicate-starter,bruiser-starter,syndicate,bruiser,win,2,bruiser-starter,12,56,1,5,1,6,22,48,0,7,
530,3345810546,bruiser-starter,nightwalker-starter,bruiser,nightwalker,win,1,bruiser-starter,19,85,4,0,13,8,60,57,7,0,
531,3345810546,nightwalker-starter,bruiser-starter,nightwalker,bruiser,win,2,bruiser-starter,14,62,1,5,1,6,27,33,0,7,
532,1705279019,bruiser-starter,rogue-starter,bruiser,rogue,win,1,bruiser-starter,17,75,5,1,12,3,84,33,7,0,
533,1705279019,rogue-starter,bruiser-starter,rogue,bruiser,win,2,bruiser-starter,18,79,1,5,5,8,41,63,0,7,
534,64747492,syndicate-starter,nightwalker-starter,syndicate,nightwalker,win,1,syndicate-starter,43,186,7,3,21,17,100,136,7,0,
535,64747492,nightwalker-starter,syndicate-starter,nightwalker,syndicate,win,2,syndicate-starter,28,120,1,5,11,14,76,63,0,7,
536,2719183261,syndicate-starter,rogue-starter,syndicate,rogue,win,1,syndicate-starter,21,88,5,1,10,5,71,46,7,0,
537,2719183261,rogue-starter,syndicate-starter,rogue,syndicate,win,2,syndicate-starter,28,121,2,6,8,12,67,81,0,7,
538,1078651734,nightwalker-starter,rogue-starter,nightwalker,rogue,win,2,rogue-starter,24,111,2,6,6,13,63,56,0,7,
539,1078651734,rogue-starter,nightwalker-starter,rogue,nightwalker,win,2,nightwalker-starter,64,273,5,9,25,27,111,181,0,7,
540,3733087503,stonewall-starter,bruiser-starter,stonewall,bruiser,win,2,bruiser-starter,18,83,1,5,4,8,49,75,0,7,
541,3733087503,bruiser-starter,stonewall-starter,bruiser,stonewall,win,1,bruiser-starter,19,91,5,1,11,5,90,52,7,0,
542,2092555976,stonewall-starter,syndicate-starter,stonewall,syndicate,win,1,stonewall-starter,17,84,5,1,10,4,57,52,7,0,
543,2092555976,syndicate-starter,stonewall-starter,syndicate,stonewall,win,1,syndicate-starter,31,138,8,4,11,8,83,69,7,0,
544,452024449,stonewall-starter,nightwalker-starter,stonewall,nightwalker,win,1,stonewall-starter,17,83,4,0,7,6,35,58,7,0,
545,452024449,nightwalker-starter,stonewall-starter,nightwalker,stonewall,win,2,stonewall-starter,34,156,3,7,10,16,109,77,0,7,
546,3106460218,stonewall-starter,rogue-starter,stonewall,rogue,win,1,stonewall-starter,37,173,7,3,16,11,107,91,7,0,
547,3106460218,rogue-starter,stonewall-starter,rogue,stonewall,win,2,stonewall-starter,42,197,4,8,13,17,113,112,0,7,
548,1465928691,bruiser-starter,syndicate-starter,bruiser,syndicate,win,1,bruiser-starter,19,82,5,1,9,6,70,44,7,0,
549,1465928691,syndicate-starter,bruiser-starter,syndicate,bruiser,win,2,bruiser-starter,32,145,4,8,9,17,90,124,0,7,
550,4120364460,bruiser-starter,nightwalker-starter,bruiser,nightwalker,win,1,bruiser-starter,19,82,4,0,10,6,47,45,7,0,
551,4120364460,nightwalker-starter,bruiser-starter,nightwalker,bruiser,win,2,bruiser-starter,28,125,1,5,10,16,67,86,0,7,
552,2479832933,bruiser-starter,rogue-starter,bruiser,rogue,win,1,bruiser-starter,17,80,5,1,7,5,55,41,7,0,
553,2479832933,rogue-starter,bruiser-starter,rogue,bruiser,win,2,bruiser-starter,22,89,1,5,7,10,51,63,0,7,
554,839301406,syndicate-starter,nightwalker-starter,syndicate,nightwalker,win,1,syndicate-starter,55,209,8,4,23,23,106,152,7,0,
555,839301406,nightwalker-starter,syndicate-starter,nightwalker,syndicate,win,2,syndicate-starter,18,86,1,5,5,12,53,61,0,7,
556,3493737175,syndicate-starter,rogue-starter,syndicate,rogue,win,1,syndicate-starter,59,249,11,7,24,21,175,154,7,0,
557,3493737175,rogue-starter,syndicate-starter,rogue,syndicate,win,2,syndicate-starter,34,160,3,7,13,16,93,119,0,7,
558,1853205648,nightwalker-starter,rogue-starter,nightwalker,rogue,win,1,nightwalker-starter,47,200,7,3,20,18,129,80,7,0,
559,1853205648,rogue-starter,nightwalker-starter,rogue,nightwalker,win,2,nightwalker-starter,30,125,2,6,11,13,62,81,0,7,
560,212674121,stonewall-starter,bruiser-starter,stonewall,bruiser,win,2,bruiser-starter,14,66,1,5,3,7,31,53,0,7,
561,212674121,bruiser-starter,stonewall-starter,bruiser,stonewall,win,1,bruiser-starter,15,63,5,1,7,3,52,30,7,0,
562,2867109890,stonewall-starter,syndicate-starter,stonewall,syndicate,win,1,stonewall-starter,19,88,5,1,8,5,47,56,7,0,
563,2867109890,syndicate-starter,stonewall-starter,syndicate,stonewall,win,2,stonewall-starter,12,56,1,5,1,6,28,35,0,7,
564,1226578363,stonewall-starter,nightwalker-starter,stonewall,nightwalker,win,1,stonewall-starter,17,81,5,1,6,4,29,46,7,0,
565,1226578363,nightwalker-starter,stonewall-starter,nightwalker,stonewall,win,2,stonewall-starter,26,115,2,6,6,14,73,63,0,7,
566,3881014132,stonewall-starter,rogue-starter,stonewall,rogue,win,1,stonewall-starter,15,80,5,1,8,3,50,48,7,0,
567,3881014132,rogue-starter,stonewall-starter,rogue,stonewall,win,1,rogue-starter,15,68,5,1,2,1,25,29,7,0,
568,2240482605,bruiser-starter,syndicate-starter,bruiser,syndicate,win,1,bruiser-starter,27,122,7,3,15,7,106,69,7,0,
569,2240482605,syndicate-starter,bruiser-starter,syndicate,bruiser,win,2,bruiser-starter,28,128,3,7,8,15,72,111,0,7,
570,599951078,bruiser-starter,nightwalker-starter,bruiser,nightwalker,win,1,bruiser-starter,15,69,4,0,9,3,44,30,7,0,
571,599951078,nightwalker-starter,bruiser-starter,nightwalker,bruiser,win,2,bruiser-starter,22,96,1,5,8,11,59,59,0,7,
572,3254386847,bruiser-starter,rogue-starter,bruiser,rogue,win,1,bruiser-starter,17,75,5,1,8,5,59,41,7,0,
573,3254386847,rogue-starter,bruiser-starter,rogue,bruiser,win,2,bruiser-starter,18,86,1,5,4,11,48,79,0,7,
574,1613855320,syndicate-starter,nightwalker-starter,syndicate,nightwalker,win,1,syndicate-starter,35,159,6,2,18,15,89,103,7,0,
575,1613855320,nightwalker-starter,syndicate-starter,nightwalker,syndicate,win,1,nightwalker-starter,17,70,4,0,8,5,46,29,7,0,
576,4268291089,syndicate-starter,rogue-starter,syndicate,rogue,win,1,syndicate-starter,47,208,9,5,19,18,142,119,7,0,
577,4268291089,rogue-starter,syndicate-starter,rogue,syndicate,win,2,syndicate-starter,30,121,2,6,6,14,59,89,0,7,
578,2627759562,nightwalker-starter,rogue-starter,nightwalker,rogue,win,1,nightwalker-starter,47,193,8,4,20,16,133,86,7,0,
579,2627759562,rogue-starter,nightwalker-starter,rogue,nightwalker,win,2,nightwalker-starter,62,254,4,8,24,24,114,159,0,7,
580,987228035,stonewall-starter,bruiser-starter,stonewall,bruiser,win,2,bruiser-starter,16,78,1,5,2,6,32,48,0,7,
581,987228035,bruiser-starter,stonewall-starter,bruiser,stonewall,win,1,bruiser-starter,15,75,5,1,5,3,45,38,7,0,
582,3641663804,stonewall-starter,syndicate-starter,stonewall,syndicate,win,1,stonewall-starter,15,67,5,1,7,2,44,34,7,0,
583,3641663804,syndicate-starter,stonewall-starter,syndicate,stonewall,win,2,stonewall-starter,12,55,1,5,1,4,25,28,0,7,
584,2001132277,stonewall-starter,nightwalker-starter,stonewall,nightwalker,win,1,stonewall-starter,23,101,5,1,12,6,53,61,7,0,
585,2001132277,nightwalker-starter,stonewall-starter,nightwalker,stonewall,win,2,stonewall-starter,30,145,2,6,10,14,93,68,0,7,
586,360600750,stonewall-starter,rogue-starter,stonewall,rogue,win,1,stonewall-starter,59,287,11,7,24,16,175,149,7,0,
587,360600750,rogue-starter,stonewall-starter,rogue,stonewall,win,1,rogue-starter,11,53,4,0,3,0,30,20,7,0,
588,3015036519,bruiser-starter,syndicate-starter,bruiser,syndicate,win,1,bruiser-starter,19,87,5,1,10,5,65,50,7,0,
589,3015036519,syndicate-starter,bruiser-starter,syndicate,bruiser,win,2,bruiser-starter,18,72,1,5,4,8,44,50,0,7,
590,1374504992,bruiser-starter,nightwalker-starter,bruiser,nightwalker,win,1,bruiser-starter,17,83,4,0,13,7,61,51,7,0,
591,1374504992,nightwalker-starter,bruiser-starter,nightwalker,bruiser,win,2,bruiser-starter,14,67,1,5,2,6,23,34,0,7,
592,4028940761,bruiser-starter,rogue-starter,bruiser,rogue,win,1,bruiser-starter,31,139,7,3,14,11,116,85,7,0,
593,4028940761,rogue-starter,bruiser-starter,rogue,bruiser,win,2,bruiser-starter,16,69,1,5,3,10,35,62,0,7,
594,2388409234,syndicate-starter,nightwalker-starter,syndicate,nightwalker,win,1,syndicate-starter,131,516,18,14,56,53,274,357,7,0,
595,2388409234,nightwalker-starter,syndicate-starter,nightwalker,syndicate,win,2,syndicate-starter,26,109,1,5,8,13,63,63,0,7,
596,747877707,syndicate-starter,rogue-starter,syndicate,rogue,win,1,syndicate-starter,19,84,5,1,8,5,49,43,7,0,
597,747877707,rogue-starter,syndicate-starter,rogue,syndicate,win,2,syndicate-starter,42,185,4,8,15,18,109,127,0,7,
598,3402313476,nightwalker-starter,rogue-starter,nightwalker,rogue,win,2,rogue-starter,22,98,0,4,8,11,55,41,0,7,
599,3402313476,rogue-starter,nightwalker-starter,rogue,nightwalker,win,2,nightwalker-starter,28,114,1,5,11,12,48,65,0,7,
600,1761781949,stonewall-starter,bruiser-starter,stonewall,bruiser,win,2,bruiser-starter,22,108,2,6,6,12,55,96,0,7,
601,1761781949,bruiser-starter,stonewall-starter,bruiser,stonewall,win,1,bruiser-starter,9,40,4,0,2,1,26,13,7,0,
602,121250422,stonewall-starter,syndicate-starter,stonewall,syndicate,win,2,syndicate-starter,28,138,3,7,8,10,68,87,0,7,
603,121250422,syndicate-starter,stonewall-starter,syndicate,stonewall,win,1,syndicate-starter,39,180,9,5,14,12,105,100,7,0,
604,2775686191,stonewall-starter,nightwalker-starter,stonewall,nightwalker,win,1,stonewall-starter,15,71,4,0,8,3,35,38,7,0,
605,2775686191,nightwalker-starter,stonewall-starter,nightwalker,stonewall,win,2,stonewall-starter,18,88,1,5,3,11,42,50,0,7,
606,1135154664,stonewall-starter,rogue-starter,stonewall,rogue,win,1,stonewall-starter,19,100,5,1,8,4,58,49,7,0,
607,1135154664,rogue-starter,stonewall-starter,rogue,stonewall,win,1,rogue-starter,15,61,5,1,2,0,19,15,7,0,
608,3789590433,bruiser-starter,syndicate-starter,bruiser,syndicate,win,1,bruiser-starter,11,49,4,0,3,1,27,21,7,0,
609,3789590433,syndicate-starter,bruiser-starter,syndicate,bruiser,win,2,bruiser-starter,24,108,2,6,5,12,61,79,0,7,
610,2149058906,bruiser-starter,nightwalker-starter,bruiser,nightwalker,win,1,bruiser-starter,19,79,5,1,10,6,53,42,7,0,
611,2149058906,nightwalker-starter,bruiser-starter,nightwalker,bruiser,win,2,bruiser-starter,14,62,1,5,2,7,29,38,0,7,
612,508527379,bruiser-starter,rogue-starter,bruiser,rogue,win,1,bruiser-starter,13,66,5,1,8,3,60,34,7,0,
613,508527379,rogue-starter,bruiser-starter,rogue,bruiser,win,2,bruiser-starter,16,78,2,6,3,8,38,58,0,7,
614,3162963148,syndicate-starter,nightwalker-starter,syndicate,nightwalker,win,1,syndicate-starter,47,191,7,3,21,20,106,128,7,0,
615,3162963148,nightwalker-starter,syndicate-starter,nightwalker,syndicate,win,2,syndicate-starter,46,190,3,7,19,23,121,104,0,7,
616,1522431621,syndicate-starter,rogue-starter,syndicate,rogue,win,2,rogue-starter,22,110,2,6,5,12,66,73,0,7,
617,1522431621,rogue-starter,syndicate-starter,rogue,syndicate,win,2,syndicate-starter,16,67,1,5,2,8,36,48,0,7,
618,4176867390,nightwalker-starter,rogue-starter,nightwalker,rogue,win,1,nightwalker-starter,33,147,6,2,15,13,103,66,7,0,
619,4176867390,rogue-starter,nightwalker-starter,rogue,nightwalker,win,1,rogue-starter,23,96,5,1,12,8,56,60,7,0,
620,2536335863,stonewall-starter,bruiser-starter,stonewall,bruiser,win,2,bruiser-starter,12,58,1,5,2,3,28,32,0,7,
621,2536335863,bruiser-starter,stonewall-starter,bruiser,stonewall,win,1,bruiser-starter,9,45,4,0,3,0,32,15,7,0,
622,895804336,stonewall-starter,syndicate-starter,stonewall,syndicate,win,2,syndicate-starter,26,126,2,6,7,11,68,87,0,7,
623,895804336,syndicate-starter,stonewall-starter,syndicate,stonewall,win,1,syndicate-starter,13,54,4,0,5,2,33,22,7,0,
624,3550240105,stonewall-starter,nightwalker-starter,stonewall,nightwalker,win,1,stonewall-starter,21,94,5,1,12,7,54,66,7,0,
625,3550240105,nightwalker-starter,stonewall-starter,nightwalker,stonewall,win,2,stonewall-starter,16,69,1,5,2,7,39,34,0,7,
626,1909708578,stonewall-starter,rogue-starter,stonewall,rogue,win,2,rogue-starter,14,68,1,5,2,5,33,35,0,7,
627,1909708578,rogue-starter,stonewall-starter,rogue,stonewall,win,1,rogue-starter,23,117,6,2,10,7,71,61,7,0,
628,269177051,bruiser-starter,syndicate-starter,bruiser,syndicate,win,1,bruiser-starter,23,102,6,2,13,6,81,50,7,0,
629,269177051,syndicate-starter,bruiser-starter,syndicate,bruiser,win,2,bruiser-starter,16,69,1,5,2,8,34,55,0,7,
630,2923612820,bruiser-starter,nightwalker-starter,bruiser,nightwalker,win,1,bruiser-starter,13,62,4,0,7,3,35,32,7,0,
631,2923612820,nightwalker-starter,bruiser-starter,nightwalker,bruiser,win,2,bruiser-starter,28,134,2,6,10,17,84,92,0,7,
632,1283081293,bruiser-starter,rogue-starter,bruiser,rogue,win,1,bruiser-starter,15,66,5,1,7,3,53,32,7,0,
633,1283081293,rogue-starter,bruiser-starter,rogue,bruiser,win,2,bruiser-starter,12,57,1,5,1,7,26,49,0,7,
634,3937517062,syndicate-starter,nightwalker-starter,syndicate,nightwalker,win,1,syndicate-starter,39,172,7,3,20,17,99,121,7,0,
635,3937517062,nightwalker-starter,syndicate-starter,nightwalker,syndicate,win,2,syndicate-starter,34,153,2,6,14,18,95,85,0,7,
636,2296985535,syndicate-starter,rogue-starter,syndicate,rogue,win,1,syndicate-starter,31,141,6,2,13,11,94,78,7,0,
637,2296985535,rogue-starter,syndicate-starter,rogue,syndicate,win,2,syndicate-starter,34,161,3,7,11,16,82,108,0,7,
638,656454008,nightwalker-starter,rogue-starter,nightwalker,rogue,win,1,nightwalker-starter,51,201,7,3,19,20,131,80,7,0,
639,656454008,rogue-starter,nightwalker-starter,rogue,nightwalker,win,1,rogue-starter,25,113,5,1,14,8,66,69,7,0,
640,3310889777,stonewall-starter,bruiser-starter,stonewall,bruiser,win,2,bruiser-starter,12,54,1,5,2,2,23,18,0,7,
641,3310889777,bruiser-starter,stonewall-starter,bruiser,stonewall,win,1,bruiser-starter,9,41,4,0,2,1,20,18,7,0,
642,1670358250,stonewall-starter,syndicate-starter,stonewall,syndicate,win,1,stonewall-starter,11,51,4,0,4,1,23,28,7,0,
643,1670358250,syndicate-starter,stonewall-starter,syndicate,stonewall,win,1,syndicate-starter,61,287,12,8,23,22,187,168,7,0,
644,29826723,stonewall-starter,nightwalker-starter,stonewall,nightwalker,win,1,stonewall-starter,15,75,5,1,6,3,25,38,7,0,
645,29826723,nightwalker-starter,stonewall-starter,nightwalker,stonewall,win,1,nightwalker-starter,53,245,9,5,22,25,168,125,7,0,
646,2684262492,stonewall-starter,rogue-starter,stonewall,rogue,win,1,stonewall-starter,11,48,4,0,3,1,17,15,7,0,
647,2684262492,rogue-starter,stonewall-starter,rogue,stonewall,win,2,stonewall-starter,48,233,6,10,14,20,135,148,0,7,
648,1043730965,bruiser-starter,syndicate-starter,bruiser,syndicate,win,1,bruiser-starter,21,94,6,2,13,6,90,55,7,0,
649,1043730965,syndicate-starter,bruiser-starter,syndicate,bruiser,win,2,bruiser-starter,16,76,1,5,2,8,31,48,0,7,
650,3698166734,bruiser-starter,nightwalker-starter,bruiser,nightwalker,win,1,bruiser-starter,17,79,5,1,9,3,43,31,7,0,
651,3698166734,nightwalker-starter,bruiser-starter,nightwalker,bruiser,win,2,bruiser-starter,14,62,1,5,1,6,25,31,0,7,
652,2057635207,bruiser-starter,rogue-starter,bruiser,rogue,win,1,bruiser-starter,15,69,5,1,9,2,66,35,7,0,
653,2057635207,rogue-starter,bruiser-starter,rogue,bruiser,win,2,bruiser-starter,26,120,4,8,7,11,63,91,0,7,
654,417103680,syndicate-starter,nightwalker-starter,syndicate,nightwalker,win,1,syndicate-starter,35,147,6,2,17,13,79,96,7,0,
655,417103680,nightwalker-starter,syndicate-starter,nightwalker,syndicate,win,2,syndicate-starter,30,140,2,6,13,17,93,81,0,7,
656,3071539449,syndicate-starter,rogue-starter,syndicate,rogue,win,1,syndicate-starter,31,129,7,3,14,9,95,69,7,0,
657,3071539449,rogue-starter,syndicate-starter,rogue,syndicate,win,2,syndicate-starter,16,72,1,5,5,6,37,39,0,7,
658,1431007922,nightwalker-starter,rogue-starter,nightwalker,rogue,win,2,rogue-starter,34,154,2,6,13,17,92,79,0,7,
659,1431007922,rogue-starter,nightwalker-starter,rogue,nightwalker,win,2,nightwalker-starter,34,141,2,6,12,13,57,89,0,7,
660,4085443691,stonewall-starter,bruiser-starter,stonewall,bruiser,win,2,bruiser-starter,14,67,1,5,1,7,23,51,0,7,
661,4085443691,bruiser-starter,stonewall-starter,bruiser,stonewall,win,1,bruiser-starter,9,41,4,0,2,0,24,16,7,0,
662,2444912164,stonewall-starter,syndicate-starter,stonewall,syndicate,win,2,syndicate-starter,64,298,8,12,23,25,167,194,0,7,
663,2444912164,syndicate-starter,stonewall-starter,syndicate,stonewall,win,2,stonewall-starter,32,159,3,7,9,15,90,95,0,7,
664,804380637,stonewall-starter,nightwalker-starter,stonewall,nightwalker,win,1,stonewall-starter,31,138,6,2,16,9,75,85,7,0,
665,804380637,nightwalker-starter,stonewall-starter,nightwalker,stonewall,win,1,nightwalker-starter,31,145,5,1,11,14,88,62,7,0,
666,3458816406,stonewall-starter,rogue-starter,stonewall,rogue,win,1,stonewall-starter,33,159,7,3,15,8,103,74,7,0,
667,3458816406,rogue-starter,stonewall-starter,rogue,stonewall,win,2,stonewall-starter,38,186,4,8,12,16,105,107,0,7,
668,1818284879,bruiser-starter,syndicate-starter,bruiser,syndicate,win,1,bruiser-starter,15,68,5,1,8,4,47,39,7,0,
669,1818284879,syndicate-starter,bruiser-starter,syndicate,bruiser,win,2,bruiser-starter,28,124,3,7,8,15,63,101,0,7,
670,177753352,bruiser-starter,nightwalker-starter,bruiser,nightwalker,win,1,bruiser-starter,19,88,5,1,11,7,56,54,7,0,
671,177753352,nightwalker-starter,bruiser-starter,nightwalker,bruiser,win,2,bruiser-starter,22,102,2,6,6,14,50,60,0,7,
672,2832189121,bruiser-starter,rogue-starter,bruiser,rogue,win,1,bruiser-starter,17,79,5,1,11,5,71,41,7,0,
673,2832189121,rogue-starter,bruiser-starter,rogue,bruiser,win,2,bruiser-starter,20,89,2,6,5,10,46,67,0,7,
674,1191657594,syndicate-starter,nightwalker-starter,syndicate,nightwalker,win,1,syndicate-starter,17,69,5,1,6,3,31,30,7,0,
675,1191657594,nightwalker-starter,syndicate-starter,nightwalker,syndicate,win,1,nightwalker-starter,25,102,5,1,12,9,68,48,7,0,
676,3846093363,syndicate-starter,rogue-starter,syndicate,rogue,win,1,syndicate-starter,31,130,6,2,13,10,82,78,7,0,
677,3846093363,rogue-starter,syndicate-starter,rogue,syndicate,win,1,rogue-starter,23,116,5,1,10,8,69,62,7,0,
678,2205561836,nightwalker-starter,rogue-starter,nightwalker,rogue,win,1,nightwalker-starter,59,238,9,5,25,22,170,106,7,0,
679,2205561836,rogue-starter,nightwalker-starter,rogue,nightwalker,win,2,nightwalker-starter,64,272,5,9,26,28,130,182,0,7,
680,565030309,stonewall-starter,bruiser-starter,stonewall,bruiser,win,2,bruiser-starter,38,162,5,9,9,16,80,126,0,7,
681,565030309,bruiser-starter,stonewall-starter,bruiser,stonewall,win,1,bruiser-starter,15,64,5,1,7,2,55,29,7,0,
682,3219466078,stonewall-starter,syndicate-starter,stonewall,syndicate,win,2,syndicate-starter,44,206,4,8,17,17,115,135,0,7,
683,3219466078,syndicate-starter,stonewall-starter,syndicate,stonewall,win,1,syndicate-starter,9,42,4,0,3,1,24,18,7,0,
684,1578934551,stonewall-starter,nightwalker-starter,stonewall,nightwalker,win,1,stonewall-starter,69,293,10,6,31,24,139,196,7,0,
685,1578934551,nightwalker-starter,stonewall-starter,nightwalker,stonewall,win,2,stonewall-starter,30,139,2,6,9,17,83,69,0,7,
686,4233370320,stonewall-starter,rogue-starter,stonewall,rogue,win,1,stonewall-starter,23,111,6,2,11,6,72,62,7,0,
687,4233370320,rogue-starter,stonewall-starter,rogue,stonewall,win,2,stonewall-starter,18,88,1,5,4,9,43,58,0,7,
688,2592838793,bruiser-starter,syndicate-starter,bruiser,syndicate,win,1,bruiser-starter,21,97,6,2,12,7,88,59,7,0,
689,2592838793,syndicate-starter,bruiser-starter,syndicate,bruiser,win,2,bruiser-starter,28,137,3,7,10,17,85,124,0,7,
690,952307266,bruiser-starter,nightwalker-starter,bruiser,nightwalker,win,1,bruiser-starter,17,77,5,1,8,3,43,39,7,0,
691,952307266,nightwalker-starter,bruiser-starter,nightwalker,bruiser,win,2,bruiser-starter,22,98,1,5,6,13,56,72,0,7,
692,3606743035,bruiser-starter,rogue-starter,bruiser,rogue,win,1,bruiser-starter,17,81,6,2,9,3,69,32,7,0,
693,3606743035,rogue-starter,bruiser-starter,rogue,bruiser,win,2,bruiser-starter,16,69,1,5,4,9,36,57,0,7,
694,1966211508,syndicate-starter,nightwalker-starter,syndicate,nightwalker,win,1,syndicate-starter,35,163,6,2,18,16,93,101,7,0,
695,1966211508,nightwalker-starter,syndicate-starter,nightwalker,syndicate,win,2,syndicate-starter,26,117,1,5,9,16,68,73,0,7,
696,325679981,syndicate-starter,rogue-starter,syndicate,rogue,win,1,syndicate-starter,47,209,9,5,20,17,128,114,7,0,
697,325679981,rogue-starter,syndicate-starter,rogue,syndicate,win,2,syndicate-starter,32,146,3,7,11,14,79,93,0,7,
698,2980115750,nightwalker-starter,rogue-starter,nightwalker,rogue,win,1,nightwalker-starter,35,147,6,2,15,12,96,65,7,0,
699,2980115750,rogue-starter,nightwalker-starter,rogue,nightwalker,win,2,nightwalker-starter,84,360,8,12,32,34,150,244,0,7,
700,1339584223,stonewall-starter,bruiser-starter,stonewall,bruiser,win,2,bruiser-starter,20,97,2,6,5,10,50,78,0,7,
701,1339584223,bruiser-starter,stonewall-starter,bruiser,stonewall,win,1,bruiser-starter,25,116,6,2,11,9,90,59,7,0,
702,3994019992,stonewall-starter,syndicate-starter,stonewall,syndicate,win,2,syndicate-starter,38,170,3,7,12,16,93,121,0,7,
703,3994019992,syndicate-starter,stonewall-starter,syndicate,stonewall,win,1,syndicate-starter,21,97,5,1,8,5,67,51,7,0,
704,2353488465,stonewall-starter,nightwalker-starter,stonewall,nightwalker,win,1,stonewall-starter,17,82,4,0,10,4,43,39,7,0,
705,2353488465,nightwalker-starter,stonewall-starter,nightwalker,stonewall,win,1,nightwalker-starter,45,205,8,4,17,18,131,87,7,0,
706,712956938,stonewall-starter,rogue-starter,stonewall,rogue,win,1,stonewall-starter,17,80,5,1,7,4,41,36,7,0,
707,712956938,rogue-starter,stonewall-starter,rogue,stonewall,win,1,rogue-starter,29,136,6,2,11,12,87,82,7,0,
708,3367392707,bruiser-starter,syndicate-starter,bruiser,syndicate,win,1,bruiser-starter,15,64,4,0,8,2,48,31,7,0,
709,3367392707,syndicate-starter,bruiser-starter,syndicate,bruiser,win,2,bruiser-starter,32,148,4,8,13,18,99,118,0,7,
710,1726861180,bruiser-starter,nightwalker-starter,bruiser,nightwalker,win,1,bruiser-starter,21,95,5,1,12,6,65,52,7,0,
711,1726861180,nightwalker-starter,bruiser-starter,nightwalker,bruiser,win,2,bruiser-starter,14,65,1,5,1,7,21,36,0,7,
712,86329653,bruiser-starter,rogue-starter,bruiser,rogue,win,1,bruiser-starter,19,84,5,1,10,5,67,46,7,0,
713,86329653,rogue-starter,bruiser-starter,rogue,bruiser,win,2,bruiser-starter,18,80,1,5,4,10,38,70,0,7,
714,2740765422,syndicate-starter,nightwalker-starter,syndicate,nightwalker,win,1,syndicate-starter,15,71,4,0,9,3,47,35,7,0,
715,2740765422,nightwalker-starter,syndicate-starter,nightwalker,syndicate,win,2,syndicate-starter,36,161,2,6,16,18,111,91,0,7,
716,1100233895,syndicate-starter,rogue-starter,syndicate,rogue,win,1,syndicate-starter,61,256,11,7,23,23,162,144,7,0,
717,1100233895,rogue-starter,syndicate-starter,rogue,syndicate,win,2,syndicate-starter,16,77,1,5,3,7,38,53,0,7,
718,3754669664,nightwalker-starter,rogue-starter,nightwalker,rogue,win,1,nightwalker-starter,61,249,9,5,25,25,173,116,7,0,
719,3754669664,rogue-starter,nightwalker-starter,rogue,nightwalker,win,1,rogue-starter,15,64,4,0,7,2,28,33,7,0,
720,2114138137,stonewall-starter,bruiser-starter,stonewall,bruiser,win,2,bruiser-starter,12,55,1,5,2,2,21,20,0,7,
721,2114138137,bruiser-starter,stonewall-starter,bruiser,stonewall,win,2,stonewall-starter,14,68,1,5,2,4,40,24,0,7,
722,473606610,stonewall-starter,syndicate-starter,stonewall,syndicate,win,1,stonewall-starter,11,51,4,0,5,0,31,19,7,0,
723,473606610,syndicate-starter,stonewall-starter,syndicate,stonewall,win,2,stonewall-starter,32,156,4,8,7,14,82,88,0,7,
724,3128042379,stonewall-starter,nightwalker-starter,stonewall,nightwalker,win,1,stonewall-starter,41,191,8,4,20,14,92,135,7,0,
725,3128042379,nightwalker-starter,stonewall-starter,nightwalker,stonewall,win,2,stonewall-starter,24,112,1,5,9,12,76,53,0,7,
726,1487510852,stonewall-starter,rogue-starter,stonewall,rogue,win,1,stonewall-starter,19,98,5,1,7,2,56,37,7,0,
727,1487510852,rogue-starter,stonewall-starter,rogue,stonewall,win,2,stonewall-starter,26,130,2,6,5,10,67,74,0,7,
728,4141946621,bruiser-starter,syndicate-starter,bruiser,syndicate,win,1,bruiser-starter,15,65,5,1,7,3,41,34,7,0,
729,4141946621,syndicate-starter,bruiser-starter,syndicate,bruiser,win,2,bruiser-starter,12,52,1,5,1,4,22,26,0,7,
730,2501415094,bruiser-starter,nightwalker-starter,bruiser,nightwalker,win,1,bruiser-starter,17,75,4,0,9,4,39,38,7,0,
731,2501415094,nightwalker-starter,bruiser-starter,nightwalker,bruiser,win,2,bruiser-starter,22,93,1,5,7,11,51,49,0,7,
732,860883567,bruiser-starter,rogue-starter,bruiser,rogue,win,1,bruiser-starter,13,65,5,1,5,2,41,24,7,0,
733,860883567,rogue-starter,bruiser-starter,rogue,bruiser,win,2,bruiser-starter,12,56,0,4,2,6,21,43,0,7,
734,3515319336,syndicate-starter,nightwalker-starter,syndicate,nightwalker,win,1,syndicate-starter,27,109,5,1,12,10,53,72,7,0,
735,3515319336,nightwalker-starter,syndicate-starter,nightwalker,syndicate,win,1,nightwalker-starter,27,117,5,1,12,12,83,53,7,0,
736,1874787809,syndicate-starter,rogue-starter,syndicate,rogue,win,1,syndicate-starter,35,160,7,3,13,12,102,82,7,0,
737,1874787809,rogue-starter,syndicate-starter,rogue,syndicate,win,2,syndicate-starter,28,124,2,6,8,13,62,83,0,7,
738,234256282,nightwalker-starter,rogue-starter,nightwalker,rogue,win,1,nightwalker-starter,33,141,6,2,15,13,99,55,7,0,
739,234256282,rogue-starter,nightwalker-starter,rogue,nightwalker,win,2,nightwalker-starter,48,195,3,7,20,18,86,132,0,7,
740,2888692051,stonewall-starter,bruiser-starter,stonewall,bruiser,win,2,bruiser-starter,32,146,3,7,9,16,72,124,0,7,
741,2888692051,bruiser-starter,stonewall-starter,bruiser,stonewall,win,1,bruiser-starter,19,81,5,1,8,3,61,38,7,0,
742,1248160524,stonewall-starter,syndicate-starter,stonewall,syndicate,win,2,syndicate-starter,38,164,4,8,11,14,83,107,0,7,
743,1248160524,syndicate-starter,stonewall-starter,syndicate,stonewall,win,2,stonewall-starter,38,186,5,9,9,16,87,103,0,7,
744,3902596293,stonewall-starter,nightwalker-starter,stonewall,nightwalker,win,1,stonewall-starter,21,103,5,1,10,7,51,59,7,0,
745,3902596293,nightwalker-starter,stonewall-starter,nightwalker,stonewall,win,2,stonewall-starter,24,119,2,6,7,15,74,67,0,7,
746,2262064766,stonewall-starter,rogue-starter,stonewall,rogue,win,1,stonewall-starter,21,107,5,1,11,6,79,58,7,0,
747,2262064766,rogue-starter,stonewall-starter,rogue,stonewall,win,2,stonewall-starter,22,109,2,6,5,9,52,71,0,7,
748,621533239,bruiser-starter,syndicate-starter,bruiser,syndicate,win,1,bruiser-starter,13,56,4,0,6,1,43,24,7,0,
749,621533239,syndicate-starter,bruiser-starter,syndicate,bruiser,win,2,bruiser-starter,22,105,2,6,7,14,61,102,0,7,
750,3275969008,bruiser-starter,nightwalker-starter,bruiser,nightwalker,win,1,bruiser-starter,17,81,4,0,10,5,55,40,7,0,
751,3275969008,nightwalker-starter,bruiser-starter,nightwalker,bruiser,win,2,bruiser-starter,14,66,1,5,1,9,29,41,0,7,
752,1635437481,bruiser-starter,rogue-starter,bruiser,rogue,win,1,bruiser-starter,13,57,4,0,4,3,37,32,7,0,
753,1635437481,rogue-starter,bruiser-starter,rogue,bruiser,win,2,bruiser-starter,36,156,4,8,9,16,75,117,0,7,
754,4289873250,syndicate-starter,nightwalker-starter,syndicate,nightwalker,win,1,syndicate-starter,25,113,5,1,14,11,69,70,7,0,
755,4289873250,nightwalker-starter,syndicate-starter,nightwalker,syndicate,win,2,syndicate-starter,28,122,1,5,9,15,66,68,0,7,
756,2649341723,syndicate-starter,rogue-starter,syndicate,rogue,win,2,rogue-starter,22,110,2,6,6,9,65,62,0,7,
757,2649341723,rogue-starter,syndicate-starter,rogue,syndicate,win,1,rogue-starter,19,94,6,2,8,3,59,50,7,0,
758,1008810196,nightwalker-starter,rogue-starter,nightwalker,rogue,win,1,nightwalker-starter,33,135,6,2,13,12,95,53,7,0,
759,1008810196,rogue-starter,nightwalker-starter,rogue,nightwalker,win,2,nightwalker-starter,26,107,1,5,7,12,38,80,0,7,
760,3663245965,stonewall-starter,bruiser-starter,stonewall,bruiser,win,2,bruiser-starter,12,58,1,5,1,4,21,41,0,7,
761,3663245965,bruiser-starter,stonewall-starter,bruiser,stonewall,win,1,bruiser-starter,19,81,5,1,9,4,68,40,7,0,
762,2022714438,stonewall-starter,syndicate-starter,stonewall,syndicate,win,1,stonewall-starter,17,81,5,1,6,3,37,44,7,0,
763,2022714438,syndicate-starter,stonewall-starter,syndicate,stonewall,win,2,stonewall-starter,20,95,1,5,5,10,47,56,0,7,
764,382182911,stonewall-starter,nightwalker-starter,stonewall,nightwalker,win,1,stonewall-starter,17,78,4,0,9,3,42,46,7,0,
765,382182911,nightwalker-starter,stonewall-starter,nightwalker,stonewall,win,2,stonewall-starter,32,138,2,6,11,16,102,69,0,7,
766,3036618680,stonewall-starter,rogue-starter,stonewall,rogue,win,1,stonewall-starter,33,149,7,3,14,8,92,87,7,0,
767,3036618680,rogue-starter,stonewall-starter,rogue,stonewall,win,2,stonewall-starter,24,112,2,6,4,10,49,66,0,7,
768,1396087153,bruiser-starter,syndicate-starter,bruiser,syndicate,win,1,bruiser-starter,17,78,4,0,11,5,80,50,7,0,
769,1396087153,syndicate-starter,bruiser-starter,syndicate,bruiser,win,2,bruiser-starter,12,52,1,5,1,3,16,26,0,7,
770,4050522922,bruiser-starter,nightwalker-starter,bruiser,nightwalker,win,1,bruiser-starter,17,75,5,1,11,6,55,53,7,0,
771,4050522922,nightwalker-starter,bruiser-starter,nightwalker,bruiser,win,2,bruiser-starter,16,69,1,5,3,9,30,49,0,7,
772,2409991395,bruiser-starter,rogue-starter,bruiser,rogue,win,1,bruiser-starter,15,67,5,1,7,3,50,30,7,0,
773,2409991395,rogue-starter,bruiser-starter,rogue,bruiser,win,2,bruiser-starter,22,102,1,5,6,12,49,93,0,7,
774,769459868,syndicate-starter,nightwalker-starter,syndicate,nightwalker,win,1,syndicate-starter,33,152,6,2,16,14,78,97,7,0,
775,769459868,nightwalker-starter,syndicate-starter,nightwalker,syndicate,win,2,syndicate-starter,38,160,2,6,16,19,105,89,0,7,
776,3423895637,syndicate-starter,rogue-starter,syndicate,rogue,win,1,syndicate-starter,29,129,6,2,13,10,87,80,7,0,
777,3423895637,rogue-starter,syndicate-starter,rogue,syndicate,win,2,syndicate-starter,36,169,3,7,13,16,105,109,0,7,
778,1783364110,nightwalker-starter,rogue-starter,nightwalker,rogue,win,1,nightwalker-starter,23,98,5,1,11,9,75,40,7,0,
779,1783364110,rogue-starter,nightwalker-starter,rogue,nightwalker,win,2,nightwalker-starter,60,248,4,8,24,23,110,157,0,7,
780,142832583,stonewall-starter,bruiser-starter,stonewall,bruiser,win,2,bruiser-starter,20,90,1,5,7,8,50,65,0,7,
781,142832583,bruiser-starter,stonewall-starter,bruiser,stonewall,win,1,bruiser-starter,17,79,5,1,8,3,63,31,7,0,
782,2797268352,stonewall-starter,syndicate-starter,stonewall,syndicate,win,1,stonewall-starter,15,73,5,1,6,3,40,34,7,0,
783,2797268352,syndicate-starter,stonewall-starter,syndicate,stonewall,win,1,syndicate-starter,35,167,7,3,15,10,112,87,7,0,
784,1156736825,stonewall-starter,nightwalker-starter,stonewall,nightwalker,win,1,stonewall-starter,17,84,4,0,7,5,34,42,7,0,
785,1156736825,nightwalker-starter,stonewall-starter,nightwalker,stonewall,win,2,stonewall-starter,108,471,11,15,37,47,317,219,0,7,
786,3811172594,stonewall-starter,rogue-starter,stonewall,rogue,win,1,stonewall-starter,13,61,5,1,4,2,29,31,7,0,
787,3811172594,rogue-starter,stonewall-starter,rogue,stonewall,win,2,stonewall-starter,20,99,2,6,4,7,43,44,0,7,
788,2170641067,bruiser-starter,syndicate-starter,bruiser,syndicate,win,1,bruiser-starter,17,78,5,1,9,5,67,43,7,0,
789,2170641067,syndicate-starter,bruiser-starter,syndicate,bruiser,win,2,bruiser-starter,12,55,1,5,2,5,26,39,0,7,
790,530109540,bruiser-starter,nightwalker-starter,bruiser,nightwalker,win,1,bruiser-starter,17,78,4,0,10,6,51,43,7,0,
791,530109540,nightwalker-starter,bruiser-starter,nightwalker,bruiser,win,2,bruiser-starter,20,88,1,5,5,12,41,60,0,7,
792,3184545309,bruiser-starter,rogue-starter,bruiser,rogue,win,1,bruiser-starter,17,71,5,1,8,3,54,31,7,0,
793,3184545309,rogue-starter,bruiser-starter,rogue,bruiser,win,2,bruiser-starter,28,132,3,7,9,12,68,105,0,7,
794,1544013782,syndicate-starter,nightwalker-starter,syndicate,nightwalker,win,1,syndicate-starter,27,124,5,1,15,11,71,79,7,0,
795,1544013782,nightwalker-starter,syndicate-starter,nightwalker,syndicate,win,2,syndicate-starter,32,135,2,6,12,17,82,77,0,7,
796,4198449551,syndicate-starter,rogue-starter,syndicate,rogue,win,1,syndicate-starter,31,134,6,2,13,13,84,82,7,0,
797,4198449551,rogue-starter,syndicate-starter,rogue,syndicate,win,2,syndicate-starter,26,116,2,6,8,12,61,78,0,7,
798,2557918024,nightwalker-starter,rogue-starter,nightwalker,rogue,win,2,rogue-starter,92,359,8,12,34,40,241,174,0,7,
799,2557918024,rogue-starter,nightwalker-starter,rogue,nightwalker,win,1,rogue-starter,17,83,5,1,8,3,39,38,7,0,
800,917386497,stonewall-starter,bruiser-starter,stonewall,bruiser,win,2,bruiser-starter,16,77,1,5,3,6,37,48,0,7,
801,917386497,bruiser-starter,stonewall-starter,bruiser,stonewall,win,1,bruiser-starter,17,74,5,1,9,3,64,34,7,0,
802,3571822266,stonewall-starter,syndicate-starter,stonewall,syndicate,win,1,stonewall-starter,35,169,7,3,18,12,109,102,7,0,
803,3571822266,syndicate-starter,stonewall-starter,syndicate,stonewall,win,2,stonewall-starter,14,71,1,5,1,7,32,47,0,7,
804,1931290739,stonewall-starter,nightwalker-starter,stonewall,nightwalker,win,1,stonewall-starter,17,81,5,1,6,4,33,50,7,0,
805,1931290739,nightwalker-starter,stonewall-starter,nightwalker,stonewall,win,2,stonewall-starter,38,167,2,6,11,18,111,79,0,7,
806,290759212,stonewall-starter,rogue-starter,stonewall,rogue,win,1,stonewall-starter,15,69,5,1,7,2,48,32,7,0,
807,290759212,rogue-starter,stonewall-starter,rogue,stonewall,win,1,rogue-starter,17,87,5,1,6,3,50,43,7,0,
808,2945194981,bruiser-starter,syndicate-starter,bruiser,syndicate,win,1,bruiser-starter,9,39,4,0,2,1,15,14,7,0,
809,2945194981,syndicate-starter,bruiser-starter,syndicate,bruiser,win,2,bruiser-starter,34,157,3,7,12,17,85,121,0,7,
810,1304663454,bruiser-starter,nightwalker-starter,bruiser,nightwalker,win,1,bruiser-starter,17,81,4,0,12,5,60,44,7,0,
811,1304663454,nightwalker-starter,bruiser-starter,nightwalker,bruiser,win,2,bruiser-starter,24,99,1,5,8,13,63,65,0,7,
812,3959099223,bruiser-starter,rogue-starter,bruiser,rogue,win,1,bruiser-starter,23,109,6,2,10,6,75,53,7,0,
813,3959099223,rogue-starter,bruiser-starter,rogue,bruiser,win,2,bruiser-starter,14,67,1,5,3,5,31,52,0,7,
814,2318567696,syndicate-starter,nightwalker-starter,syndicate,nightwalker,win,1,syndicate-starter,19,77,4,0,10,5,45,41,7,0,
815,2318567696,nightwalker-starter,syndicate-starter,nightwalker,syndicate,win,2,syndicate-starter,68,281,5,9,30,30,194,152,0,7,
816,678036169,syndicate-starter,rogue-starter,syndicate,rogue,win,1,syndicate-starter,23,106,5,1,8,7,66,57,7,0,
817,678036169,rogue-starter,syndicate-starter,rogue,syndicate,win,2,syndicate-starter,54,231,6,10,19,22,132,150,0,7,
818,3332471938,nightwalker-starter,rogue-starter,nightwalker,rogue,win,1,nightwalker-starter,45,186,7,3,18,19,114,88,7,0,
819,3332471938,rogue-starter,nightwalker-starter,rogue,nightwalker,win,1,rogue-starter,27,100,5,1,13,10,64,66,7,0,
820,1691940411,stonewall-starter,bruiser-starter,stonewall,bruiser,win,2,bruiser-starter,28,131,3,7,9,12,68,104,0,7,
821,1691940411,bruiser-starter,stonewall-starter,bruiser,stonewall,win,1,bruiser-starter,21,93,6,2,9,6,79,52,7,0,
822,51408884,stonewall-starter,syndicate-starter,stonewall,syndicate,win,2,syndicate-starter,22,99,2,6,3,8,39,63,0,7,
823,51408884,syndicate-starter,stonewall-starter,syndicate,stonewall,win,2,stonewall-starter,22,109,2,6,4,10,54,68,0,7,
824,2705844653,stonewall-starter,nightwalker-starter,stonewall,nightwalker,win,1,stonewall-starter,29,139,6,2,13,12,61,90,7,0,
825,2705844653,nightwalker-starter,stonewall-starter,nightwalker,stonewall,win,1,nightwalker-starter,77,323,11,7,28,33,218,145,7,0,
826,1065313126,stonewall-starter,rogue-starter,stonewall,rogue,win,1,stonewall-starter,13,59,4,0,5,1,26,29,7,0,
827,1065313126,rogue-starter,stonewall-starter,rogue,stonewall,win,2,stonewall-starter,32,150,3,7,7,13,68,90,0,7,
828,3719748895,bruiser-starter,syndicate-starter,bruiser,syndicate,win,1,bruiser-starter,17,80,5,1,9,6,59,50,7,0,
829,3719748895,syndicate-starter,bruiser-starter,syndicate,bruiser,win,2,bruiser-starter,22,100,1,5,6,12,53,80,0,7,
830,2079217368,bruiser-starter,nightwalker-starter,bruiser,nightwalker,win,1,bruiser-starter,15,69,4,0,7,4,32,35,7,0,
831,2079217368,nightwalker-starter,bruiser-starter,nightwalker,bruiser,win,2,bruiser-starter,30,120,2,6,10,14,72,76,0,7,
832,438685841,bruiser-starter,rogue-starter,bruiser,rogue,win,1,bruiser-starter,9,42,4,0,4,1,30,18,7,0,
833,438685841,rogue-starter,bruiser-starter,rogue,bruiser,win,2,bruiser-starter,24,96,2,6,6,11,67,86,0,7,
834,3093121610,syndicate-starter,nightwalker-starter,syndicate,nightwalker,win,1,syndicate-starter,19,85,4,0,11,6,51,47,7,0,
835,3093121610,nightwalker-starter,syndicate-starter,nightwalker,syndicate,win,2,syndicate-starter,46,184,3,7,17,21,128,102,0,7,
836,1452590083,syndicate-starter,rogue-starter,syndicate,rogue,win,1,syndicate-starter,29,123,6,2,12,9,89,67,7,0,
837,1452590083,rogue-starter,syndicate-starter,rogue,syndicate,win,2,syndicate-starter,36,156,3,7,11,17,86,109,0,7,
838,4107025852,nightwalker-starter,rogue-starter,nightwalker,rogue,win,1,nightwalker-starter,43,168,6,2,18,17,122,86,7,0,
839,4107025852,rogue-starter,nightwalker-starter,rogue,nightwalker,win,1,rogue-starter,75,304,9,5,33,28,150,190,7,0,
840,2466494325,stonewall-starter,bruiser-starter,stonewall,bruiser,win,2,bruiser-starter,24,110,3,7,4,11,51,81,0,7,
841,2466494325,bruiser-starter,stonewall-starter,bruiser,stonewall,win,2,stonewall-starter,22,93,3,7,4,7,49,47,0,7,
842,825962798,stonewall-starter,syndicate-starter,stonewall,syndicate,win,1,stonewall-starter,15,73,5,1,5,2,36,32,7,0,
843,825962798,syndicate-starter,stonewall-starter,syndicate,stonewall,win,1,syndicate-starter,9,42,4,0,3,1,19,18,7,0,
844,3480398567,stonewall-starter,nightwalker-starter,stonewall,nightwalker,win,1,stonewall-starter,15,72,5,1,10,3,40,45,7,0,
845,3480398567,nightwalker-starter,stonewall-starter,nightwalker,stonewall,win,2,stonewall-starter,52,229,4,8,18,25,144,108,0,7,
846,1839867040,stonewall-starter,rogue-starter,stonewall,rogue,win,1,stonewall-starter,23,114,6,2,7,3,52,52,7,0,
847,1839867040,rogue-starter,stonewall-starter,rogue,stonewall,win,1,rogue-starter,15,70,5,1,4,1,27,24,7,0,
848,199335513,bruiser-starter,syndicate-starter,bruiser,syndicate,win,1,bruiser-starter,17,67,4,0,9,3,57,31,7,0,
849,199335513,syndicate-starter,bruiser-starter,syndicate,bruiser,win,2,bruiser-starter,24,102,2,6,7,13,66,97,0,7,
850,2853771282,bruiser-starter,nightwalker-starter,bruiser,nightwalker,win,1,bruiser-starter,19,82,4,0,11,5,59,45,7,0,
851,2853771282,nightwalker-starter,bruiser-starter,nightwalker,bruiser,win,2,bruiser-starter,22,89,1,5,6,12,53,56,0,7,
852,1213239755,bruiser-starter,rogue-starter,bruiser,rogue,win,1,bruiser-starter,15,63,5,1,8,1,53,22,7,0,
853,1213239755,rogue-starter,bruiser-starter,rogue,bruiser,win,2,bruiser-starter,28,118,3,7,8,13,58,98,0,7,
854,3867675524,syndicate-starter,nightwalker-starter,syndicate,nightwalker,win,1,syndicate-starter,17,80,4,0,9,5,43,46,7,0,
855,3867675524,nightwalker-starter,syndicate-starter,nightwalker,syndicate,win,2,syndicate-starter,28,125,2,6,10,15,71,72,0,7,
856,2227143997,syndicate-starter,rogue-starter,syndicate,rogue,win,2,rogue-starter,14,65,1,5,2,7,29,45,0,7,
857,2227143997,rogue-starter,syndicate-starter,rogue,syndicate,win,2,syndicate-starter,26,119,2,6,8,12,68,80,0,7,
858,586612470,nightwalker-starter,rogue-starter,nightwalker,rogue,win,2,rogue-starter,44,206,4,8,16,20,120,98,0,7,
859,586612470,rogue-starter,nightwalker-starter,rogue,nightwalker,win,2,nightwalker-starter,64,265,6,10,21,26,109,186,0,7,
860,3241048239,stonewall-starter,bruiser-starter,stonewall,bruiser,win,2,bruiser-starter,12,57,1,5,0,6,21,35,0,7,
861,3241048239,bruiser-starter,stonewall-starter,bruiser,stonewall,win,1,bruiser-starter,21,103,6,2,11,7,85,52,7,0,
862,1600516712,stonewall-starter,syndicate-starter,stonewall,syndicate,win,1,stonewall-starter,23,104,7,3,5,3,45,58,7,0,
863,1600516712,syndicate-starter,stonewall-starter,syndicate,stonewall,win,2,stonewall-starter,20,98,1,5,7,10,58,64,0,7,
864,4254952481,stonewall-starter,nightwalker-starter,stonewall,nightwalker,win,1,stonewall-starter,17,85,4,0,9,5,34,49,7,0,
865,4254952481,nightwalker-starter,stonewall-starter,nightwalker,stonewall,win,1,nightwalker-starter,25,105,5,1,8,7,60,40,7,0,
866,2614420954,stonewall-starter,rogue-starter,stonewall,rogue,win,1,stonewall-starter,43,188,8,4,18,11,119,106,7,0,
867,2614420954,rogue-starter,stonewall-starter,rogue,stonewall,win,2,stonewall-starter,42,187,3,7,11,17,105,109,0,7,
868,973889427,bruiser-starter,syndicate-starter,bruiser,syndicate,win,1,bruiser-starter,17,80,5,1,8,5,67,49,7,0,
869,973889427,syndicate-starter,bruiser-starter,syndicate,bruiser,win,2,bruiser-starter,18,82,1,5,4,11,45,74,0,7,
870,3628325196,bruiser-starter,nightwalker-starter,bruiser,nightwalker,win,1,bruiser-starter,17,82,5,1,9,4,50,36,7,0,
871,3628325196,nightwalker-starter,bruiser-starter,nightwalker,bruiser,win,2,bruiser-starter,24,103,1,5,7,13,63,66,0,7,
872,1987793669,bruiser-starter,rogue-starter,bruiser,rogue,win,1,bruiser-starter,17,84,5,1,8,3,66,39,7,0,
873,1987793669,rogue-starter,bruiser-starter,rogue,bruiser,win,2,bruiser-starter,20,82,1,5,4,9,39,64,0,7,
874,347262142,syndicate-starter,nightwalker-starter,syndicate,nightwalker,win,1,syndicate-starter,39,156,6,2,19,15,86,99,7,0,
875,347262142,nightwalker-starter,syndicate-starter,nightwalker,syndicate,win,2,syndicate-starter,32,142,2,6,13,17,91,83,0,7,
876,3001697911,syndicate-starter,rogue-starter,syndicate,rogue,win,1,syndicate-starter,31,150,7,3,14,8,89,60,7,0,
877,3001697911,rogue-starter,syndicate-starter,rogue,syndicate,win,1,rogue-starter,25,109,5,1,13,7,82,66,7,0,
878,1361166384,nightwalker-starter,rogue-starter,nightwalker,rogue,win,1,nightwalker-starter,33,142,6,2,14,13,90,68,7,0,
879,1361166384,rogue-starter,nightwalker-starter,rogue,nightwalker,win,2,nightwalker-starter,56,231,4,8,21,22,98,158,0,7,
880,4015602153,stonewall-starter,bruiser-starter,stonewall,bruiser,win,2,bruiser-starter,16,78,1,5,3,7,35,61,0,7,
881,4015602153,bruiser-starter,stonewall-starter,bruiser,stonewall,win,1,bruiser-starter,9,40,4,0,3,0,22,13,7,0,
882,2375070626,stonewall-starter,syndicate-starter,stonewall,syndicate,win,2,syndicate-starter,16,73,1,5,1,5,26,44,0,7,
883,2375070626,syndicate-starter,stonewall-starter,syndicate,stonewall,win,2,stonewall-starter,24,118,2,6,5,13,72,80,0,7,
884,734539099,stonewall-starter,nightwalker-starter,stonewall,nightwalker,win,1,stonewall-starter,53,243,8,4,25,19,114,166,7,0,
885,734539099,nightwalker-starter,stonewall-starter,nightwalker,stonewall,win,2,stonewall-starter,28,127,2,6,9,14,82,63,0,7,
886,3388974868,stonewall-starter,rogue-starter,stonewall,rogue,win,1,stonewall-starter,19,98,6,2,10,4,64,57,7,0,
887,3388974868,rogue-starter,stonewall-starter,rogue,stonewall,win,1,rogue-starter,21,103,6,2,7,6,53,56,7,0,
888,1748443341,bruiser-starter,syndicate-starter,bruiser,syndicate,win,1,bruiser-starter,21,91,5,1,11,6,79,46,7,0,
889,1748443341,syndicate-starter,bruiser-starter,syndicate,bruiser,win,2,bruiser-starter,24,107,1,5,8,13,61,87,0,7,
890,107911814,bruiser-starter,nightwalker-starter,bruiser,nightwalker,win,1,bruiser-starter,11,51,4,0,6,0,31,22,7,0,
891,107911814,nightwalker-starter,bruiser-starter,nightwalker,bruiser,win,2,bruiser-starter,20,93,1,5,6,12,53,57,0,7,
892,2762347583,bruiser-starter,rogue-starter,bruiser,rogue,win,1,bruiser-starter,15,73,5,1,9,4,65,42,7,0,
893,2762347583,rogue-starter,bruiser-starter,rogue,bruiser,win,2,bruiser-starter,14,69,1,5,3,9,38,64,0,7,
894,1121816056,syndicate-starter,nightwalker-starter,syndicate,nightwalker,win,1,syndicate-starter,43,183,8,4,22,17,108,125,7,0,
895,1121816056,nightwalker-starter,syndicate-starter,nightwalker,syndicate,win,2,syndicate-starter,50,213,4,8,21,22,136,107,0,7,
896,3776251825,syndicate-starter,rogue-starter,syndicate,rogue,win,1,syndicate-starter,23,105,6,2,11,7,77,53,7,0,
897,3776251825,rogue-starter,syndicate-starter,rogue,syndicate,win,1,rogue-starter,23,106,6,2,11,7,72,70,7,0,
898,2135720298,nightwalker-starter,rogue-starter,nightwalker,rogue,win,1,nightwalker-starter,59,256,10,6,24,25,177,120,7,0,
899,2135720298,rogue-starter,nightwalker-starter,rogue,nightwalker,win,1,rogue-starter,35,137,6,2,17,13,73,84,7,0,
900,495188771,stonewall-starter,bruiser-starter,stonewall,bruiser,win,2,bruiser-starter,20,94,2,6,4,9,41,78,0,7,
901,495188771,bruiser-starter,stonewall-starter,bruiser,stonewall,win,1,bruiser-starter,9,40,4,0,3,1,27,13,7,0,
902,3149624540,stonewall-starter,syndicate-starter,stonewall,syndicate,win,1,stonewall-starter,27,130,6,2,12,8,71,84,7,0,
903,3149624540,syndicate-starter,stonewall-starter,syndicate,stonewall,win,1,syndicate-starter,25,115,5,1,9,8,68,59,7,0,
904,1509093013,stonewall-starter,nightwalker-starter,stonewall,nightwalker,win,1,stonewall-starter,23,115,6,2,11,6,56,75,7,0,
905,1509093013,nightwalker-starter,stonewall-starter,nightwalker,stonewall,win,2,stonewall-starter,52,230,4,8,17,26,156,117,0,7,
906,4163528782,stonewall-starter,rogue-starter,stonewall,rogue,win,1,stonewall-starter,43,221,10,6,16,10,119,110,7,0,
907,4163528782,rogue-starter,stonewall-starter,rogue,stonewall,win,2,stonewall-starter,22,106,3,7,3,10,55,58,0,7,
908,2522997255,bruiser-starter,syndicate-starter,bruiser,syndicate,win,1,bruiser-starter,19,96,6,2,11,6,79,54,7,0,
909,2522997255,syndicate-starter,bruiser-starter,syndicate,bruiser,win,2,bruiser-starter,18,87,1,5,6,10,51,66,0,7,
910,882465728,bruiser-starter,nightwalker-starter,bruiser,nightwalker,win,1,bruiser-starter,17,81,4,0,11,5,59,42,7,0,
911,882465728,nightwalker-starter,bruiser-starter,nightwalker,bruiser,win,2,bruiser-starter,18,82,1,5,4,8,38,41,0,7,
912,3536901497,bruiser-starter,rogue-starter,bruiser,rogue,win,1,bruiser-starter,17,80,6,2,9,2,59,32,7,0,
913,3536901497,rogue-starter,bruiser-starter,rogue,bruiser,win,2,bruiser-starter,14,66,1,5,1,6,22,43,0,7,
914,1896369970,syndicate-starter,nightwalker-starter,syndicate,nightwalker,win,1,syndicate-starter,23,104,5,1,11,9,50,60,7,0,
915,1896369970,nightwalker-starter,syndicate-starter,nightwalker,syndicate,win,2,syndicate-starter,52,209,4,8,19,24,138,111,0,7,
916,255838443,syndicate-starter,rogue-starter,syndicate,rogue,win,1,syndicate-starter,39,185,8,4,17,16,126,116,7,0,
917,255838443,rogue-starter,syndicate-starter,rogue,syndicate,win,1,rogue-starter,39,178,8,4,20,11,124,105,7,0,
918,2910274212,nightwalker-starter,rogue-starter,nightwalker,rogue,win,1,nightwalker-starter,25,111,5,1,10,9,72,39,7,0,
919,2910274212,rogue-starter,nightwalker-starter,rogue,nightwalker,win,2,nightwalker-starter,50,210,4,8,20,21,97,135,0,7,
920,1269742685,stonewall-starter,bruiser-starter,stonewall,bruiser,win,2,bruiser-starter,36,155,4,8,11,16,80,128,0,7,
921,1269742685,bruiser-starter,stonewall-starter,bruiser,stonewall,win,1,bruiser-starter,9,40,4,0,3,0,23,11,7,0,
922,3924178454,stonewall-starter,syndicate-starter,stonewall,syndicate,win,1,stonewall-starter,21,107,6,2,10,5,64,60,7,0,
923,3924178454,syndicate-starter,stonewall-starter,syndicate,stonewall,win,2,stonewall-starter,22,99,2,6,5,10,59,61,0,7,
924,2283646927,stonewall-starter,nightwalker-starter,stonewall,nightwalker,win,1,stonewall-starter,85,366,12,8,36,29,169,259,7,0,
925,2283646927,nightwalker-starter,stonewall-starter,nightwalker,stonewall,win,2,stonewall-starter,18,89,1,5,4,11,46,53,0,7,
926,643115400,stonewall-starter,rogue-starter,stonewall,rogue,win,1,stonewall-starter,27,129,6,2,11,7,86,64,7,0,
927,643115400,rogue-starter,stonewall-starter,rogue,stonewall,win,2,stonewall-starter,20,98,2,6,4,6,45,43,0,7,
928,3297551169,bruiser-starter,syndicate-starter,bruiser,syndicate,win,1,bruiser-starter,17,76,5,1,8,4,57,36,7,0,
929,3297551169,syndicate-starter,bruiser-starter,syndicate,bruiser,win,2,bruiser-starter,12,55,0,4,1,6,26,38,0,7,
930,1657019642,bruiser-starter,nightwalker-starter,bruiser,nightwalker,win,1,bruiser-starter,17,76,4,0,10,5,52,43,7,0,
931,1657019642,nightwalker-starter,bruiser-starter,nightwalker,bruiser,win,2,bruiser-starter,28,115,2,6,9,15,73,79,0,7,
932,16488115,bruiser-starter,rogue-starter,bruiser,rogue,win,1,bruiser-starter,15,65,4,0,8,3,52,30,7,0,
933,16488115,rogue-starter,bruiser-starter,rogue,bruiser,win,2,bruiser-starter,30,136,3,7,7,15,65,117,0,7,
934,2670923884,syndicate-starter,nightwalker-starter,syndicate,nightwalker,win,1,syndicate-starter,25,109,5,1,11,11,58,76,7,0,
935,2670923884,nightwalker-starter,syndicate-starter,nightwalker,syndicate,win,2,syndicate-starter,38,163,3,7,14,19,107,89,0,7,
936,1030392357,syndicate-starter,rogue-starter,syndicate,rogue,win,1,syndicate-starter,33,148,7,3,14,9,93,73,7,0,
937,1030392357,rogue-starter,syndicate-starter,rogue,syndicate,win,2,syndicate-starter,42,188,4,8,13,18,97,127,0,7,
938,3684828126,nightwalker-starter,rogue-starter,nightwalker,rogue,win,1,nightwalker-starter,39,166,6,2,16,14,115,69,7,0,
939,3684828126,rogue-starter,nightwalker-starter,rogue,nightwalker,win,2,nightwalker-starter,44,195,3,7,18,18,79,132,0,7,
940,2044296599,stonewall-starter,bruiser-starter,stonewall,bruiser,win,2,bruiser-starter,18,77,1,5,3,10,37,67,0,7,
941,2044296599,bruiser-starter,stonewall-starter,bruiser,stonewall,win,1,bruiser-starter,21,100,6,2,9,4,77,47,7,0,
942,403765072,stonewall-starter,syndicate-starter,stonewall,syndicate,win,2,syndicate-starter,12,55,1,5,0,4,22,36,0,7,
943,403765072,syndicate-starter,stonewall-starter,syndicate,stonewall,win,2,stonewall-starter,14,69,1,5,4,5,38,40,0,7,
944,3058200841,stonewall-starter,nightwalker-starter,stonewall,nightwalker,win,1,stonewall-starter,29,127,5,1,14,9,64,81,7,0,
945,3058200841,nightwalker-starter,stonewall-starter,nightwalker,stonewall,win,2,stonewall-starter,30,138,2,6,10,16,93,70,0,7,
946,1417669314,stonewall-starter,rogue-starter,stonewall,rogue,win,1,stonewall-starter,21,96,5,1,7,4,48,48,7,0,
947,1417669314,rogue-starter,stonewall-starter,rogue,stonewall,win,2,stonewall-starter,48,227,6,10,14,20,118,149,0,7,
948,4072105083,bruiser-starter,syndicate-starter,bruiser,syndicate,win,1,bruiser-starter,9,41,4,0,3,1,24,17,7,0,
949,4072105083,syndicate-starter,bruiser-starter,syndicate,bruiser,win,2,bruiser-starter,14,63,1,5,2,8,27,44,0,7,
950,2431573556,bruiser-starter,nightwalker-starter,bruiser,nightwalker,win,1,bruiser-starter,17,78,4,0,9,5,48,40,7,0,
951,2431573556,nightwalker-starter,bruiser-starter,nightwalker,bruiser,win,2,bruiser-starter,24,100,1,5,8,12,56,58,0,7,
952,791042029,bruiser-starter,rogue-starter,bruiser,rogue,win,1,bruiser-starter,17,72,5,1,8,3,61,35,7,0,
953,791042029,rogue-starter,bruiser-starter,rogue,bruiser,win,2,bruiser-starter,36,153,5,9,9,16,72,116,0,7,
954,3445477798,syndicate-starter,nightwalker-starter,syndicate,nightwalker,win,1,syndicate-starter,35,145,6,2,17,15,77,92,7,0,
955,3445477798,nightwalker-starter,syndicate-starter,nightwalker,syndicate,win,2,syndicate-starter,40,168,3,7,14,19,100,87,0,7,
956,1804946271,syndicate-starter,rogue-starter,syndicate,rogue,win,1,syndicate-starter,23,108,5,1,10,8,71,56,7,0,
957,1804946271,rogue-starter,syndicate-starter,rogue,syndicate,win,2,syndicate-starter,30,136,2,6,9,13,64,91,0,7,
958,164414744,nightwalker-starter,rogue-starter,nightwalker,rogue,win,2,rogue-starter,18,70,1,5,2,5,22,21,0,7,
959,164414744,rogue-starter,nightwalker-starter,rogue,nightwalker,win,1,rogue-starter,27,125,5,1,16,10,68,80,7,0,
960,2818850513,stonewall-starter,bruiser-starter,stonewall,bruiser,win,2,bruiser-starter,16,75,1,5,1,6,33,49,0,7,
961,2818850513,bruiser-starter,stonewall-starter,bruiser,stonewall,win,1,bruiser-starter,31,151,8,4,11,12,110,92,7,0,
962,1178318986,stonewall-starter,syndicate-starter,stonewall,syndicate,win,2,syndicate-starter,28,131,3,7,7,10,66,77,0,7,
963,1178318986,syndicate-starter,stonewall-starter,syndicate,stonewall,win,2,stonewall-starter,34,168,4,8,10,15,96,92,0,7,
964,3832754755,stonewall-starter,nightwalker-starter,stonewall,nightwalker,win,2,nightwalker-starter,54,244,5,9,20,21,107,156,0,7,
965,3832754755,nightwalker-starter,stonewall-starter,nightwalker,stonewall,win,2,stonewall-starter,24,117,2,6,6,16,73,66,0,7,
966,2192223228,stonewall-starter,rogue-starter,stonewall,rogue,win,1,stonewall-starter,29,144,7,3,12,9,93,74,7,0,
967,2192223228,rogue-starter,stonewall-starter,rogue,stonewall,win,2,stonewall-starter,36,166,3,7,9,16,89,108,0,7,
968,551691701,bruiser-starter,syndicate-starter,bruiser,syndicate,win,1,bruiser-starter,17,69,5,1,8,3,47,39,7,0,
969,551691701,syndicate-starter,bruiser-starter,syndicate,bruiser,win,2,bruiser-starter,24,111,2,6,7,13,57,83,0,7,
970,3206127470,bruiser-starter,nightwalker-starter,bruiser,nightwalker,win,1,bruiser-starter,13,64,4,0,9,2,41,28,7,0,
971,3206127470,nightwalker-starter,bruiser-starter,nightwalker,bruiser,win,2,bruiser-starter,18,81,1,5,4,10,40,50,0,7,
972,1565595943,bruiser-starter,rogue-starter,bruiser,rogue,win,1,bruiser-starter,19,87,4,0,11,6,73,47,7,0,
973,1565595943,rogue-starter,bruiser-starter,rogue,bruiser,win,2,bruiser-starter,22,110,2,6,6,13,58,87,0,7,
974,4220031712,syndicate-starter,nightwalker-starter,syndicate,nightwalker,win,1,syndicate-starter,39,157,7,3,19,13,85,91,7,0,
975,4220031712,nightwalker-starter,syndicate-starter,nightwalker,syndicate,win,2,syndicate-starter,40,178,2,6,18,20,116,101,0,7,
976,2579500185,syndicate-starter,rogue-starter,syndicate,rogue,win,1,syndicate-starter,21,104,6,2,10,6,81,56,7,0,
977,2579500185,rogue-starter,syndicate-starter,rogue,syndicate,win,1,rogue-starter,15,76,5,1,8,3,54,39,7,0,
978,938968658,nightwalker-starter,rogue-starter,nightwalker,rogue,win,1,nightwalker-starter,57,239,8,4,23,23,163,109,7,0,
979,938968658,rogue-starter,nightwalker-starter,rogue,nightwalker,win,2,nightwalker-starter,182,731,17,21,74,72,328,479,0,7,
980,3593404427,stonewall-starter,bruiser-starter,stonewall,bruiser,win,1,stonewall-starter,11,52,4,0,4,0,24,27,7,0,
981,3593404427,bruiser-starter,stonewall-starter,bruiser,stonewall,win,1,bruiser-starter,17,81,5,1,7,4,57,46,7,0,
982,1952872900,stonewall-starter,syndicate-starter,stonewall,syndicate,win,2,syndicate-starter,14,61,1,5,1,3,23,26,0,7,
983,1952872900,syndicate-starter,stonewall-starter,syndicate,stonewall,win,2,stonewall-starter,16,70,1,5,2,5,34,33,0,7,
984,312341373,stonewall-starter,nightwalker-starter,stonewall,nightwalker,win,1,stonewall-starter,33,148,6,2,16,10,75,89,7,0,
985,312341373,nightwalker-starter,stonewall-starter,nightwalker,stonewall,win,2,stonewall-starter,76,342,8,12,27,36,230,162,0,7,
986,2966777142,stonewall-starter,rogue-starter,stonewall,rogue,win,2,rogue-starter,14,72,1,5,1,4,28,35,0,7,
987,2966777142,rogue-starter,stonewall-starter,rogue,stonewall,win,2,stonewall-starter,16,69,1,5,2,8,34,50,0,7,
988,1326245615,bruiser-starter,syndicate-starter,bruiser,syndicate,win,1,bruiser-starter,15,70,5,1,9,3,57,35,7,0,
989,1326245615,syndicate-starter,bruiser-starter,syndicate,bruiser,win,2,bruiser-starter,38,168,3,7,12,20,92,140,0,7,
990,3980681384,bruiser-starter,nightwalker-starter,bruiser,nightwalker,win,1,bruiser-starter,27,117,6,2,15,8,71,65,7,0,
991,3980681384,nightwalker-starter,bruiser-starter,nightwalker,bruiser,win,2,bruiser-starter,22,97,1,5,5,12,57,59,0,7,
992,2340149857,bruiser-starter,rogue-starter,bruiser,rogue,win,1,bruiser-starter,17,74,5,1,9,3,73,35,7,0,
993,2340149857,rogue-starter,bruiser-starter,rogue,bruiser,win,2,bruiser-starter,22,100,1,5,6,11,48,79,0,7,
994,699618330,syndicate-starter,nightwalker-starter,syndicate,nightwalker,win,1,syndicate-starter,25,113,6,2,14,8,73,59,7,0,
995,699618330,nightwalker-starter,syndicate-starter,nightwalker,syndicate,win,2,syndicate-starter,24,102,1,5,8,13,61,61,0,7,
996,3354054099,syndicate-starter,rogue-starter,syndicate,rogue,win,1,syndicate-starter,13,55,4,0,5,2,26,24,7,0,
997,3354054099,rogue-starter,syndicate-starter,rogue,syndicate,win,2,syndicate-starter,36,159,3,7,12,15,104,103,0,7,
998,1713522572,nightwalker-starter,rogue-starter,nightwalker,rogue,win,1,nightwalker-starter,41,172,7,3,17,17,114,73,7,0,
999,1713522572,rogue-starter,nightwalker-starter,rogue,nightwalker,win,1,rogue-starter,95,388,13,9,41,36,183,249,7,0,
