index,seed,p1_deck,p2_deck,p1_faction,p2_faction,status,winner_seat,winner_deck,turns,decisions,p1_captures,p2_captures,p1_kills,p2_kills,p1_damage,p2_damage,p1_territories,p2_territories,error
0,20261004,stonewall-bastion,stonewall-counteroffensive,stonewall,stonewall,win,1,stonewall-bastion,21,102,6,2,6,2,43,40,7,0,
1,20261004,stonewall-counteroffensive,stonewall-bastion,stonewall,stonewall,win,1,stonewall-counteroffensive,17,84,5,1,4,2,38,30,7,0,
2,2674696773,stonewall-bastion,bruiser-shock-assault,stonewall,bruiser,win,1,stonewall-bastion,23,106,6,2,11,7,58,76,7,0,
3,2674696773,bruiser-shock-assault,stonewall-bastion,bruiser,stonewall,win,2,stonewall-bastion,22,108,2,6,4,12,68,59,0,7,
4,1034165246,stonewall-bastion,bruiser-heavy-breakthrough,stonewall,bruiser,win,2,bruiser-heavy-breakthrough,12,53,0,4,1,5,13,34,0,7,
5,1034165246,bruiser-heavy-breakthrough,stonewall-bastion,bruiser,stonewall,win,1,bruiser-heavy-breakthrough,37,172,10,6,15,9,133,76,7,0,
6,3688601015,stonewall-bastion,syndicate-combined-arms,stonewall,syndicate,win,2,syndicate-combined-arms,20,104,2,6,3,7,48,55,0,7,
7,3688601015,syndicate-combined-arms,stonewall-bastion,syndicate,stonewall,win,1,syndicate-combined-arms,15,75,5,1,5,2,42,29,7,0,
8,2048069488,stonewall-bastion,syndicate-precision-operations,stonewall,syndicate,win,1,stonewall-bastion,21,102,5,1,10,6,48,70,7,0,
9,2048069488,syndicate-precision-operations,stonewall-bastion,syndicate,stonewall,win,2,stonewall-bastion,14,65,1,5,2,5,32,36,0,7,
10,407537961,stonewall-bastion,nightwalker-sabotage,stonewall,nightwalker,win,1,stonewall-bastion,17,83,5,1,7,3,39,40,7,0,
11,407537961,nightwalker-sabotage,stonewall-bastion,nightwalker,stonewall,win,2,stonewall-bastion,32,152,3,7,7,13,86,76,0,7,
12,3061973730,stonewall-bastion,nightwalker-assassination,stonewall,nightwalker,win,2,nightwalker-assassination,10,42,0,4,0,1,9,8,0,7,
13,3061973730,nightwalker-assassination,stonewall-bastion,nightwalker,stonewall,win,2,stonewall-bastion,16,76,1,5,6,6,58,33,0,7,
14,1421442203,stonewall-bastion,rogue-scavenger,stonewall,rogue,win,1,stonewall-bastion,27,133,8,4,6,3,58,57,7,0,
15,1421442203,rogue-scavenger,stonewall-bastion,rogue,stonewall,win,1,rogue-scavenger,11,53,4,0,2,1,15,15,7,0,
16,4075877972,stonewall-bastion,rogue-wildcard,stonewall,rogue,win,1,stonewall-bastion,9,41,4,0,2,0,16,19,7,0,
17,4075877972,rogue-wildcard,stonewall-bastion,rogue,stonewall,win,1,rogue-wildcard,15,73,5,1,5,2,46,30,7,0,
18,2435346445,stonewall-counteroffensive,bruiser-shock-assault,stonewall,bruiser,win,2,bruiser-shock-assault,24,112,1,5,10,11,58,79,0,7,
19,2435346445,bruiser-shock-assault,stonewall-counteroffensive,bruiser,stonewall,win,2,stonewall-counteroffensive,40,177,4,8,14,19,122,100,0,7,
20,794814918,stonewall-counteroffensive,bruiser-heavy-breakthrough,stonewall,bruiser,win,2,bruiser-heavy-breakthrough,16,70,0,4,3,8,24,69,0,7,
21,794814918,bruiser-heavy-breakthrough,stonewall-counteroffensive,bruiser,stonewall,win,1,bruiser-heavy-breakthrough,27,112,6,2,13,6,89,44,7,0,
22,3449250687,stonewall-counteroffensive,syndicate-combined-arms,stonewall,syndicate,win,1,stonewall-counteroffensive,15,70,5,1,3,2,26,30,7,0,
23,3449250687,syndicate-combined-arms,stonewall-counteroffensive,syndicate,stonewall,win,2,stonewall-counteroffensive,30,147,4,8,6,11,81,84,0,7,
24,1808719160,stonewall-counteroffensive,syndicate-precision-operations,stonewall,syndicate,win,1,stonewall-counteroffensive,11,50,4,0,2,1,17,16,7,0,
25,1808719160,syndicate-precision-operations,stonewall-counteroffensive,syndicate,stonewall,win,2,stonewall-counteroffensive,44,191,4,8,15,17,116,102,0,7,
26,168187633,stonewall-counteroffensive,nightwalker-sabotage,stonewall,nightwalker,win,1,stonewall-counteroffensive,41,175,8,4,14,13,78,109,7,0,
27,168187633,nightwalker-sabotage,stonewall-counteroffensive,nightwalker,stonewall,win,2,stonewall-counteroffensive,40,178,3,7,16,17,116,95,0,7,
28,2822623402,stonewall-counteroffensive,nightwalker-assassination,stonewall,nightwalker,win,1,stonewall-counteroffensive,19,88,5,1,8,5,42,68,7,0,
29,2822623402,nightwalker-assassination,stonewall-counteroffensive,nightwalker,stonewall,win,1,nightwalker-assassination,19,87,5,1,7,3,52,37,7,0,
30,1182091875,stonewall-counteroffensive,rogue-scavenger,stonewall,rogue,win,1,stonewall-counteroffensive,15,73,5,1,2,1,28,25,7,0,
31,1182091875,rogue-scavenger,stonewall-counteroffensive,rogue,stonewall,win,2,stonewall-counteroffensive,16,78,1,5,1,3,31,29,0,7,
32,3836527644,stonewall-counteroffensive,rogue-wildcard,stonewall,rogue,win,1,stonewall-counteroffensive,33,159,7,3,13,13,93,103,7,0,
33,3836527644,rogue-wildcard,stonewall-counteroffensive,rogue,stonewall,win,2,stonewall-counteroffensive,16,75,1,5,3,7,35,41,0,7,
34,2195996117,bruiser-shock-assault,bruiser-heavy-breakthrough,bruiser,bruiser,win,2,bruiser-heavy-breakthrough,16,66,1,5,3,9,24,47,0,7,
35,2195996117,bruiser-heavy-breakthrough,bruiser-shock-assault,bruiser,bruiser,win,1,bruiser-heavy-breakthrough,23,90,5,1,11,8,68,46,7,0,
36,555464590,bruiser-shock-assault,syndicate-combined-arms,bruiser,syndicate,win,2,syndicate-combined-arms,18,80,1,5,4,12,39,52,0,7,
37,555464590,syndicate-combined-arms,bruiser-shock-assault,syndicate,bruiser,win,1,syndicate-combined-arms,23,101,6,2,13,8,62,80,7,0,
38,3209900359,bruiser-shock-assault,syndicate-precision-operations,bruiser,syndicate,win,1,bruiser-shock-assault,13,57,4,0,5,3,26,22,7,0,
39,3209900359,syndicate-precision-operations,bruiser-shock-assault,syndicate,bruiser,win,2,bruiser-shock-assault,26,94,1,5,9,11,46,60,0,7,
40,1569368832,bruiser-shock-assault,nightwalker-sabotage,bruiser,nightwalker,win,2,nightwalker-sabotage,30,112,2,6,7,16,53,79,0,7,
41,1569368832,nightwalker-sabotage,bruiser-shock-assault,nightwalker,bruiser,win,1,nightwalker-sabotage,23,96,5,1,13,7,65,51,7,0,
42,4223804601,bruiser-shock-assault,nightwalker-assassination,bruiser,nightwalker,win,1,bruiser-shock-assault,13,55,5,1,3,4,13,22,7,0,
43,4223804601,nightwalker-assassination,bruiser-shock-assault,nightwalker,bruiser,win,1,nightwalker-assassination,19,79,4,0,12,7,53,41,7,0,
44,2583273074,bruiser-shock-assault,rogue-scavenger,bruiser,rogue,win,2,rogue-scavenger,56,254,5,9,17,25,159,122,0,7,
45,2583273074,rogue-scavenger,bruiser-shock-assault,rogue,bruiser,win,2,bruiser-shock-assault,26,120,1,5,11,10,61,73,0,7,
46,942741547,bruiser-shock-assault,rogue-wildcard,bruiser,rogue,win,2,rogue-wildcard,58,229,4,8,20,27,153,137,0,7,
47,942741547,rogue-wildcard,bruiser-shock-assault,rogue,bruiser,win,1,rogue-wildcard,29,126,6,2,16,11,80,89,7,0,
48,3597177316,bruiser-heavy-breakthrough,syndicate-combined-arms,bruiser,syndicate,win,1,bruiser-heavy-breakthrough,15,70,4,0,9,4,56,28,7,0,
49,3597177316,syndicate-combined-arms,bruiser-heavy-breakthrough,syndicate,bruiser,win,2,bruiser-heavy-breakthrough,30,137,2,6,9,15,66,105,0,7,
50,1956645789,bruiser-heavy-breakthrough,syndicate-precision-operations,bruiser,syndicate,win,1,bruiser-heavy-breakthrough,17,62,4,0,10,3,53,21,7,0,
51,1956645789,syndicate-precision-operations,bruiser-heavy-breakthrough,syndicate,bruiser,win,2,bruiser-heavy-breakthrough,16,64,0,4,3,7,26,41,0,7,
52,316114262,bruiser-heavy-breakthrough,nightwalker-sabotage,bruiser,nightwalker,win,1,bruiser-heavy-breakthrough,15,57,4,0,6,3,31,23,7,0,
53,316114262,nightwalker-sabotage,bruiser-heavy-breakthrough,nightwalker,bruiser,win,2,bruiser-heavy-breakthrough,18,73,1,5,3,7,37,46,0,7,
54,2970550031,bruiser-heavy-breakthrough,nightwalker-assassination,bruiser,nightwalker,win,1,bruiser-heavy-breakthrough,33,128,6,2,14,14,82,91,7,0,
55,2970550031,nightwalker-assassination,bruiser-heavy-breakthrough,nightwalker,bruiser,win,2,bruiser-heavy-breakthrough,18,72,0,4,7,9,45,53,0,7,
56,1330018504,bruiser-heavy-breakthrough,rogue-scavenger,bruiser,rogue,win,1,bruiser-heavy-breakthrough,25,109,6,2,12,6,93,44,7,0,
57,1330018504,rogue-scavenger,bruiser-heavy-breakthrough,rogue,bruiser,win,2,bruiser-heavy-breakthrough,14,49,0,4,1,6,14,40,0,7,
58,3984454273,bruiser-heavy-breakthrough,rogue-wildcard,bruiser,rogue,win,1,bruiser-heavy-breakthrough,21,93,6,2,10,5,76,45,7,0,
59,3984454273,rogue-wildcard,bruiser-heavy-breakthrough,rogue,bruiser,win,2,bruiser-heavy-breakthrough,20,86,1,5,7,10,49,72,0,7,
60,2343922746,syndicate-combined-arms,syndicate-precision-operations,syndicate,syndicate,win,1,syndicate-combined-arms,17,81,4,0,9,6,44,45,7,0,
61,2343922746,syndicate-precision-operations,syndicate-combined-arms,syndicate,syndicate,win,2,syndicate-combined-arms,18,86,1,5,6,10,54,51,0,7,
62,703391219,syndicate-combined-arms,nightwalker-sabotage,syndicate,nightwalker,win,1,syndicate-combined-arms,35,152,7,3,14,12,87,97,7,0,
63,703391219,nightwalker-sabotage,syndicate-combined-arms,nightwalker,syndicate,win,2,syndicate-combined-arms,22,101,2,6,5,10,67,65,0,7,
64,3357826988,syndicate-combined-arms,nightwalker-assassination,syndicate,nightwalker,win,1,syndicate-combined-arms,25,120,5,1,11,12,68,96,7,0,
65,3357826988,nightwalker-assassination,syndicate-combined-arms,nightwalker,syndicate,win,1,nightwalker-assassination,59,250,10,6,30,21,195,135,7,0,
66,1717295461,syndicate-combined-arms,rogue-scavenger,syndicate,rogue,win,2,rogue-scavenger,16,81,1,5,3,6,53,51,0,7,
67,1717295461,rogue-scavenger,syndicate-combined-arms,rogue,syndicate,win,2,syndicate-combined-arms,18,93,1,5,3,7,42,59,0,7,
68,76763934,syndicate-combined-arms,rogue-wildcard,syndicate,rogue,win,1,syndicate-combined-arms,33,153,7,3,15,13,103,104,7,0,
69,76763934,rogue-wildcard,syndicate-combined-arms,rogue,syndicate,win,1,rogue-wildcard,39,191,9,5,22,8,142,112,7,0,
70,2731199703,syndicate-precision-operations,nightwalker-sabotage,syndicate,nightwalker,win,2,nightwalker-sabotage,30,136,1,5,11,14,63,75,0,7,
71,2731199703,nightwalker-sabotage,syndicate-precision-operations,nightwalker,syndicate,win,1,nightwalker-sabotage,27,107,5,1,12,9,67,60,7,0,
72,1090668176,syndicate-precision-operations,nightwalker-assassination,syndicate,nightwalker,win,2,nightwalker-assassination,28,112,2,6,9,13,57,82,0,7,
73,1090668176,nightwalker-assassination,syndicate-precision-operations,nightwalker,syndicate,win,1,nightwalker-assassination,11,46,4,0,7,1,29,15,7,0,
74,3745103945,syndicate-precision-operations,rogue-scavenger,syndicate,rogue,win,2,rogue-scavenger,20,92,2,6,4,6,49,36,0,7,
75,3745103945,rogue-scavenger,syndicate-precision-operations,rogue,syndicate,win,1,rogue-scavenger,17,77,5,1,6,4,36,42,7,0,
76,2104572418,syndicate-precision-operations,rogue-wildcard,syndicate,rogue,win,2,rogue-wildcard,28,117,1,5,9,12,59,60,0,7,
77,2104572418,rogue-wildcard,syndicate-precision-operations,rogue,syndicate,win,1,rogue-wildcard,17,78,5,1,9,4,52,45,7,0,
78,464040891,nightwalker-sabotage,nightwalker-assassination,nightwalker,nightwalker,win,2,nightwalker-assassination,34,136,3,7,9,13,71,82,0,7,
79,464040891,nightwalker-assassination,nightwalker-sabotage,nightwalker,nightwalker,win,1,nightwalker-assassination,23,101,5,1,10,8,65,50,7,0,
80,3118476660,nightwalker-sabotage,rogue-scavenger,nightwalker,rogue,win,2,rogue-scavenger,34,157,3,7,10,12,93,77,0,7,
81,3118476660,rogue-scavenger,nightwalker-sabotage,rogue,nightwalker,win,1,rogue-scavenger,35,163,7,3,12,10,70,100,7,0,
82,1477945133,nightwalker-sabotage,rogue-wildcard,nightwalker,rogue,win,2,rogue-wildcard,40,166,3,7,11,17,98,95,0,7,
83,1477945133,rogue-wildcard,nightwalker-sabotage,rogue,nightwalker,win,1,rogue-wildcard,21,80,5,1,7,5,37,42,7,0,
84,4132380902,nightwalker-assassination,rogue-scavenger,nightwalker,rogue,win,1,nightwalker-assassination,25,114,6,2,13,6,100,42,7,0,
85,4132380902,rogue-scavenger,nightwalker-assassination,rogue,nightwalker,win,1,rogue-scavenger,21,98,5,1,8,6,35,52,7,0,
86,2491849375,nightwalker-assassination,rogue-wildcard,nightwalker,rogue,win,1,nightwalker-assassination,27,103,6,2,13,9,88,53,7,0,
87,2491849375,rogue-wildcard,nightwalker-assassination,rogue,nightwalker,win,2,nightwalker-assassination,58,230,4,8,22,25,130,188,0,7,
88,851317848,rogue-scavenger,rogue-wildcard,rogue,rogue,win,2,rogue-wildcard,34,162,4,8,8,15,80,111,0,7,
89,851317848,rogue-wildcard,rogue-scavenger,rogue,rogue,win,1,rogue-wildcard,13,64,4,0,5,2,35,21,7,0,
90,3505753617,stonewall-bastion,stonewall-counteroffensive,stonewall,stonewall,win,1,stonewall-bastion,11,51,4,0,3,0,22,21,7,0,
91,3505753617,stonewall-counteroffensive,stonewall-bastion,stonewall,stonewall,win,2,stonewall-bastion,22,109,2,6,4,9,53,67,0,7,
92,1865222090,stonewall-bastion,bruiser-shock-assault,stonewall,bruiser,win,1,stonewall-bastion,15,67,5,1,5,3,26,33,7,0,
93,1865222090,bruiser-shock-assault,stonewall-bastion,bruiser,stonewall,win,1,bruiser-shock-assault,23,115,6,2,9,8,80,47,7,0,
94,224690563,stonewall-bastion,bruiser-heavy-breakthrough,stonewall,bruiser,win,2,bruiser-heavy-breakthrough,20,94,3,7,4,10,34,76,0,7,
95,224690563,bruiser-heavy-breakthrough,stonewall-bastion,bruiser,stonewall,win,2,stonewall-bastion,14,60,1,5,2,5,42,23,0,7,
96,2879126332,stonewall-bastion,syndicate-combined-arms,stonewall,syndicate,win,2,syndicate-combined-arms,28,139,4,8,5,13,69,105,0,7,
97,2879126332,syndicate-combined-arms,stonewall-bastion,syndicate,stonewall,win,2,stonewall-bastion,18,89,1,5,3,8,51,55,0,7,
98,1238594805,stonewall-bastion,syndicate-precision-operations,stonewall,syndicate,win,1,stonewall-bastion,17,69,4,0,6,5,37,42,7,0,
99,1238594805,syndicate-precision-operations,stonewall-bastion,syndicate,stonewall,win,2,stonewall-bastion,42,191,4,8,12,17,117,105,0,7,
100,3893030574,stonewall-bastion,nightwalker-sabotage,stonewall,nightwalker,win,1,stonewall-bastion,21,94,5,1,7,7,44,68,7,0,
101,3893030574,nightwalker-sabotage,stonewall-bastion,nightwalker,stonewall,win,2,stonewall-bastion,16,76,1,5,2,8,47,48,0,7,
102,2252499047,stonewall-bastion,nightwalker-assassination,stonewall,nightwalker,win,2,nightwalker-assassination,22,98,1,5,5,9,26,76,0,7,
103,2252499047,nightwalker-assassination,stonewall-bastion,nightwalker,stonewall,win,1,nightwalker-assassination,37,159,8,4,16,11,137,70,7,0,
104,611967520,stonewall-bastion,rogue-scavenger,stonewall,rogue,win,1,stonewall-bastion,13,61,4,0,5,1,35,28,7,0,
105,611967520,rogue-scavenger,stonewall-bastion,rogue,stonewall,win,1,rogue-scavenger,15,72,5,1,2,1,25,36,7,0,
106,3266403289,stonewall-bastion,rogue-wildcard,stonewall,rogue,win,2,rogue-wildcard,14,63,1,5,1,4,23,41,0,7,
107,3266403289,rogue-wildcard,stonewall-bastion,rogue,stonewall,win,1,rogue-wildcard,9,41,4,0,1,0,25,11,7,0,
108,1625871762,stonewall-counteroffensive,bruiser-shock-assault,stonewall,bruiser,win,2,bruiser-shock-assault,22,103,2,6,7,11,53,87,0,7,
109,1625871762,bruiser-shock-assault,stonewall-counteroffensive,bruiser,stonewall,win,2,stonewall-counteroffensive,18,90,1,5,8,9,73,49,0,7,
110,4280307531,stonewall-counteroffensive,bruiser-heavy-breakthrough,stonewall,bruiser,win,2,bruiser-heavy-breakthrough,14,50,0,4,2,6,19,38,0,7,
111,4280307531,bruiser-heavy-breakthrough,stonewall-counteroffensive,bruiser,stonewall,win,2,stonewall-counteroffensive,16,72,1,5,5,5,53,27,0,7,
112,2639776004,stonewall-counteroffensive,syndicate-combined-arms,stonewall,syndicate,win,2,syndicate-combined-arms,22,104,2,6,5,8,53,66,0,7,
113,2639776004,syndicate-combined-arms,stonewall-counteroffensive,syndicate,stonewall,win,2,stonewall-counteroffensive,24,116,3,7,3,10,66,72,0,7,
114,999244477,stonewall-counteroffensive,syndicate-precision-operations,stonewall,syndicate,win,1,stonewall-counteroffensive,15,63,4,0,4,4,25,34,7,0,
115,999244477,syndicate-precision-operations,stonewall-counteroffensive,syndicate,stonewall,win,1,syndicate-precision-operations,71,313,10,6,29,29,204,173,7,0,
116,3653680246,stonewall-counteroffensive,nightwalker-sabotage,stonewall,nightwalker,win,1,stonewall-counteroffensive,29,134,6,2,11,9,64,79,7,0,
117,3653680246,nightwalker-sabotage,stonewall-counteroffensive,nightwalker,stonewall,win,1,nightwalker-sabotage,21,79,4,0,8,5,57,33,7,0,
118,2013148719,stonewall-counteroffensive,nightwalker-assassination,stonewall,nightwalker,win,2,nightwalker-assassination,16,65,1,5,2,6,17,42,0,7,
119,2013148719,nightwalker-assassination,stonewall-counteroffensive,nightwalker,stonewall,win,1,nightwalker-assassination,15,58,4,0,7,3,40,22,7,0,
120,372617192,stonewall-counteroffensive,rogue-scavenger,stonewall,rogue,win,2,rogue-scavenger,20,90,1,5,3,8,51,53,0,7,
121,372617192,rogue-scavenger,stonewall-counteroffensive,rogue,stonewall,win,1,rogue-scavenger,21,91,6,2,4,1,30,34,7,0,
122,3027052961,stonewall-counteroffensive,rogue-wildcard,stonewall,rogue,win,2,rogue-wildcard,36,167,4,8,10,14,86,107,0,7,
123,3027052961,rogue-wildcard,stonewall-counteroffensive,rogue,stonewall,win,2,stonewall-counteroffensive,20,96,2,6,5,6,60,45,0,7,
124,1386521434,bruiser-shock-assault,bruiser-heavy-breakthrough,bruiser,bruiser,win,2,bruiser-heavy-breakthrough,26,107,1,5,9,15,56,78,0,7,
125,1386521434,bruiser-heavy-breakthrough,bruiser-shock-assault,bruiser,bruiser,win,1,bruiser-heavy-breakthrough,17,67,4,0,9,5,50,33,7,0,
126,4040957203,bruiser-shock-assault,syndicate-combined-arms,bruiser,syndicate,win,2,syndicate-combined-arms,26,113,2,6,9,14,72,61,0,7,
127,4040957203,syndicate-combined-arms,bruiser-shock-assault,syndicate,bruiser,win,1,syndicate-combined-arms,25,111,6,2,12,10,58,77,7,0,
128,2400425676,bruiser-shock-assault,syndicate-precision-operations,bruiser,syndicate,win,2,syndicate-precision-operations,20,95,2,6,6,11,50,56,0,7,
129,2400425676,syndicate-precision-operations,bruiser-shock-assault,syndicate,bruiser,win,2,bruiser-shock-assault,18,74,1,5,5,10,32,52,0,7,
130,759894149,bruiser-shock-assault,nightwalker-sabotage,bruiser,nightwalker,win,2,nightwalker-sabotage,26,112,1,5,8,15,61,67,0,7,
131,759894149,nightwalker-sabotage,bruiser-shock-assault,nightwalker,bruiser,win,1,nightwalker-sabotage,39,153,7,3,18,12,89,78,7,0,
132,3414329918,bruiser-shock-assault,nightwalker-assassination,bruiser,nightwalker,win,2,nightwalker-assassination,18,76,0,4,4,10,26,49,0,7,
133,3414329918,nightwalker-assassination,bruiser-shock-assault,nightwalker,bruiser,win,1,nightwalker-assassination,17,63,4,0,8,4,39,24,7,0,
134,1773798391,bruiser-shock-assault,rogue-scavenger,bruiser,rogue,win,1,bruiser-shock-assault,17,85,5,1,7,5,61,38,7,0,
135,1773798391,rogue-scavenger,bruiser-shock-assault,rogue,bruiser,win,1,rogue-scavenger,45,208,8,4,21,18,105,144,7,0,
136,133266864,bruiser-shock-assault,rogue-wildcard,bruiser,rogue,win,2,rogue-wildcard,30,116,2,6,8,14,70,70,0,7,
137,133266864,rogue-wildcard,bruiser-shock-assault,rogue,bruiser,win,1,rogue-wildcard,47,176,7,3,20,17,101,120,7,0,
138,2787702633,bruiser-heavy-breakthrough,syndicate-combined-arms,bruiser,syndicate,win,1,bruiser-heavy-breakthrough,13,60,5,1,6,2,49,29,7,0,
139,2787702633,syndicate-combined-arms,bruiser-heavy-breakthrough,syndicate,bruiser,win,2,bruiser-heavy-breakthrough,36,161,3,7,12,20,96,142,0,7,
140,1147171106,bruiser-heavy-breakthrough,syndicate-precision-operations,bruiser,syndicate,win,1,bruiser-heavy-breakthrough,19,77,5,1,8,6,49,38,7,0,
141,1147171106,syndicate-precision-operations,bruiser-heavy-breakthrough,syndicate,bruiser,win,2,bruiser-heavy-breakthrough,14,58,0,4,2,7,27,40,0,7,
142,3801606875,bruiser-heavy-breakthrough,nightwalker-sabotage,bruiser,nightwalker,win,1,bruiser-heavy-breakthrough,15,66,4,0,8,2,42,28,7,0,
143,3801606875,nightwalker-sabotage,bruiser-heavy-breakthrough,nightwalker,bruiser,win,2,bruiser-heavy-breakthrough,28,109,2,6,8,12,62,79,0,7,
144,2161075348,bruiser-heavy-breakthrough,nightwalker-assassination,bruiser,nightwalker,win,1,bruiser-heavy-breakthrough,43,158,7,3,21,16,118,116,7,0,
145,2161075348,nightwalker-assassination,bruiser-heavy-breakthrough,nightwalker,bruiser,win,2,bruiser-heavy-breakthrough,30,110,1,5,12,13,73,72,0,7,
146,520543821,bruiser-heavy-breakthrough,rogue-scavenger,bruiser,rogue,win,1,bruiser-heavy-breakthrough,15,69,5,1,6,3,46,26,7,0,
147,520543821,rogue-scavenger,bruiser-heavy-breakthrough,rogue,bruiser,win,2,bruiser-heavy-breakthrough,14,58,1,5,1,6,20,39,0,7,
148,3174979590,bruiser-heavy-breakthrough,rogue-wildcard,bruiser,rogue,win,1,bruiser-heavy-breakthrough,15,62,4,0,5,4,45,36,7,0,
149,3174979590,rogue-wildcard,bruiser-heavy-breakthrough,rogue,bruiser,win,2,bruiser-heavy-breakthrough,30,125,2,6,10,13,70,99,0,7,
150,1534448063,syndicate-combined-arms,syndicate-precision-operations,syndicate,syndicate,win,1,syndicate-combined-arms,29,133,6,2,13,12,72,86,7,0,
151,1534448063,syndicate-precision-operations,syndicate-combined-arms,syndicate,syndicate,win,2,syndicate-combined-arms,26,111,2,6,9,11,66,53,0,7,
152,4188883832,syndicate-combined-arms,nightwalker-sabotage,syndicate,nightwalker,win,1,syndicate-combined-arms,29,138,6,2,12,12,75,93,7,0,
153,4188883832,nightwalker-sabotage,syndicate-combined-arms,nightwalker,syndicate,win,2,syndicate-combined-arms,26,115,1,5,8,12,63,70,0,7,
154,2548352305,syndicate-combined-arms,nightwalker-assassination,syndicate,nightwalker,win,1,syndicate-combined-arms,75,329,12,8,32,37,185,270,7,0,
155,2548352305,nightwalker-assassination,syndicate-combined-arms,nightwalker,syndicate,win,2,syndicate-combined-arms,40,175,3,7,17,18,126,95,0,7,
156,907820778,syndicate-combined-arms,rogue-scavenger,syndicate,rogue,win,1,syndicate-combined-arms,21,104,6,2,7,6,59,54,7,0,
157,907820778,rogue-scavenger,syndicate-combined-arms,rogue,syndicate,win,2,syndicate-combined-arms,16,83,1,5,2,3,34,42,0,7,
158,3562256547,syndicate-combined-arms,rogue-wildcard,syndicate,rogue,win,1,syndicate-combined-arms,33,160,8,4,11,13,91,97,7,0,
159,3562256547,rogue-wildcard,syndicate-combined-arms,rogue,syndicate,win,2,syndicate-combined-arms,42,201,4,8,19,18,136,129,0,7,
160,1921725020,syndicate-precision-operations,nightwalker-sabotage,syndicate,nightwalker,win,2,nightwalker-sabotage,34,130,2,6,9,14,64,85,0,7,
161,1921725020,nightwalker-sabotage,syndicate-precision-operations,nightwalker,syndicate,win,1,nightwalker-sabotage,43,166,7,3,17,13,99,85,7,0,
162,281193493,syndicate-precision-operations,nightwalker-assassination,syndicate,nightwalker,win,1,syndicate-precision-operations,9,41,4,0,2,1,16,15,7,0,
163,281193493,nightwalker-assassination,syndicate-precision-operations,nightwalker,syndicate,win,1,nightwalker-assassination,29,120,6,2,12,11,67,63,7,0,
164,2935629262,syndicate-precision-operations,rogue-scavenger,syndicate,rogue,win,2,rogue-scavenger,24,103,1,5,7,9,61,50,0,7,
165,2935629262,rogue-scavenger,syndicate-precision-operations,rogue,syndicate,win,2,syndicate-precision-operations,22,96,1,5,5,9,39,66,0,7,
166,1295097735,syndicate-precision-operations,rogue-wildcard,syndicate,rogue,win,2,rogue-wildcard,36,145,2,6,11,15,84,89,0,7,
167,1295097735,rogue-wildcard,syndicate-precision-operations,rogue,syndicate,win,1,rogue-wildcard,15,71,4,0,9,4,50,39,7,0,
168,3949533504,nightwalker-sabotage,nightwalker-assassination,nightwalker,nightwalker,win,2,nightwalker-assassination,20,82,1,5,6,8,48,53,0,7,
169,3949533504,nightwalker-assassination,nightwalker-sabotage,nightwalker,nightwalker,win,1,nightwalker-assassination,31,134,6,2,13,10,92,57,7,0,
170,2309001977,nightwalker-sabotage,rogue-scavenger,nightwalker,rogue,win,2,rogue-scavenger,42,194,4,8,12,16,106,88,0,7,
171,2309001977,rogue-scavenger,nightwalker-sabotage,rogue,nightwalker,win,2,nightwalker-sabotage,28,114,2,6,5,10,39,76,0,7,
172,668470450,nightwalker-sabotage,rogue-wildcard,nightwalker,rogue,win,2,rogue-wildcard,46,192,4,8,15,18,113,101,0,7,
173,668470450,rogue-wildcard,nightwalker-sabotage,rogue,nightwalker,win,1,rogue-wildcard,19,75,5,1,9,4,52,47,7,0,
174,3322906219,nightwalker-assassination,rogue-scavenger,nightwalker,rogue,win,1,nightwalker-assassination,29,131,6,2,13,10,108,54,7,0,
175,3322906219,rogue-scavenger,nightwalker-assassination,rogue,nightwalker,win,1,rogue-scavenger,51,242,11,7,21,22,115,197,7,0,
176,1682374692,nightwalker-assassination,rogue-wildcard,nightwalker,rogue,win,1,nightwalker-assassination,29,107,6,2,12,9,75,49,7,0,
177,1682374692,rogue-wildcard,nightwalker-assassination,rogue,nightwalker,win,1,rogue-wildcard,17,79,5,1,8,7,46,55,7,0,
178,41843165,rogue-scavenger,rogue-wildcard,rogue,rogue,win,2,rogue-wildcard,16,79,1,5,2,5,36,53,0,7,
179,41843165,rogue-wildcard,rogue-scavenger,rogue,rogue,win,2,rogue-scavenger,26,127,2,6,8,12,78,77,0,7,
180,2696278934,stonewall-bastion,stonewall-counteroffensive,stonewall,stonewall,win,1,stonewall-bastion,15,68,5,1,4,1,30,27,7,0,
181,2696278934,stonewall-counteroffensive,stonewall-bastion,stonewall,stonewall,win,1,stonewall-counteroffensive,11,52,4,0,2,1,17,20,7,0,
182,1055747407,stonewall-bastion,bruiser-shock-assault,stonewall,bruiser,win,2,bruiser-shock-assault,20,97,2,6,7,5,43,61,0,7,
183,1055747407,bruiser-shock-assault,stonewall-bastion,bruiser,stonewall,win,2,stonewall-bastion,28,121,3,7,8,13,77,68,0,7,
184,3710183176,stonewall-bastion,bruiser-heavy-breakthrough,stonewall,bruiser,win,2,bruiser-heavy-breakthrough,12,53,1,5,0,4,15,31,0,7,
185,3710183176,bruiser-heavy-breakthrough,stonewall-bastion,bruiser,stonewall,win,1,bruiser-heavy-breakthrough,15,65,5,1,8,2,73,24,7,0,
186,2069651649,stonewall-bastion,syndicate-combined-arms,stonewall,syndicate,win,1,stonewall-bastion,17,87,5,1,7,4,45,47,7,0,
187,2069651649,syndicate-combined-arms,stonewall-bastion,syndicate,stonewall,win,1,syndicate-combined-arms,15,69,5,1,2,2,36,25,7,0,
188,429120122,stonewall-bastion,syndicate-precision-operations,stonewall,syndicate,win,1,stonewall-bastion,19,90,5,1,9,5,51,56,7,0,
189,429120122,syndicate-precision-operations,stonewall-bastion,syndicate,stonewall,win,2,stonewall-bastion,16,76,1,5,3,5,33,31,0,7,
190,3083555891,stonewall-bastion,nightwalker-sabotage,stonewall,nightwalker,win,1,stonewall-bastion,37,164,7,3,14,11,78,99,7,0,
191,3083555891,nightwalker-sabotage,stonewall-bastion,nightwalker,stonewall,win,2,stonewall-bastion,26,121,2,6,6,10,76,54,0,7,
192,1443024364,stonewall-bastion,nightwalker-assassination,stonewall,nightwalker,win,2,nightwalker-assassination,44,189,5,9,13,17,82,155,0,7,
193,1443024364,nightwalker-assassination,stonewall-bastion,nightwalker,stonewall,win,2,stonewall-bastion,30,141,2,6,11,12,116,63,0,7,
194,4097460133,stonewall-bastion,rogue-scavenger,stonewall,rogue,win,2,rogue-scavenger,14,63,1,5,1,2,14,18,0,7,
195,4097460133,rogue-scavenger,stonewall-bastion,rogue,stonewall,win,2,stonewall-bastion,16,79,1,5,1,4,21,42,0,7,
196,2456928606,stonewall-bastion,rogue-wildcard,stonewall,rogue,win,1,stonewall-bastion,19,89,6,2,4,3,32,38,7,0,
197,2456928606,rogue-wildcard,stonewall-bastion,rogue,stonewall,win,2,stonewall-bastion,16,80,1,5,2,4,37,36,0,7,
198,816397079,stonewall-counteroffensive,bruiser-shock-assault,stonewall,bruiser,win,1,stonewall-counteroffensive,41,176,7,3,19,17,96,126,7,0,
199,816397079,bruiser-shock-assault,stonewall-counteroffensive,bruiser,stonewall,win,1,bruiser-shock-assault,25,118,5,1,11,11,79,61,7,0,
200,3470832848,stonewall-counteroffensive,bruiser-heavy-breakthrough,stonewall,bruiser,win,2,bruiser-heavy-breakthrough,14,62,1,5,1,6,20,47,0,7,
201,3470832848,bruiser-heavy-breakthrough,stonewall-counteroffensive,bruiser,stonewall,win,1,bruiser-heavy-breakthrough,23,111,7,3,11,6,101,56,7,0,
202,1830301321,stonewall-counteroffensive,syndicate-combined-arms,stonewall,syndicate,win,1,stonewall-counteroffensive,17,79,5,1,7,3,45,43,7,0,
203,1830301321,syndicate-combined-arms,stonewall-counteroffensive,syndicate,stonewall,win,1,syndicate-combined-arms,21,91,5,1,9,6,57,51,7,0,
204,189769794,stonewall-counteroffensive,syndicate-precision-operations,stonewall,syndicate,win,1,stonewall-counteroffensive,21,88,5,1,9,7,42,40,7,0,
205,189769794,syndicate-precision-operations,stonewall-counteroffensive,syndicate,stonewall,win,2,stonewall-counteroffensive,38,178,3,7,15,16,116,93,0,7,
206,2844205563,stonewall-counteroffensive,nightwalker-sabotage,stonewall,nightwalker,win,1,stonewall-counteroffensive,35,150,7,3,14,10,83,97,7,0,
207,2844205563,nightwalker-sabotage,stonewall-counteroffensive,nightwalker,stonewall,win,2,stonewall-counteroffensive,50,233,5,9,17,19,154,111,0,7,
208,1203674036,stonewall-counteroffensive,nightwalker-assassination,stonewall,nightwalker,win,2,nightwalker-assassination,12,54,1,5,1,5,18,35,0,7,
209,1203674036,nightwalker-assassination,stonewall-counteroffensive,nightwalker,stonewall,win,1,nightwalker-assassination,29,127,6,2,13,8,96,55,7,0,
210,3858109805,stonewall-counteroffensive,rogue-scavenger,stonewall,rogue,win,1,stonewall-counteroffensive,21,106,6,2,7,5,62,44,7,0,
211,3858109805,rogue-scavenger,stonewall-counteroffensive,rogue,stonewall,win,2,stonewall-counteroffensive,38,189,6,10,10,12,90,99,0,7,
212,2217578278,stonewall-counteroffensive,rogue-wildcard,stonewall,rogue,win,2,rogue-wildcard,34,152,3,7,8,16,88,110,0,7,
213,2217578278,rogue-wildcard,stonewall-counteroffensive,rogue,stonewall,win,1,rogue-wildcard,13,63,5,1,6,2,38,31,7,0,
214,577046751,bruiser-shock-assault,bruiser-heavy-breakthrough,bruiser,bruiser,win,2,bruiser-heavy-breakthrough,24,103,1,5,8,14,55,71,0,7,
215,577046751,bruiser-heavy-breakthrough,bruiser-shock-assault,bruiser,bruiser,win,1,bruiser-heavy-breakthrough,13,56,4,0,8,3,45,35,7,0,
216,3231482520,bruiser-shock-assault,syndicate-combined-arms,bruiser,syndicate,win,2,syndicate-combined-arms,28,114,3,7,10,15,79,68,0,7,
217,3231482520,syndicate-combined-arms,bruiser-shock-assault,syndicate,bruiser,win,1,syndicate-combined-arms,27,121,6,2,15,10,81,81,7,0,
218,1590950993,bruiser-shock-assault,syndicate-precision-operations,bruiser,syndicate,win,1,bruiser-shock-assault,19,86,5,1,10,8,56,51,7,0,
219,1590950993,syndicate-precision-operations,bruiser-shock-assault,syndicate,bruiser,win,1,syndicate-precision-operations,53,198,7,3,23,22,112,133,7,0,
220,4245386762,bruiser-shock-assault,nightwalker-sabotage,bruiser,nightwalker,win,1,bruiser-shock-assault,25,99,5,1,11,9,61,46,7,0,
221,4245386762,nightwalker-sabotage,bruiser-shock-assault,nightwalker,bruiser,win,1,nightwalker-sabotage,27,114,5,1,15,9,79,64,7,0,
222,2604855235,bruiser-shock-assault,nightwalker-assassination,bruiser,nightwalker,win,2,nightwalker-assassination,38,154,2,6,14,19,84,97,0,7,
223,2604855235,nightwalker-assassination,bruiser-shock-assault,nightwalker,bruiser,win,1,nightwalker-assassination,23,89,5,1,14,7,64,37,7,0,
224,964323708,bruiser-shock-assault,rogue-scavenger,bruiser,rogue,win,1,bruiser-shock-assault,11,55,4,0,4,0,35,15,7,0,
225,964323708,rogue-scavenger,bruiser-shock-assault,rogue,bruiser,win,1,rogue-scavenger,17,88,5,1,9,4,40,48,7,0,
226,3618759477,bruiser-shock-assault,rogue-wildcard,bruiser,rogue,win,2,rogue-wildcard,16,70,1,5,3,11,40,54,0,7,
227,3618759477,rogue-wildcard,bruiser-shock-assault,rogue,bruiser,win,1,rogue-wildcard,57,213,8,4,25,20,131,140,7,0,
228,1978227950,bruiser-heavy-breakthrough,syndicate-combined-arms,bruiser,syndicate,win,2,syndicate-combined-arms,18,84,2,6,4,9,54,50,0,7,
229,1978227950,syndicate-combined-arms,bruiser-heavy-breakthrough,syndicate,bruiser,win,2,bruiser-heavy-breakthrough,26,106,2,6,7,14,55,93,0,7,
230,337696423,bruiser-heavy-breakthrough,syndicate-precision-operations,bruiser,syndicate,win,1,bruiser-heavy-breakthrough,23,82,4,0,11,5,67,37,7,0,
231,337696423,syndicate-precision-operations,bruiser-heavy-breakthrough,syndicate,bruiser,win,2,bruiser-heavy-breakthrough,24,84,1,5,6,11,45,71,0,7,
232,2992132192,bruiser-heavy-breakthrough,nightwalker-sabotage,bruiser,nightwalker,win,1,bruiser-heavy-breakthrough,25,106,5,1,8,7,61,54,7,0,
233,2992132192,nightwalker-sabotage,bruiser-heavy-breakthrough,nightwalker,bruiser,win,2,bruiser-heavy-breakthrough,24,100,1,5,7,9,43,64,0,7,
234,1351600665,bruiser-heavy-breakthrough,nightwalker-assassination,bruiser,nightwalker,win,1,bruiser-heavy-breakthrough,15,69,4,0,10,6,59,45,7,0,
235,1351600665,nightwalker-assassination,bruiser-heavy-breakthrough,nightwalker,bruiser,win,2,bruiser-heavy-breakthrough,14,64,1,5,4,5,36,29,0,7,
236,4006036434,bruiser-heavy-breakthrough,rogue-scavenger,bruiser,rogue,win,1,bruiser-heavy-breakthrough,15,58,4,0,7,1,48,10,7,0,
237,4006036434,rogue-scavenger,bruiser-heavy-breakthrough,rogue,bruiser,win,2,bruiser-heavy-breakthrough,24,105,2,6,6,10,40,84,0,7,
238,2365504907,bruiser-heavy-breakthrough,rogue-wildcard,bruiser,rogue,win,1,bruiser-heavy-breakthrough,15,74,5,1,9,4,67,38,7,0,
239,2365504907,rogue-wildcard,bruiser-heavy-breakthrough,rogue,bruiser,win,2,bruiser-heavy-breakthrough,14,65,1,5,5,6,38,44,0,7,
240,724973380,syndicate-combined-arms,syndicate-precision-operations,syndicate,syndicate,win,1,syndicate-combined-arms,17,79,5,1,9,3,49,42,7,0,
241,724973380,syndicate-precision-operations,syndicate-combined-arms,syndicate,syndicate,win,2,syndicate-combined-arms,20,88,1,5,5,9,52,51,0,7,
242,3379409149,syndicate-combined-arms,nightwalker-sabotage,syndicate,nightwalker,win,1,syndicate-combined-arms,27,129,6,2,11,10,74,87,7,0,
243,3379409149,nightwalker-sabotage,syndicate-combined-arms,nightwalker,syndicate,win,2,syndicate-combined-arms,30,130,2,6,10,13,85,79,0,7,
244,1738877622,syndicate-combined-arms,nightwalker-assassination,syndicate,nightwalker,win,2,nightwalker-assassination,40,173,4,8,14,20,84,135,0,7,
245,1738877622,nightwalker-assassination,syndicate-combined-arms,nightwalker,syndicate,win,2,syndicate-combined-arms,36,156,3,7,17,17,125,88,0,7,
246,98346095,syndicate-combined-arms,rogue-scavenger,syndicate,rogue,win,2,rogue-scavenger,18,86,1,5,4,6,50,47,0,7,
247,98346095,rogue-scavenger,syndicate-combined-arms,rogue,syndicate,win,2,syndicate-combined-arms,20,99,2,6,4,4,39,43,0,7,
248,2752781864,syndicate-combined-arms,rogue-wildcard,syndicate,rogue,win,1,syndicate-combined-arms,11,50,4,0,5,1,24,25,7,0,
249,2752781864,rogue-wildcard,syndicate-combined-arms,rogue,syndicate,win,2,syndicate-combined-arms,26,119,2,6,8,12,70,84,0,7,
250,1112250337,syndicate-precision-operations,nightwalker-sabotage,syndicate,nightwalker,win,2,nightwalker-sabotage,44,170,3,7,11,18,78,99,0,7,
251,1112250337,nightwalker-sabotage,syndicate-precision-operations,nightwalker,syndicate,win,1,nightwalker-sabotage,15,61,4,0,7,2,31,15,7,0,
252,3766686106,syndicate-precision-operations,nightwalker-assassination,syndicate,nightwalker,win,2,nightwalker-assassination,24,92,2,6,6,11,42,62,0,7,
253,3766686106,nightwalker-assassination,syndicate-precision-operations,nightwalker,syndicate,win,1,nightwalker-assassination,23,91,5,1,11,6,66,44,7,0,
254,2126154579,syndicate-precision-operations,rogue-scavenger,syndicate,rogue,win,1,syndicate-precision-operations,17,73,4,0,6,2,46,28,7,0,
255,2126154579,rogue-scavenger,syndicate-precision-operations,rogue,syndicate,win,1,rogue-scavenger,15,63,4,0,6,3,27,32,7,0,
256,485623052,syndicate-precision-operations,rogue-wildcard,syndicate,rogue,win,2,rogue-wildcard,16,73,1,5,3,9,42,54,0,7,
257,485623052,rogue-wildcard,syndicate-precision-operations,rogue,syndicate,win,1,rogue-wildcard,23,95,5,1,12,8,73,58,7,0,
258,3140058821,nightwalker-sabotage,nightwalker-assassination,nightwalker,nightwalker,win,1,nightwalker-sabotage,27,100,5,1,10,9,54,60,7,0,
259,3140058821,nightwalker-assassination,nightwalker-sabotage,nightwalker,nightwalker,win,1,nightwalker-assassination,35,134,5,1,14,13,97,75,7,0,
260,1499527294,nightwalker-sabotage,rogue-scavenger,nightwalker,rogue,win,2,rogue-scavenger,22,91,1,5,4,7,44,39,0,7,
261,1499527294,rogue-scavenger,nightwalker-sabotage,rogue,nightwalker,win,2,nightwalker-sabotage,24,112,3,7,3,5,27,51,0,7,
262,4153963063,nightwalker-sabotage,rogue-wildcard,nightwalker,rogue,win,2,rogue-wildcard,42,168,2,6,16,17,114,102,0,7,
263,4153963063,rogue-wildcard,nightwalker-sabotage,rogue,nightwalker,win,1,rogue-wildcard,19,89,5,1,9,7,50,68,7,0,
264,2513431536,nightwalker-assassination,rogue-scavenger,nightwalker,rogue,win,2,rogue-scavenger,110,504,14,18,46,44,404,229,0,7,
265,2513431536,rogue-scavenger,nightwalker-assassination,rogue,nightwalker,win,2,nightwalker-assassination,42,179,4,8,13,18,73,137,0,7,
266,872900009,nightwalker-assassination,rogue-wildcard,nightwalker,rogue,win,1,nightwalker-assassination,39,166,6,2,16,15,122,88,7,0,
267,872900009,rogue-wildcard,nightwalker-assassination,rogue,nightwalker,win,2,nightwalker-assassination,38,157,2,6,15,17,93,130,0,7,
268,3527335778,rogue-scavenger,rogue-wildcard,rogue,rogue,win,1,rogue-scavenger,17,81,5,1,4,3,28,39,7,0,
269,3527335778,rogue-wildcard,rogue-scavenger,rogue,rogue,win,1,rogue-wildcard,23,95,5,1,10,5,72,39,7,0,
270,1886804251,stonewall-bastion,stonewall-counteroffensive,stonewall,stonewall,win,1,stonewall-bastion,17,84,5,1,5,1,43,34,7,0,
271,1886804251,stonewall-counteroffensive,stonewall-bastion,stonewall,stonewall,win,2,stonewall-bastion,22,109,2,6,4,8,51,63,0,7,
272,246272724,stonewall-bastion,bruiser-shock-assault,stonewall,bruiser,win,1,stonewall-bastion,25,123,6,2,14,9,61,82,7,0,
273,246272724,bruiser-shock-assault,stonewall-bastion,bruiser,stonewall,win,1,bruiser-shock-assault,25,119,6,2,12,7,99,50,7,0,
274,2900708493,stonewall-bastion,bruiser-heavy-breakthrough,stonewall,bruiser,win,2,bruiser-heavy-breakthrough,14,65,1,5,1,8,20,55,0,7,
275,2900708493,bruiser-heavy-breakthrough,stonewall-bastion,bruiser,stonewall,win,1,bruiser-heavy-breakthrough,13,54,5,1,5,1,33,23,7,0,
276,1260176966,stonewall-bastion,syndicate-combined-arms,stonewall,syndicate,win,1,stonewall-bastion,15,75,5,1,3,1,38,32,7,0,
277,1260176966,syndicate-combined-arms,stonewall-bastion,syndicate,stonewall,win,2,stonewall-bastion,10,45,0,4,0,3,14,19,0,7,
278,3914612735,stonewall-bastion,syndicate-precision-operations,stonewall,syndicate,win,1,stonewall-bastion,17,85,5,1,7,3,44,45,7,0,
279,3914612735,syndicate-precision-operations,stonewall-bastion,syndicate,stonewall,win,2,stonewall-bastion,22,103,1,5,6,9,63,46,0,7,
280,2274081208,stonewall-bastion,nightwalker-sabotage,stonewall,nightwalker,win,1,stonewall-bastion,27,124,6,2,10,8,56,63,7,0,
281,2274081208,nightwalker-sabotage,stonewall-bastion,nightwalker,stonewall,win,2,stonewall-bastion,54,256,6,10,17,19,149,113,0,7,
282,633549681,stonewall-bastion,nightwalker-assassination,stonewall,nightwalker,win,2,nightwalker-assassination,42,181,4,8,13,17,80,158,0,7,
283,633549681,nightwalker-assassination,stonewall-bastion,nightwalker,stonewall,win,1,nightwalker-assassination,69,295,11,7,26,25,237,144,7,0,
284,3287985450,stonewall-bastion,rogue-scavenger,stonewall,rogue,win,1,stonewall-bastion,21,107,6,2,5,2,51,41,7,0,
285,3287985450,rogue-scavenger,stonewall-bastion,rogue,stonewall,win,1,rogue-scavenger,15,69,5,1,2,1,23,28,7,0,
286,1647453923,stonewall-bastion,rogue-wildcard,stonewall,rogue,win,1,stonewall-bastion,43,212,11,7,13,12,122,116,7,0,
287,1647453923,rogue-wildcard,stonewall-bastion,rogue,stonewall,win,2,stonewall-bastion,16,74,1,5,3,7,44,44,0,7,
288,6922396,stonewall-counteroffensive,bruiser-shock-assault,stonewall,bruiser,win,1,stonewall-counteroffensive,35,145,6,2,16,14,80,102,7,0,
289,6922396,bruiser-shock-assault,stonewall-counteroffensive,bruiser,stonewall,win,1,bruiser-shock-assault,23,109,5,1,10,8,78,51,7,0,
290,2661358165,stonewall-counteroffensive,bruiser-heavy-breakthrough,stonewall,bruiser,win,2,bruiser-heavy-breakthrough,24,96,1,5,5,13,42,91,0,7,
291,2661358165,bruiser-heavy-breakthrough,stonewall-counteroffensive,bruiser,stonewall,win,1,bruiser-heavy-breakthrough,25,115,6,2,11,9,91,63,7,0,
292,1020826638,stonewall-counteroffensive,syndicate-combined-arms,stonewall,syndicate,win,1,stonewall-counteroffensive,23,115,6,2,10,6,66,63,7,0,
293,1020826638,syndicate-combined-arms,stonewall-counteroffensive,syndicate,stonewall,win,1,syndicate-combined-arms,17,84,5,1,7,3,58,38,7,0,
294,3675262407,stonewall-counteroffensive,syndicate-precision-operations,stonewall,syndicate,win,2,syndicate-precision-operations,12,55,1,5,1,5,20,34,0,7,
295,3675262407,syndicate-precision-operations,stonewall-counteroffensive,syndicate,stonewall,win,2,stonewall-counteroffensive,14,66,1,5,4,4,44,27,0,7,
296,2034730880,stonewall-counteroffensive,nightwalker-sabotage,stonewall,nightwalker,win,1,stonewall-counteroffensive,43,183,7,3,16,17,91,127,7,0,
297,2034730880,nightwalker-sabotage,stonewall-counteroffensive,nightwalker,stonewall,win,2,stonewall-counteroffensive,20,96,1,5,6,7,57,42,0,7,
298,394199353,stonewall-counteroffensive,nightwalker-assassination,stonewall,nightwalker,win,2,nightwalker-assassination,26,107,1,5,6,12,35,81,0,7,
299,394199353,nightwalker-assassination,stonewall-counteroffensive,nightwalker,stonewall,win,1,nightwalker-assassination,29,119,5,1,12,10,104,59,7,0,
300,3048635122,stonewall-counteroffensive,rogue-scavenger,stonewall,rogue,win,2,rogue-scavenger,34,167,5,9,9,13,97,89,0,7,
301,3048635122,rogue-scavenger,stonewall-counteroffensive,rogue,stonewall,win,2,stonewall-counteroffensive,18,88,1,5,6,5,51,45,0,7,
302,1408103595,stonewall-counteroffensive,rogue-wildcard,stonewall,rogue,win,2,rogue-wildcard,24,113,2,6,3,10,62,80,0,7,
303,1408103595,rogue-wildcard,stonewall-counteroffensive,rogue,stonewall,win,1,rogue-wildcard,57,261,10,6,23,17,170,140,7,0,
304,4062539364,bruiser-shock-assault,bruiser-heavy-breakthrough,bruiser,bruiser,win,2,bruiser-heavy-breakthrough,22,90,1,5,6,13,46,80,0,7,
305,4062539364,bruiser-heavy-breakthrough,bruiser-shock-assault,bruiser,bruiser,win,1,bruiser-heavy-breakthrough,21,71,5,1,10,7,53,41,7,0,
306,2422007837,bruiser-shock-assault,syndicate-combined-arms,bruiser,syndicate,win,2,syndicate-combined-arms,16,74,1,5,3,9,38,46,0,7,
307,2422007837,syndicate-combined-arms,bruiser-shock-assault,syndicate,bruiser,win,1,syndicate-combined-arms,37,164,7,3,18,15,89,111,7,0,
308,781476310,bruiser-shock-assault,syndicate-precision-operations,bruiser,syndicate,win,1,bruiser-shock-assault,23,103,5,1,11,10,62,61,7,0,
309,781476310,syndicate-precision-operations,bruiser-shock-assault,syndicate,bruiser,win,1,syndicate-precision-operations,77,302,9,5,34,30,174,186,7,0,
310,3435912079,bruiser-shock-assault,nightwalker-sabotage,bruiser,nightwalker,win,2,nightwalker-sabotage,24,96,1,5,6,13,48,60,0,7,
311,3435912079,nightwalker-sabotage,bruiser-shock-assault,nightwalker,bruiser,win,1,nightwalker-sabotage,35,146,6,2,19,12,92,80,7,0,
312,1795380552,bruiser-shock-assault,nightwalker-assassination,bruiser,nightwalker,win,2,nightwalker-assassination,32,120,2,6,11,16,60,80,0,7,
313,1795380552,nightwalker-assassination,bruiser-shock-assault,nightwalker,bruiser,win,1,nightwalker-assassination,23,92,5,1,12,9,67,55,7,0,
314,154849025,bruiser-shock-assault,rogue-scavenger,bruiser,rogue,win,2,rogue-scavenger,36,172,3,7,13,19,109,89,0,7,
315,154849025,rogue-scavenger,bruiser-shock-assault,rogue,bruiser,win,1,rogue-scavenger,17,82,5,1,11,4,48,48,7,0,
316,2809284794,bruiser-shock-assault,rogue-wildcard,bruiser,rogue,win,2,rogue-wildcard,34,139,2,6,10,16,93,78,0,7,
317,2809284794,rogue-wildcard,bruiser-shock-assault,rogue,bruiser,win,1,rogue-wildcard,27,112,6,2,15,8,74,72,7,0,
318,1168753267,bruiser-heavy-breakthrough,syndicate-combined-arms,bruiser,syndicate,win,2,syndicate-combined-arms,34,155,3,7,16,16,130,97,0,7,
319,1168753267,syndicate-combined-arms,bruiser-heavy-breakthrough,syndicate,bruiser,win,2,bruiser-heavy-breakthrough,20,91,2,6,4,10,30,59,0,7,
320,3823189036,bruiser-heavy-breakthrough,syndicate-precision-operations,bruiser,syndicate,win,1,bruiser-heavy-breakthrough,11,45,4,0,5,1,29,20,7,0,
321,3823189036,syndicate-precision-operations,bruiser-heavy-breakthrough,syndicate,bruiser,win,2,bruiser-heavy-breakthrough,12,53,0,4,1,6,19,40,0,7,
322,2182657509,bruiser-heavy-breakthrough,nightwalker-sabotage,bruiser,nightwalker,win,1,bruiser-heavy-breakthrough,17,70,4,0,8,4,52,26,7,0,
323,2182657509,nightwalker-sabotage,bruiser-heavy-breakthrough,nightwalker,bruiser,win,2,bruiser-heavy-breakthrough,22,86,1,5,6,10,38,63,0,7,
324,542125982,bruiser-heavy-breakthrough,nightwalker-assassination,bruiser,nightwalker,win,1,bruiser-heavy-breakthrough,49,182,7,3,22,18,137,130,7,0,
325,542125982,nightwalker-assassination,bruiser-heavy-breakthrough,nightwalker,bruiser,win,1,nightwalker-assassination,35,139,6,2,16,14,101,87,7,0,
326,3196561751,bruiser-heavy-breakthrough,rogue-scavenger,bruiser,rogue,win,1,bruiser-heavy-breakthrough,25,111,6,2,10,7,85,47,7,0,
327,3196561751,rogue-scavenger,bruiser-heavy-breakthrough,rogue,bruiser,win,2,bruiser-heavy-breakthrough,16,64,1,5,3,6,22,48,0,7,
328,1556030224,bruiser-heavy-breakthrough,rogue-wildcard,bruiser,rogue,win,1,bruiser-heavy-breakthrough,43,174,8,4,18,14,135,95,7,0,
329,1556030224,rogue-wildcard,bruiser-heavy-breakthrough,rogue,bruiser,win,2,bruiser-heavy-breakthrough,18,76,1,5,6,9,43,71,0,7,
330,4210465993,syndicate-combined-arms,syndicate-precision-operations,syndicate,syndicate,win,1,syndicate-combined-arms,19,87,5,1,9,6,56,54,7,0,
331,4210465993,syndicate-precision-operations,syndicate-combined-arms,syndicate,syndicate,win,2,syndicate-combined-arms,28,134,3,7,8,15,80,80,0,7,
332,2569934466,syndicate-combined-arms,nightwalker-sabotage,syndicate,nightwalker,win,1,syndicate-combined-arms,29,136,6,2,14,11,82,87,7,0,
333,2569934466,nightwalker-sabotage,syndicate-combined-arms,nightwalker,syndicate,win,2,syndicate-combined-arms,24,110,1,5,9,10,71,63,0,7,
334,929402939,syndicate-combined-arms,nightwalker-assassination,syndicate,nightwalker,win,1,syndicate-combined-arms,11,48,4,0,4,1,26,27,7,0,
335,929402939,nightwalker-assassination,syndicate-combined-arms,nightwalker,syndicate,win,2,syndicate-combined-arms,30,133,2,6,15,13,105,73,0,7,
336,3583838708,syndicate-combined-arms,rogue-scavenger,syndicate,rogue,win,1,syndicate-combined-arms,17,83,5,1,7,4,56,38,7,0,
337,3583838708,rogue-scavenger,syndicate-combined-arms,rogue,syndicate,win,2,syndicate-combined-arms,14,68,1,5,3,5,31,37,0,7,
338,1943307181,syndicate-combined-arms,rogue-wildcard,syndicate,rogue,win,1,syndicate-combined-arms,21,91,6,2,10,8,66,64,7,0,
339,1943307181,rogue-wildcard,syndicate-combined-arms,rogue,syndicate,win,2,syndicate-combined-arms,20,96,1,5,7,10,55,69,0,7,
340,302775654,syndicate-precision-operations,nightwalker-sabotage,syndicate,nightwalker,win,1,syndicate-precision-operations,41,173,6,2,16,14,94,83,7,0,
341,302775654,nightwalker-sabotage,syndicate-precision-operations,nightwalker,syndicate,win,1,nightwalker-sabotage,25,96,5,1,11,6,59,38,7,0,
342,2957211423,syndicate-precision-operations,nightwalker-assassination,syndicate,nightwalker,win,2,nightwalker-assassination,20,84,0,4,5,12,37,65,0,7,
343,2957211423,nightwalker-assassination,syndicate-precision-operations,nightwalker,syndicate,win,1,nightwalker-assassination,17,65,4,0,7,5,34,29,7,0,
344,1316679896,syndicate-precision-operations,rogue-scavenger,syndicate,rogue,win,1,syndicate-precision-operations,35,162,7,3,15,13,117,77,7,0,
345,1316679896,rogue-scavenger,syndicate-precision-operations,rogue,syndicate,win,1,rogue-scavenger,17,80,4,0,6,6,35,44,7,0,
346,3971115665,syndicate-precision-operations,rogue-wildcard,syndicate,rogue,win,2,rogue-wildcard,26,109,1,5,7,11,62,64,0,7,
347,3971115665,rogue-wildcard,syndicate-precision-operations,rogue,syndicate,win,2,syndicate-precision-operations,26,121,2,6,10,10,61,73,0,7,
348,2330584138,nightwalker-sabotage,nightwalker-assassination,nightwalker,nightwalker,win,2,nightwalker-assassination,28,111,2,6,8,10,49,67,0,7,
349,2330584138,nightwalker-assassination,nightwalker-sabotage,nightwalker,nightwalker,win,1,nightwalker-assassination,27,115,5,1,11,9,75,60,7,0,
350,690052611,nightwalker-sabotage,rogue-scavenger,nightwalker,rogue,win,2,rogue-scavenger,30,136,2,6,10,13,83,77,0,7,
351,690052611,rogue-scavenger,nightwalker-sabotage,rogue,nightwalker,win,1,rogue-scavenger,25,116,6,2,10,6,60,72,7,0,
352,3344488380,nightwalker-sabotage,rogue-wildcard,nightwalker,rogue,win,2,rogue-wildcard,16,69,1,5,5,6,38,31,0,7,
353,3344488380,rogue-wildcard,nightwalker-sabotage,rogue,nightwalker,win,1,rogue-wildcard,37,159,7,3,13,13,84,102,7,0,
354,1703956853,nightwalker-assassination,rogue-scavenger,nightwalker,rogue,win,2,rogue-scavenger,42,181,3,7,17,18,144,88,0,7,
355,1703956853,rogue-scavenger,nightwalker-assassination,rogue,nightwalker,win,2,nightwalker-assassination,24,109,2,6,6,12,44,94,0,7,
356,63425326,nightwalker-assassination,rogue-wildcard,nightwalker,rogue,win,1,nightwalker-assassination,31,122,6,2,13,11,90,67,7,0,
357,63425326,rogue-wildcard,nightwalker-assassination,rogue,nightwalker,win,2,nightwalker-assassination,34,142,2,6,11,16,82,120,0,7,
358,2717861095,rogue-scavenger,rogue-wildcard,rogue,rogue,win,1,rogue-scavenger,23,110,6,2,7,5,51,58,7,0,
359,2717861095,rogue-wildcard,rogue-scavenger,rogue,rogue,win,2,rogue-scavenger,14,73,1,5,2,7,45,51,0,7,
360,1077329568,stonewall-bastion,stonewall-counteroffensive,stonewall,stonewall,win,2,stonewall-counteroffensive,14,72,1,5,2,3,27,30,0,7,
361,1077329568,stonewall-counteroffensive,stonewall-bastion,stonewall,stonewall,win,1,stonewall-counteroffensive,15,77,5,1,5,1,45,32,7,0,
362,3731765337,stonewall-bastion,bruiser-shock-assault,stonewall,bruiser,win,2,bruiser-shock-assault,16,76,1,5,3,6,26,51,0,7,
363,3731765337,bruiser-shock-assault,stonewall-bastion,bruiser,stonewall,win,2,stonewall-bastion,38,183,4,8,13,17,115,88,0,7,
364,2091233810,stonewall-bastion,bruiser-heavy-breakthrough,stonewall,bruiser,win,2,bruiser-heavy-breakthrough,12,55,1,5,1,6,12,51,0,7,
365,2091233810,bruiser-heavy-breakthrough,stonewall-bastion,bruiser,stonewall,win,1,bruiser-heavy-breakthrough,21,101,6,2,8,6,71,41,7,0,
366,450702283,stonewall-bastion,syndicate-combined-arms,stonewall,syndicate,win,2,syndicate-combined-arms,12,59,1,5,1,4,23,42,0,7,
367,450702283,syndicate-combined-arms,stonewall-bastion,syndicate,stonewall,win,2,stonewall-bastion,14,67,1,5,1,5,27,34,0,7,
368,3105138052,stonewall-bastion,syndicate-precision-operations,stonewall,syndicate,win,1,stonewall-bastion,23,100,5,1,9,6,52,62,7,0,
369,3105138052,syndicate-precision-operations,stonewall-bastion,syndicate,stonewall,win,2,stonewall-bastion,18,86,1,5,4,7,45,36,0,7,
370,1464606525,stonewall-bastion,nightwalker-sabotage,stonewall,nightwalker,win,1,stonewall-bastion,11,51,4,0,3,0,16,17,7,0,
371,1464606525,nightwalker-sabotage,stonewall-bastion,nightwalker,stonewall,win,2,stonewall-bastion,22,97,1,5,5,10,54,53,0,7,
372,4119042294,stonewall-bastion,nightwalker-assassination,stonewall,nightwalker,win,2,nightwalker-assassination,50,227,7,11,16,22,94,191,0,7,
373,4119042294,nightwalker-assassination,stonewall-bastion,nightwalker,stonewall,win,1,nightwalker-assassination,21,93,6,2,10,4,83,30,7,0,
374,2478510767,stonewall-bastion,rogue-scavenger,stonewall,rogue,win,1,stonewall-bastion,11,51,4,0,2,0,17,15,7,0,
375,2478510767,rogue-scavenger,stonewall-bastion,rogue,stonewall,win,1,rogue-scavenger,15,71,5,1,2,1,24,20,7,0,
376,837979240,stonewall-bastion,rogue-wildcard,stonewall,rogue,win,2,rogue-wildcard,16,71,1,5,2,2,23,20,0,7,
377,837979240,rogue-wildcard,stonewall-bastion,rogue,stonewall,win,1,rogue-wildcard,31,142,7,3,14,6,114,63,7,0,
378,3492415009,stonewall-counteroffensive,bruiser-shock-assault,stonewall,bruiser,win,2,bruiser-shock-assault,22,90,1,5,7,11,40,69,0,7,
379,3492415009,bruiser-shock-assault,stonewall-counteroffensive,bruiser,stonewall,win,1,bruiser-shock-assault,47,183,7,3,19,18,129,100,7,0,
380,1851883482,stonewall-counteroffensive,bruiser-heavy-breakthrough,stonewall,bruiser,win,2,bruiser-heavy-breakthrough,14,63,1,5,2,7,22,49,0,7,
381,1851883482,bruiser-heavy-breakthrough,stonewall-counteroffensive,bruiser,stonewall,win,1,bruiser-heavy-breakthrough,13,61,5,1,7,1,58,27,7,0,
382,211351955,stonewall-counteroffensive,syndicate-combined-arms,stonewall,syndicate,win,2,syndicate-combined-arms,16,76,1,5,2,8,39,55,0,7,
383,211351955,syndicate-combined-arms,stonewall-counteroffensive,syndicate,stonewall,win,1,syndicate-combined-arms,17,83,5,1,6,5,44,45,7,0,
384,2865787724,stonewall-counteroffensive,syndicate-precision-operations,stonewall,syndicate,win,1,stonewall-counteroffensive,21,99,5,1,9,6,56,66,7,0,
385,2865787724,syndicate-precision-operations,stonewall-counteroffensive,syndicate,stonewall,win,2,stonewall-counteroffensive,16,73,1,5,5,7,44,36,0,7,
386,1225256197,stonewall-counteroffensive,nightwalker-sabotage,stonewall,nightwalker,win,1,stonewall-counteroffensive,15,70,5,1,7,4,40,39,7,0,
387,1225256197,nightwalker-sabotage,stonewall-counteroffensive,nightwalker,stonewall,win,1,nightwalker-sabotage,13,61,5,1,7,1,42,23,7,0,
388,3879691966,stonewall-counteroffensive,nightwalker-assassination,stonewall,nightwalker,win,2,nightwalker-assassination,42,169,3,7,13,19,78,133,0,7,
389,3879691966,nightwalker-assassination,stonewall-counteroffensive,nightwalker,stonewall,win,1,nightwalker-assassination,33,137,6,2,13,10,103,60,7,0,
390,2239160439,stonewall-counteroffensive,rogue-scavenger,stonewall,rogue,win,2,rogue-scavenger,22,107,3,7,4,7,56,47,0,7,
391,2239160439,rogue-scavenger,stonewall-counteroffensive,rogue,stonewall,win,1,rogue-scavenger,15,74,5,1,4,2,36,31,7,0,
392,598628912,stonewall-counteroffensive,rogue-wildcard,stonewall,rogue,win,2,rogue-wildcard,30,138,2,6,5,14,86,96,0,7,
393,598628912,rogue-wildcard,stonewall-counteroffensive,rogue,stonewall,win,1,rogue-wildcard,19,89,5,1,7,3,54,37,7,0,
394,3253064681,bruiser-shock-assault,bruiser-heavy-breakthrough,bruiser,bruiser,win,1,bruiser-shock-assault,23,94,5,1,11,8,61,52,7,0,
395,3253064681,bruiser-heavy-breakthrough,bruiser-shock-assault,bruiser,bruiser,win,1,bruiser-heavy-breakthrough,17,62,4,0,8,4,46,25,7,0,
396,1612533154,bruiser-shock-assault,syndicate-combined-arms,bruiser,syndicate,win,2,syndicate-combined-arms,24,111,1,5,9,13,71,60,0,7,
397,1612533154,syndicate-combined-arms,bruiser-shock-assault,syndicate,bruiser,win,1,syndicate-combined-arms,23,103,5,1,11,8,57,72,7,0,
398,4266968923,bruiser-shock-assault,syndicate-precision-operations,bruiser,syndicate,win,2,syndicate-precision-operations,34,127,2,6,12,17,79,83,0,7,
399,4266968923,syndicate-precision-operations,bruiser-shock-assault,syndicate,bruiser,win,2,bruiser-shock-assault,46,180,3,7,19,18,101,120,0,7,
400,2626437396,bruiser-shock-assault,nightwalker-sabotage,bruiser,nightwalker,win,1,bruiser-shock-assault,29,131,5,1,12,14,67,71,7,0,
401,2626437396,nightwalker-sabotage,bruiser-shock-assault,nightwalker,bruiser,win,1,nightwalker-sabotage,33,123,5,1,16,9,71,62,7,0,
402,985905869,bruiser-shock-assault,nightwalker-assassination,bruiser,nightwalker,win,2,nightwalker-assassination,30,112,1,5,9,14,54,70,0,7,
403,985905869,nightwalker-assassination,bruiser-shock-assault,nightwalker,bruiser,win,1,nightwalker-assassination,19,79,4,0,10,6,50,35,7,0,
404,3640341638,bruiser-shock-assault,rogue-scavenger,bruiser,rogue,win,2,rogue-scavenger,14,65,1,5,3,8,29,31,0,7,
405,3640341638,rogue-scavenger,bruiser-shock-assault,rogue,bruiser,win,1,rogue-scavenger,21,102,5,1,10,6,47,63,7,0,
406,1999810111,bruiser-shock-assault,rogue-wildcard,bruiser,rogue,win,2,rogue-wildcard,46,180,4,8,17,21,124,109,0,7,
407,1999810111,rogue-wildcard,bruiser-shock-assault,rogue,bruiser,win,1,rogue-wildcard,23,100,5,1,13,9,65,65,7,0,
408,359278584,bruiser-heavy-breakthrough,syndicate-combined-arms,bruiser,syndicate,win,1,bruiser-heavy-breakthrough,25,110,7,3,15,6,94,56,7,0,
409,359278584,syndicate-combined-arms,bruiser-heavy-breakthrough,syndicate,bruiser,win,1,syndicate-combined-arms,37,170,8,4,16,15,98,128,7,0,
410,3013714353,bruiser-heavy-breakthrough,syndicate-precision-operations,bruiser,syndicate,win,1,bruiser-heavy-breakthrough,21,73,5,1,9,4,49,38,7,0,
411,3013714353,syndicate-precision-operations,bruiser-heavy-breakthrough,syndicate,bruiser,win,2,bruiser-heavy-breakthrough,18,71,0,4,3,9,29,52,0,7,
412,1373182826,bruiser-heavy-breakthrough,nightwalker-sabotage,bruiser,nightwalker,win,1,bruiser-heavy-breakthrough,13,59,4,0,7,2,47,25,7,0,
413,1373182826,nightwalker-sabotage,bruiser-heavy-breakthrough,nightwalker,bruiser,win,2,bruiser-heavy-breakthrough,44,180,4,8,14,17,87,119,0,7,
414,4027618595,bruiser-heavy-breakthrough,nightwalker-assassination,bruiser,nightwalker,win,1,bruiser-heavy-breakthrough,13,55,5,1,7,3,40,27,7,0,
415,4027618595,nightwalker-assassination,bruiser-heavy-breakthrough,nightwalker,bruiser,win,2,bruiser-heavy-breakthrough,34,128,3,7,12,15,81,87,0,7,
416,2387087068,bruiser-heavy-breakthrough,rogue-scavenger,bruiser,rogue,win,1,bruiser-heavy-breakthrough,19,79,5,1,9,4,71,31,7,0,
417,2387087068,rogue-scavenger,bruiser-heavy-breakthrough,rogue,bruiser,win,2,bruiser-heavy-breakthrough,16,72,1,5,4,7,24,49,0,7,
418,746555541,bruiser-heavy-breakthrough,rogue-wildcard,bruiser,rogue,win,1,bruiser-heavy-breakthrough,19,84,5,1,10,7,65,49,7,0,
419,746555541,rogue-wildcard,bruiser-heavy-breakthrough,rogue,bruiser,win,2,bruiser-heavy-breakthrough,34,138,3,7,12,15,84,105,0,7,
420,3400991310,syndicate-combined-arms,syndicate-precision-operations,syndicate,syndicate,win,1,syndicate-combined-arms,23,100,5,1,10,5,54,54,7,0,
421,3400991310,syndicate-precision-operations,syndicate-combined-arms,syndicate,syndicate,win,2,syndicate-combined-arms,30,142,3,7,13,15,95,82,0,7,
422,1760459783,syndicate-combined-arms,nightwalker-sabotage,syndicate,nightwalker,win,2,nightwalker-sabotage,14,65,1,5,2,4,29,29,0,7,
423,1760459783,nightwalker-sabotage,syndicate-combined-arms,nightwalker,syndicate,win,2,syndicate-combined-arms,34,145,3,7,12,14,90,84,0,7,
424,119928256,syndicate-combined-arms,nightwalker-assassination,syndicate,nightwalker,win,1,syndicate-combined-arms,43,195,8,4,20,21,105,157,7,0,
425,119928256,nightwalker-assassination,syndicate-combined-arms,nightwalker,syndicate,win,2,syndicate-combined-arms,108,427,10,14,49,42,329,234,0,7,
426,2774364025,syndicate-combined-arms,rogue-scavenger,syndicate,rogue,win,1,syndicate-combined-arms,21,104,6,2,10,5,74,60,7,0,
427,2774364025,rogue-scavenger,syndicate-combined-arms,rogue,syndicate,win,2,syndicate-combined-arms,22,109,2,6,6,8,46,60,0,7,
428,1133832498,syndicate-combined-arms,rogue-wildcard,syndicate,rogue,win,1,syndicate-combined-arms,21,104,6,2,9,8,64,76,7,0,
429,1133832498,rogue-wildcard,syndicate-combined-arms,rogue,syndicate,win,2,syndicate-combined-arms,18,87,1,5,7,8,59,58,0,7,
430,3788268267,syndicate-precision-operations,nightwalker-sabotage,syndicate,nightwalker,win,1,syndicate-precision-operations,25,108,5,1,10,8,58,58,7,0,
431,3788268267,nightwalker-sabotage,syndicate-precision-operations,nightwalker,syndicate,win,1,nightwalker-sabotage,15,62,4,0,7,2,33,28,7,0,
432,2147736740,syndicate-precision-operations,nightwalker-assassination,syndicate,nightwalker,win,2,nightwalker-assassination,18,72,1,5,4,8,30,47,0,7,
433,2147736740,nightwalker-assassination,syndicate-precision-operations,nightwalker,syndicate,win,1,nightwalker-assassination,31,119,6,2,14,9,76,58,7,0,
434,507205213,syndicate-precision-operations,rogue-scavenger,syndicate,rogue,win,2,rogue-scavenger,22,96,1,5,5,10,54,51,0,7,
435,507205213,rogue-scavenger,syndicate-precision-operations,rogue,syndicate,win,1,rogue-scavenger,23,108,6,2,11,4,59,54,7,0,
436,3161640982,syndicate-precision-operations,rogue-wildcard,syndicate,rogue,win,2,rogue-wildcard,30,133,2,6,10,14,85,86,0,7,
437,3161640982,rogue-wildcard,syndicate-precision-operations,rogue,syndicate,win,1,rogue-wildcard,17,74,4,0,8,5,43,39,7,0,
438,1521109455,nightwalker-sabotage,nightwalker-assassination,nightwalker,nightwalker,win,2,nightwalker-assassination,28,105,2,6,9,11,53,68,0,7,
439,1521109455,nightwalker-assassination,nightwalker-sabotage,nightwalker,nightwalker,win,1,nightwalker-assassination,27,110,6,2,11,10,69,59,7,0,
440,4175545224,nightwalker-sabotage,rogue-scavenger,nightwalker,rogue,win,2,rogue-scavenger,22,109,2,6,7,10,74,59,0,7,
441,4175545224,rogue-scavenger,nightwalker-sabotage,rogue,nightwalker,win,1,rogue-scavenger,33,157,7,3,13,13,73,111,7,0,
442,2535013697,nightwalker-sabotage,rogue-wildcard,nightwalker,rogue,win,2,rogue-wildcard,30,121,3,7,9,12,79,74,0,7,
443,2535013697,rogue-wildcard,nightwalker-sabotage,rogue,nightwalker,win,1,rogue-wildcard,41,183,8,4,17,14,104,117,7,0,
444,894482170,nightwalker-assassination,rogue-scavenger,nightwalker,rogue,win,2,rogue-scavenger,96,462,12,16,44,40,371,220,0,7,
445,894482170,rogue-scavenger,nightwalker-assassination,rogue,nightwalker,win,1,rogue-scavenger,123,558,19,15,46,50,261,462,7,0,
446,3548917939,nightwalker-assassination,rogue-wildcard,nightwalker,rogue,win,1,nightwalker-assassination,27,118,5,1,11,10,83,60,7,0,
447,3548917939,rogue-wildcard,nightwalker-assassination,rogue,nightwalker,win,1,rogue-wildcard,17,77,5,1,7,6,42,41,7,0,
448,1908386412,rogue-scavenger,rogue-wildcard,rogue,rogue,win,2,rogue-wildcard,32,152,3,7,7,13,78,100,0,7,
449,1908386412,rogue-wildcard,rogue-scavenger,rogue,rogue,win,1,rogue-wildcard,37,187,7,3,15,12,131,97,7,0,
450,267854885,stonewall-bastion,stonewall-counteroffensive,stonewall,stonewall,win,2,stonewall-counteroffensive,16,74,1,5,2,4,30,33,0,7,
451,267854885,stonewall-counteroffensive,stonewall-bastion,stonewall,stonewall,win,1,stonewall-counteroffensive,11,52,4,0,1,0,10,17,7,0,
452,2922290654,stonewall-bastion,bruiser-shock-assault,stonewall,bruiser,win,1,stonewall-bastion,37,168,9,5,18,11,88,117,7,0,
453,2922290654,bruiser-shock-assault,stonewall-bastion,bruiser,stonewall,win,2,stonewall-bastion,18,85,1,5,4,8,53,38,0,7,
454,1281759127,stonewall-bastion,bruiser-heavy-breakthrough,stonewall,bruiser,win,2,bruiser-heavy-breakthrough,12,58,1,5,1,5,21,42,0,7,
455,1281759127,bruiser-heavy-breakthrough,stonewall-bastion,bruiser,stonewall,win,1,bruiser-heavy-breakthrough,13,57,5,1,7,2,48,22,7,0,
456,3936194896,stonewall-bastion,syndicate-combined-arms,stonewall,syndicate,win,2,syndicate-combined-arms,14,59,1,5,1,2,25,21,0,7,
457,3936194896,syndicate-combined-arms,stonewall-bastion,syndicate,stonewall,win,2,stonewall-bastion,20,99,2,6,4,8,59,49,0,7,
458,2295663369,stonewall-bastion,syndicate-precision-operations,stonewall,syndicate,win,1,stonewall-bastion,25,117,6,2,10,8,54,74,7,0,
459,2295663369,syndicate-precision-operations,stonewall-bastion,syndicate,stonewall,win,2,stonewall-bastion,32,147,3,7,8,13,88,71,0,7,
460,655131842,stonewall-bastion,nightwalker-sabotage,stonewall,nightwalker,win,2,nightwalker-sabotage,20,98,2,6,4,9,48,79,0,7,
461,655131842,nightwalker-sabotage,stonewall-bastion,nightwalker,stonewall,win,2,stonewall-bastion,20,93,2,6,6,7,56,46,0,7,
462,3309567611,stonewall-bastion,nightwalker-assassination,stonewall,nightwalker,win,2,nightwalker-assassination,34,165,4,8,10,16,56,138,0,7,
463,3309567611,nightwalker-assassination,stonewall-bastion,nightwalker,stonewall,win,2,stonewall-bastion,68,294,7,11,24,28,249,154,0,7,
464,1669036084,stonewall-bastion,rogue-scavenger,stonewall,rogue,win,1,stonewall-bastion,23,110,7,3,6,2,51,37,7,0,
465,1669036084,rogue-scavenger,stonewall-bastion,rogue,stonewall,win,2,stonewall-bastion,12,58,1,5,1,3,24,29,0,7,
466,28504557,stonewall-bastion,rogue-wildcard,stonewall,rogue,win,2,rogue-wildcard,22,111,2,6,3,7,40,68,0,7,
467,28504557,rogue-wildcard,stonewall-bastion,rogue,stonewall,win,2,stonewall-bastion,14,69,1,5,1,4,34,31,0,7,
468,2682940326,stonewall-counteroffensive,bruiser-shock-assault,stonewall,bruiser,win,1,stonewall-counteroffensive,31,142,6,2,15,13,77,104,7,0,
469,2682940326,bruiser-shock-assault,stonewall-counteroffensive,bruiser,stonewall,win,1,bruiser-shock-assault,17,69,5,1,7,3,48,29,7,0,
470,1042408799,stonewall-counteroffensive,bruiser-heavy-breakthrough,stonewall,bruiser,win,2,bruiser-heavy-breakthrough,24,104,2,6,7,13,54,95,0,7,
471,1042408799,bruiser-heavy-breakthrough,stonewall-counteroffensive,bruiser,stonewall,win,1,bruiser-heavy-breakthrough,31,135,7,3,15,10,116,67,7,0,
472,3696844568,stonewall-counteroffensive,syndicate-combined-arms,stonewall,syndicate,win,1,stonewall-counteroffensive,15,75,5,1,4,3,34,49,7,0,
473,3696844568,syndicate-combined-arms,stonewall-counteroffensive,syndicate,stonewall,win,1,syndicate-combined-arms,37,180,9,5,13,11,100,97,7,0,
474,2056313041,stonewall-counteroffensive,syndicate-precision-operations,stonewall,syndicate,win,1,stonewall-counteroffensive,17,79,5,1,8,4,42,44,7,0,
475,2056313041,syndicate-precision-operations,stonewall-counteroffensive,syndicate,stonewall,win,2,stonewall-counteroffensive,16,79,1,5,2,6,48,39,0,7,
476,415781514,stonewall-counteroffensive,nightwalker-sabotage,stonewall,nightwalker,win,1,stonewall-counteroffensive,41,169,7,3,14,15,84,118,7,0,
477,415781514,nightwalker-sabotage,stonewall-counteroffensive,nightwalker,stonewall,win,2,stonewall-counteroffensive,18,74,1,5,4,6,43,33,0,7,
478,3070217283,stonewall-counteroffensive,nightwalker-assassination,stonewall,nightwalker,win,2,nightwalker-assassination,24,115,2,6,10,12,59,87,0,7,
479,3070217283,nightwalker-assassination,stonewall-counteroffensive,nightwalker,stonewall,win,1,nightwalker-assassination,37,159,7,3,18,14,126,78,7,0,
480,1429685756,stonewall-counteroffensive,rogue-scavenger,stonewall,rogue,win,1,stonewall-counteroffensive,9,42,4,0,2,0,22,12,7,0,
481,1429685756,rogue-scavenger,stonewall-counteroffensive,rogue,stonewall,win,2,stonewall-counteroffensive,10,50,0,4,0,1,14,22,0,7,
482,4084121525,stonewall-counteroffensive,rogue-wildcard,stonewall,rogue,win,1,stonewall-counteroffensive,19,92,5,1,5,5,45,62,7,0,
483,4084121525,rogue-wildcard,stonewall-counteroffensive,rogue,stonewall,win,1,rogue-wildcard,49,226,11,7,22,12,146,119,7,0,
484,2443589998,bruiser-shock-assault,bruiser-heavy-breakthrough,bruiser,bruiser,win,2,bruiser-heavy-breakthrough,18,75,1,5,3,11,24,60,0,7,
485,2443589998,bruiser-heavy-breakthrough,bruiser-shock-assault,bruiser,bruiser,win,1,bruiser-heavy-breakthrough,21,76,5,1,11,7,67,46,7,0,
486,803058471,bruiser-shock-assault,syndicate-combined-arms,bruiser,syndicate,win,2,syndicate-combined-arms,42,169,4,8,15,20,116,101,0,7,
487,803058471,syndicate-combined-arms,bruiser-shock-assault,syndicate,bruiser,win,1,syndicate-combined-arms,29,126,6,2,14,12,74,88,7,0,
488,3457494240,bruiser-shock-assault,syndicate-precision-operations,bruiser,syndicate,win,1,bruiser-shock-assault,31,116,5,1,14,12,74,61,7,0,
489,3457494240,syndicate-precision-operations,bruiser-shock-assault,syndicate,bruiser,win,2,bruiser-shock-assault,20,87,1,5,5,11,41,59,0,7,
490,1816962713,bruiser-shock-assault,nightwalker-sabotage,bruiser,nightwalker,win,2,nightwalker-sabotage,44,180,2,6,16,20,97,103,0,7,
491,1816962713,nightwalker-sabotage,bruiser-shock-assault,nightwalker,bruiser,win,1,nightwalker-sabotage,17,72,4,0,8,2,35,23,7,0,
492,176431186,bruiser-shock-assault,nightwalker-assassination,bruiser,nightwalker,win,2,nightwalker-assassination,24,97,1,5,6,13,33,64,0,7,
493,176431186,nightwalker-assassination,bruiser-shock-assault,nightwalker,bruiser,win,1,nightwalker-assassination,17,69,4,0,8,7,38,34,7,0,
494,2830866955,bruiser-shock-assault,rogue-scavenger,bruiser,rogue,win,2,rogue-scavenger,48,217,4,8,16,23,145,114,0,7,
495,2830866955,rogue-scavenger,bruiser-shock-assault,rogue,bruiser,win,2,bruiser-shock-assault,24,117,1,5,11,9,55,80,0,7,
496,1190335428,bruiser-shock-assault,rogue-wildcard,bruiser,rogue,win,1,bruiser-shock-assault,13,59,4,0,5,3,35,21,7,0,
497,1190335428,rogue-wildcard,bruiser-shock-assault,rogue,bruiser,win,1,rogue-wildcard,41,175,7,3,18,16,100,119,7,0,
498,3844771197,bruiser-heavy-breakthrough,syndicate-combined-arms,bruiser,syndicate,win,1,bruiser-heavy-breakthrough,59,260,11,7,33,20,235,139,7,0,
499,3844771197,syndicate-combined-arms,bruiser-heavy-breakthrough,syndicate,bruiser,win,2,bruiser-heavy-breakthrough,24,110,2,6,6,12,56,86,0,7,
500,2204239670,bruiser-heavy-breakthrough,syndicate-precision-operations,bruiser,syndicate,win,1,bruiser-heavy-breakthrough,21,82,5,1,8,7,54,47,7,0,
501,2204239670,syndicate-precision-operations,bruiser-heavy-breakthrough,syndicate,bruiser,win,2,bruiser-heavy-breakthrough,12,53,0,4,1,8,19,52,0,7,
502,563708143,bruiser-heavy-breakthrough,nightwalker-sabotage,bruiser,nightwalker,win,1,bruiser-heavy-breakthrough,23,84,5,1,10,6,68,44,7,0,
503,563708143,nightwalker-sabotage,bruiser-heavy-breakthrough,nightwalker,bruiser,win,2,bruiser-heavy-breakthrough,14,50,0,4,1,7,14,38,0,7,
504,3218143912,bruiser-heavy-breakthrough,nightwalker-assassination,bruiser,nightwalker,win,1,bruiser-heavy-breakthrough,35,128,6,2,15,12,84,88,7,0,
505,3218143912,nightwalker-assassination,bruiser-heavy-breakthrough,nightwalker,bruiser,win,2,bruiser-heavy-breakthrough,34,134,3,7,11,15,89,91,0,7,
506,1577612385,bruiser-heavy-breakthrough,rogue-scavenger,bruiser,rogue,win,1,bruiser-heavy-breakthrough,15,64,4,0,6,3,44,24,7,0,
507,1577612385,rogue-scavenger,bruiser-heavy-breakthrough,rogue,bruiser,win,2,bruiser-heavy-breakthrough,24,112,2,6,5,11,38,83,0,7,
508,4232048154,bruiser-heavy-breakthrough,rogue-wildcard,bruiser,rogue,win,1,bruiser-heavy-breakthrough,21,87,5,1,10,7,75,49,7,0,
509,4232048154,rogue-wildcard,bruiser-heavy-breakthrough,rogue,bruiser,win,2,bruiser-heavy-breakthrough,34,124,2,6,10,14,64,88,0,7,
510,2591516627,syndicate-combined-arms,syndicate-precision-operations,syndicate,syndicate,win,1,syndicate-combined-arms,17,69,4,0,7,4,36,39,7,0,
511,2591516627,syndicate-precision-operations,syndicate-combined-arms,syndicate,syndicate,win,2,syndicate-combined-arms,26,101,2,6,8,11,59,61,0,7,
512,950985100,syndicate-combined-arms,nightwalker-sabotage,syndicate,nightwalker,win,1,syndicate-combined-arms,11,52,4,0,6,2,35,28,7,0,
513,950985100,nightwalker-sabotage,syndicate-combined-arms,nightwalker,syndicate,win,2,syndicate-combined-arms,28,128,3,7,11,13,74,73,0,7,
514,3605420869,syndicate-combined-arms,nightwalker-assassination,syndicate,nightwalker,win,1,syndicate-combined-arms,15,69,5,1,6,4,35,46,7,0,
515,3605420869,nightwalker-assassination,syndicate-combined-arms,nightwalker,syndicate,win,1,nightwalker-assassination,47,200,8,4,25,17,167,106,7,0,
516,1964889342,syndicate-combined-arms,rogue-scavenger,syndicate,rogue,win,1,syndicate-combined-arms,15,74,5,1,6,2,46,35,7,0,
517,1964889342,rogue-scavenger,syndicate-combined-arms,rogue,syndicate,win,1,rogue-scavenger,15,69,5,1,5,2,34,29,7,0,
518,324357815,syndicate-combined-arms,rogue-wildcard,syndicate,rogue,win,1,syndicate-combined-arms,31,155,7,3,13,11,95,93,7,0,
519,324357815,rogue-wildcard,syndicate-combined-arms,rogue,syndicate,win,2,syndicate-combined-arms,20,90,1,5,6,9,52,55,0,7,
520,2978793584,syndicate-precision-operations,nightwalker-sabotage,syndicate,nightwalker,win,2,nightwalker-sabotage,32,131,2,6,9,15,59,83,0,7,
521,2978793584,nightwalker-sabotage,syndicate-precision-operations,nightwalker,syndicate,win,1,nightwalker-sabotage,25,105,5,1,11,7,61,59,7,0,
522,1338262057,syndicate-precision-operations,nightwalker-assassination,syndicate,nightwalker,win,2,nightwalker-assassination,20,85,1,5,6,11,45,63,0,7,
523,1338262057,nightwalker-assassination,syndicate-precision-operations,nightwalker,syndicate,win,1,nightwalker-assassination,19,75,4,0,10,6,49,31,7,0,
524,3992697826,syndicate-precision-operations,rogue-scavenger,syndicate,rogue,win,1,syndicate-precision-operations,19,85,4,0,6,6,50,43,7,0,
525,3992697826,rogue-scavenger,syndicate-precision-operations,rogue,syndicate,win,1,rogue-scavenger,21,95,5,1,5,5,39,51,7,0,
526,2352166299,syndicate-precision-operations,rogue-wildcard,syndicate,rogue,win,2,rogue-wildcard,40,164,3,7,12,18,108,101,0,7,
527,2352166299,rogue-wildcard,syndicate-precision-operations,rogue,syndicate,win,1,rogue-wildcard,13,61,4,0,7,4,37,41,7,0,
528,711634772,nightwalker-sabotage,nightwalker-assassination,nightwalker,nightwalker,win,2,nightwalker-assassination,24,96,1,5,7,11,46,65,0,7,
529,711634772,nightwalker-assassination,nightwalker-sabotage,nightwalker,nightwalker,win,1,nightwalker-assassination,21,89,4,0,9,7,59,35,7,0,
530,3366070541,nightwalker-sabotage,rogue-scavenger,nightwalker,rogue,win,1,nightwalker-sabotage,19,90,5,1,8,4,53,31,7,0,
531,3366070541,rogue-scavenger,nightwalker-sabotage,rogue,nightwalker,win,2,nightwalker-sabotage,44,214,4,8,16,16,86,147,0,7,
532,1725539014,nightwalker-sabotage,rogue-wildcard,nightwalker,rogue,win,2,rogue-wildcard,30,137,2,6,10,12,86,78,0,7,
533,1725539014,rogue-wildcard,nightwalker-sabotage,rogue,nightwalker,win,1,rogue-wildcard,39,154,7,3,14,12,81,98,7,0,
534,85007487,nightwalker-assassination,rogue-scavenger,nightwalker,rogue,win,2,rogue-scavenger,30,145,3,7,13,14,106,70,0,7,
535,85007487,rogue-scavenger,nightwalker-assassination,rogue,nightwalker,win,2,nightwalker-assassination,14,67,1,5,4,6,26,50,0,7,
536,2739443256,nightwalker-assassination,rogue-wildcard,nightwalker,rogue,win,1,nightwalker-assassination,27,106,6,2,13,8,82,58,7,0,
537,2739443256,rogue-wildcard,nightwalker-assassination,rogue,nightwalker,win,2,nightwalker-assassination,46,183,4,8,17,19,110,139,0,7,
538,1098911729,rogue-scavenger,rogue-wildcard,rogue,rogue,win,2,rogue-wildcard,14,71,1,5,1,5,26,40,0,7,
539,1098911729,rogue-wildcard,rogue-scavenger,rogue,rogue,win,1,rogue-wildcard,23,106,6,2,10,5,76,43,7,0,
540,3753347498,stonewall-bastion,stonewall-counteroffensive,stonewall,stonewall,win,2,stonewall-counteroffensive,16,74,1,5,2,3,34,33,0,7,
541,3753347498,stonewall-counteroffensive,stonewall-bastion,stonewall,stonewall,win,2,stonewall-bastion,36,181,9,13,3,14,66,100,0,7,
542,2112815971,stonewall-bastion,bruiser-shock-assault,stonewall,bruiser,win,1,stonewall-bastion,25,113,6,2,14,7,70,91,7,0,
543,2112815971,bruiser-shock-assault,stonewall-bastion,bruiser,stonewall,win,2,stonewall-bastion,42,188,5,9,12,20,124,99,0,7,
544,472284444,stonewall-bastion,bruiser-heavy-breakthrough,stonewall,bruiser,win,2,bruiser-heavy-breakthrough,32,151,4,8,8,14,67,129,0,7,
545,472284444,bruiser-heavy-breakthrough,stonewall-bastion,bruiser,stonewall,win,2,stonewall-bastion,22,102,2,6,4,10,73,58,0,7,
546,3126720213,stonewall-bastion,syndicate-combined-arms,stonewall,syndicate,win,2,syndicate-combined-arms,10,47,0,4,0,3,19,26,0,7,
547,3126720213,syndicate-combined-arms,stonewall-bastion,syndicate,stonewall,win,2,stonewall-bastion,10,46,0,4,0,3,14,23,0,7,
548,1486188686,stonewall-bastion,syndicate-precision-operations,stonewall,syndicate,win,1,stonewall-bastion,15,70,4,0,8,2,36,43,7,0,
549,1486188686,syndicate-precision-operations,stonewall-bastion,syndicate,stonewall,win,2,stonewall-bastion,32,156,3,7,8,13,92,70,0,7,
550,4140624455,stonewall-bastion,nightwalker-sabotage,stonewall,nightwalker,win,1,stonewall-bastion,25,125,6,2,11,7,67,79,7,0,
551,4140624455,nightwalker-sabotage,stonewall-bastion,nightwalker,stonewall,win,2,stonewall-bastion,20,101,2,6,5,9,58,55,0,7,
552,2500092928,stonewall-bastion,nightwalker-assassination,stonewall,nightwalker,win,2,nightwalker-assassination,40,183,5,9,11,14,82,143,0,7,
553,2500092928,nightwalker-assassination,stonewall-bastion,nightwalker,stonewall,win,1,nightwalker-assassination,73,325,12,8,32,26,284,145,7,0,
554,859561401,stonewall-bastion,rogue-scavenger,stonewall,rogue,win,2,rogue-scavenger,14,73,1,5,1,6,39,49,0,7,
555,859561401,rogue-scavenger,stonewall-bastion,rogue,stonewall,win,2,stonewall-bastion,22,112,2,6,4,9,60,59,0,7,
556,3513997170,stonewall-bastion,rogue-wildcard,stonewall,rogue,win,1,stonewall-bastion,39,194,9,5,14,12,106,119,7,0,
557,3513997170,rogue-wildcard,stonewall-bastion,rogue,stonewall,win,1,rogue-wildcard,9,41,4,0,2,1,20,14,7,0,
558,1873465643,stonewall-counteroffensive,bruiser-shock-assault,stonewall,bruiser,win,1,stonewall-counteroffensive,23,110,5,1,12,8,60,71,7,0,
559,1873465643,bruiser-shock-assault,stonewall-counteroffensive,bruiser,stonewall,win,1,bruiser-shock-assault,15,72,5,1,6,3,49,31,7,0,
560,232934116,stonewall-counteroffensive,bruiser-heavy-breakthrough,stonewall,bruiser,win,2,bruiser-heavy-breakthrough,18,80,1,5,5,8,38,67,0,7,
561,232934116,bruiser-heavy-breakthrough,stonewall-counteroffensive,bruiser,stonewall,win,1,bruiser-heavy-breakthrough,11,49,4,0,5,3,36,24,7,0,
562,2887369885,stonewall-counteroffensive,syndicate-combined-arms,stonewall,syndicate,win,1,stonewall-counteroffensive,11,54,4,0,3,0,23,21,7,0,
563,2887369885,syndicate-combined-arms,stonewall-counteroffensive,syndicate,stonewall,win,1,syndicate-combined-arms,17,87,5,1,7,3,51,50,7,0,
564,1246838358,stonewall-counteroffensive,syndicate-precision-operations,stonewall,syndicate,win,2,syndicate-precision-operations,32,136,2,6,10,13,72,88,0,7,
565,1246838358,syndicate-precision-operations,stonewall-counteroffensive,syndicate,stonewall,win,2,stonewall-counteroffensive,16,73,1,5,3,6,37,33,0,7,
566,3901274127,stonewall-counteroffensive,nightwalker-sabotage,stonewall,nightwalker,win,1,stonewall-counteroffensive,19,92,5,1,8,6,42,56,7,0,
567,3901274127,nightwalker-sabotage,stonewall-counteroffensive,nightwalker,stonewall,win,1,nightwalker-sabotage,27,125,5,1,13,10,94,59,7,0,
568,2260742600,stonewall-counteroffensive,nightwalker-assassination,stonewall,nightwalker,win,2,nightwalker-assassination,26,113,1,5,9,13,59,93,0,7,
569,2260742600,nightwalker-assassination,stonewall-counteroffensive,nightwalker,stonewall,win,1,nightwalker-assassination,27,116,5,1,13,10,95,54,7,0,
570,620211073,stonewall-counteroffensive,rogue-scavenger,stonewall,rogue,win,2,rogue-scavenger,22,109,2,6,5,8,59,50,0,7,
571,620211073,rogue-scavenger,stonewall-counteroffensive,rogue,stonewall,win,1,rogue-scavenger,21,99,6,2,7,4,54,51,7,0,
572,3274646842,stonewall-counteroffensive,rogue-wildcard,stonewall,rogue,win,1,stonewall-counteroffensive,23,111,6,2,10,5,67,54,7,0,
573,3274646842,rogue-wildcard,stonewall-counteroffensive,rogue,stonewall,win,2,stonewall-counteroffensive,20,99,1,5,8,8,66,56,0,7,
574,1634115315,bruiser-shock-assault,bruiser-heavy-breakthrough,bruiser,bruiser,win,2,bruiser-heavy-breakthrough,26,94,1,5,9,12,57,69,0,7,
575,1634115315,bruiser-heavy-breakthrough,bruiser-shock-assault,bruiser,bruiser,win,1,bruiser-heavy-breakthrough,25,101,5,1,13,9,79,57,7,0,
576,4288551084,bruiser-shock-assault,syndicate-combined-arms,bruiser,syndicate,win,2,syndicate-combined-arms,24,106,1,5,12,12,77,64,0,7,
577,4288551084,syndicate-combined-arms,bruiser-shock-assault,syndicate,bruiser,win,2,bruiser-shock-assault,30,138,2,6,15,16,81,112,0,7,
578,2648019557,bruiser-shock-assault,syndicate-precision-operations,bruiser,syndicate,win,1,bruiser-shock-assault,33,135,6,2,15,14,93,76,7,0,
579,2648019557,syndicate-precision-operations,bruiser-shock-assault,syndicate,bruiser,win,2,bruiser-shock-assault,52,190,4,8,19,21,107,121,0,7,
580,1007488030,bruiser-shock-assault,nightwalker-sabotage,bruiser,nightwalker,win,2,nightwalker-sabotage,42,173,3,7,13,20,92,93,0,7,
581,1007488030,nightwalker-sabotage,bruiser-shock-assault,nightwalker,bruiser,win,1,nightwalker-sabotage,27,108,6,2,12,9,55,62,7,0,
582,3661923799,bruiser-shock-assault,nightwalker-assassination,bruiser,nightwalker,win,2,nightwalker-assassination,28,105,1,5,9,14,52,69,0,7,
583,3661923799,nightwalker-assassination,bruiser-shock-assault,nightwalker,bruiser,win,1,nightwalker-assassination,27,98,5,1,15,7,67,42,7,0,
584,2021392272,bruiser-shock-assault,rogue-scavenger,bruiser,rogue,win,1,bruiser-shock-assault,29,137,7,3,9,11,80,62,7,0,
585,2021392272,rogue-scavenger,bruiser-shock-assault,rogue,bruiser,win,1,rogue-scavenger,61,275,12,8,27,21,133,177,7,0,
586,380860745,bruiser-shock-assault,rogue-wildcard,bruiser,rogue,win,2,rogue-wildcard,40,144,3,7,11,19,86,88,0,7,
587,380860745,rogue-wildcard,bruiser-shock-assault,rogue,bruiser,win,1,rogue-wildcard,27,116,5,1,12,12,64,91,7,0,
588,3035296514,bruiser-heavy-breakthrough,syndicate-combined-arms,bruiser,syndicate,win,1,bruiser-heavy-breakthrough,29,127,7,3,16,8,115,66,7,0,
589,3035296514,syndicate-combined-arms,bruiser-heavy-breakthrough,syndicate,bruiser,win,2,bruiser-heavy-breakthrough,18,86,1,5,5,9,41,63,0,7,
590,1394764987,bruiser-heavy-breakthrough,syndicate-precision-operations,bruiser,syndicate,win,1,bruiser-heavy-breakthrough,17,70,4,0,7,5,40,33,7,0,
591,1394764987,syndicate-precision-operations,bruiser-heavy-breakthrough,syndicate,bruiser,win,2,bruiser-heavy-breakthrough,18,76,1,5,5,9,33,54,0,7,
592,4049200756,bruiser-heavy-breakthrough,nightwalker-sabotage,bruiser,nightwalker,win,1,bruiser-heavy-breakthrough,13,53,4,0,5,3,36,27,7,0,
593,4049200756,nightwalker-sabotage,bruiser-heavy-breakthrough,nightwalker,bruiser,win,2,bruiser-heavy-breakthrough,14,63,1,5,3,8,30,47,0,7,
594,2408669229,bruiser-heavy-breakthrough,nightwalker-assassination,bruiser,nightwalker,win,1,bruiser-heavy-breakthrough,91,338,13,9,39,35,252,242,7,0,
595,2408669229,nightwalker-assassination,bruiser-heavy-breakthrough,nightwalker,bruiser,win,2,bruiser-heavy-breakthrough,58,219,5,9,22,24,156,143,0,7,
596,768137702,bruiser-heavy-breakthrough,rogue-scavenger,bruiser,rogue,win,1,bruiser-heavy-breakthrough,19,78,4,0,8,5,55,37,7,0,
597,768137702,rogue-scavenger,bruiser-heavy-breakthrough,rogue,bruiser,win,2,bruiser-heavy-breakthrough,12,49,0,4,1,6,18,44,0,7,
598,3422573471,bruiser-heavy-breakthrough,rogue-wildcard,bruiser,rogue,win,1,bruiser-heavy-breakthrough,33,134,6,2,14,12,112,76,7,0,
599,3422573471,rogue-wildcard,bruiser-heavy-breakthrough,rogue,bruiser,win,2,bruiser-heavy-breakthrough,16,76,1,5,3,9,37,65,0,7,
600,1782041944,syndicate-combined-arms,syndicate-precision-operations,syndicate,syndicate,win,1,syndicate-combined-arms,29,125,6,2,13,11,74,77,7,0,
601,1782041944,syndicate-precision-operations,syndicate-combined-arms,syndicate,syndicate,win,2,syndicate-combined-arms,24,105,2,6,5,13,59,71,0,7,
602,141510417,syndicate-combined-arms,nightwalker-sabotage,syndicate,nightwalker,win,1,syndicate-combined-arms,11,56,4,0,6,2,39,28,7,0,
603,141510417,nightwalker-sabotage,syndicate-combined-arms,nightwalker,syndicate,win,2,syndicate-combined-arms,36,160,3,7,12,14,94,84,0,7,
604,2795946186,syndicate-combined-arms,nightwalker-assassination,syndicate,nightwalker,win,2,nightwalker-assassination,16,74,2,6,3,9,33,52,0,7,
605,2795946186,nightwalker-assassination,syndicate-combined-arms,nightwalker,syndicate,win,2,syndicate-combined-arms,56,233,4,8,25,22,173,124,0,7,
606,1155414659,syndicate-combined-arms,rogue-scavenger,syndicate,rogue,win,1,syndicate-combined-arms,15,77,5,1,6,1,49,34,7,0,
607,1155414659,rogue-scavenger,syndicate-combined-arms,rogue,syndicate,win,2,syndicate-combined-arms,22,109,2,6,6,8,55,62,0,7,
608,3809850428,syndicate-combined-arms,rogue-wildcard,syndicate,rogue,win,1,syndicate-combined-arms,19,87,4,0,9,6,60,49,7,0,
609,3809850428,rogue-wildcard,syndicate-combined-arms,rogue,syndicate,win,2,syndicate-combined-arms,60,278,5,9,28,25,189,181,0,7,
610,2169318901,syndicate-precision-operations,nightwalker-sabotage,syndicate,nightwalker,win,2,nightwalker-sabotage,110,430,10,14,38,47,234,255,0,7,
611,2169318901,nightwalker-sabotage,syndicate-precision-operations,nightwalker,syndicate,win,1,nightwalker-sabotage,23,100,5,1,11,7,66,52,7,0,
612,528787374,syndicate-precision-operations,nightwalker-assassination,syndicate,nightwalker,win,2,nightwalker-assassination,30,111,2,6,8,13,53,79,0,7,
613,528787374,nightwalker-assassination,syndicate-precision-operations,nightwalker,syndicate,win,1,nightwalker-assassination,19,79,4,0,9,4,50,33,7,0,
614,3183223143,syndicate-precision-operations,rogue-scavenger,syndicate,rogue,win,2,rogue-scavenger,18,75,1,5,3,8,35,39,0,7,
615,3183223143,rogue-scavenger,syndicate-precision-operations,rogue,syndicate,win,1,rogue-scavenger,39,187,8,4,15,9,87,100,7,0,
616,1542691616,syndicate-precision-operations,rogue-wildcard,syndicate,rogue,win,2,rogue-wildcard,30,122,2,6,8,14,63,77,0,7,
617,1542691616,rogue-wildcard,syndicate-precision-operations,rogue,syndicate,win,1,rogue-wildcard,31,131,6,2,14,9,77,65,7,0,
618,4197127385,nightwalker-sabotage,nightwalker-assassination,nightwalker,nightwalker,win,2,nightwalker-assassination,34,153,3,7,9,14,67,91,0,7,
619,4197127385,nightwalker-assassination,nightwalker-sabotage,nightwalker,nightwalker,win,1,nightwalker-assassination,17,67,4,0,6,5,39,33,7,0,
620,2556595858,nightwalker-sabotage,rogue-scavenger,nightwalker,rogue,win,2,rogue-scavenger,86,413,11,15,30,33,267,190,0,7,
621,2556595858,rogue-scavenger,nightwalker-sabotage,rogue,nightwalker,win,1,rogue-scavenger,25,124,6,2,9,8,50,68,7,0,
622,916064331,nightwalker-sabotage,rogue-wildcard,nightwalker,rogue,win,1,nightwalker-sabotage,19,78,4,0,8,5,52,42,7,0,
623,916064331,rogue-wildcard,nightwalker-sabotage,rogue,nightwalker,win,1,rogue-wildcard,37,159,6,2,15,10,83,98,7,0,
624,3570500100,nightwalker-assassination,rogue-scavenger,nightwalker,rogue,win,1,nightwalker-assassination,21,90,5,1,7,7,62,41,7,0,
625,3570500100,rogue-scavenger,nightwalker-assassination,rogue,nightwalker,win,1,rogue-scavenger,25,107,5,1,8,9,41,79,7,0,
626,1929968573,nightwalker-assassination,rogue-wildcard,nightwalker,rogue,win,1,nightwalker-assassination,17,76,4,0,7,6,54,40,7,0,
627,1929968573,rogue-wildcard,nightwalker-assassination,rogue,nightwalker,win,2,nightwalker-assassination,46,192,3,7,17,20,110,149,0,7,
628,289437046,rogue-scavenger,rogue-wildcard,rogue,rogue,win,1,rogue-scavenger,33,168,8,4,10,11,86,103,7,0,
629,289437046,rogue-wildcard,rogue-scavenger,rogue,rogue,win,1,rogue-wildcard,43,191,9,5,18,11,136,89,7,0,
630,2943872815,stonewall-bastion,stonewall-counteroffensive,stonewall,stonewall,win,1,stonewall-bastion,15,70,5,1,4,0,39,22,7,0,
631,2943872815,stonewall-counteroffensive,stonewall-bastion,stonewall,stonewall,win,1,stonewall-counteroffensive,11,51,4,0,2,1,21,17,7,0,
632,1303341288,stonewall-bastion,bruiser-shock-assault,stonewall,bruiser,win,2,bruiser-shock-assault,14,65,1,5,4,4,18,42,0,7,
633,1303341288,bruiser-shock-assault,stonewall-bastion,bruiser,stonewall,win,2,stonewall-bastion,28,134,2,6,12,15,106,72,0,7,
634,3957777057,stonewall-bastion,bruiser-heavy-breakthrough,stonewall,bruiser,win,2,bruiser-heavy-breakthrough,16,74,1,5,1,6,19,61,0,7,
635,3957777057,bruiser-heavy-breakthrough,stonewall-bastion,bruiser,stonewall,win,2,stonewall-bastion,26,112,2,6,6,8,87,46,0,7,
636,2317245530,stonewall-bastion,syndicate-combined-arms,stonewall,syndicate,win,1,stonewall-bastion,9,40,4,0,4,0,21,14,7,0,
637,2317245530,syndicate-combined-arms,stonewall-bastion,syndicate,stonewall,win,2,stonewall-bastion,12,54,1,5,1,5,21,27,0,7,
638,676714003,stonewall-bastion,syndicate-precision-operations,stonewall,syndicate,win,1,stonewall-bastion,17,78,4,0,6,5,35,51,7,0,
639,676714003,syndicate-precision-operations,stonewall-bastion,syndicate,stonewall,win,2,stonewall-bastion,26,118,1,5,8,11,77,59,0,7,
640,3331149772,stonewall-bastion,nightwalker-sabotage,stonewall,nightwalker,win,2,nightwalker-sabotage,22,105,2,6,4,10,29,87,0,7,
641,3331149772,nightwalker-sabotage,stonewall-bastion,nightwalker,stonewall,win,2,stonewall-bastion,16,80,1,5,3,7,46,42,0,7,
642,1690618245,stonewall-bastion,nightwalker-assassination,stonewall,nightwalker,win,2,nightwalker-assassination,86,391,12,16,29,35,157,326,0,7,
643,1690618245,nightwalker-assassination,stonewall-bastion,nightwalker,stonewall,win,1,nightwalker-assassination,17,82,5,1,7,3,62,26,7,0,
644,50086718,stonewall-bastion,rogue-scavenger,stonewall,rogue,win,1,stonewall-bastion,11,55,4,0,3,0,24,17,7,0,
645,50086718,rogue-scavenger,stonewall-bastion,rogue,stonewall,win,2,stonewall-bastion,16,81,1,5,3,4,37,49,0,7,
646,2704522487,stonewall-bastion,rogue-wildcard,stonewall,rogue,win,1,stonewall-bastion,15,69,5,1,5,2,33,37,7,0,
647,2704522487,rogue-wildcard,stonewall-bastion,rogue,stonewall,win,2,stonewall-bastion,30,142,4,8,5,5,68,56,0,7,
648,1063990960,stonewall-counteroffensive,bruiser-shock-assault,stonewall,bruiser,win,1,stonewall-counteroffensive,23,106,5,1,12,7,58,63,7,0,
649,1063990960,bruiser-shock-assault,stonewall-counteroffensive,bruiser,stonewall,win,1,bruiser-shock-assault,21,93,5,1,10,6,61,43,7,0,
650,3718426729,stonewall-counteroffensive,bruiser-heavy-breakthrough,stonewall,bruiser,win,2,bruiser-heavy-breakthrough,20,82,1,5,5,9,40,67,0,7,
651,3718426729,bruiser-heavy-breakthrough,stonewall-counteroffensive,bruiser,stonewall,win,1,bruiser-heavy-breakthrough,21,92,5,1,11,6,83,37,7,0,
652,2077895202,stonewall-counteroffensive,syndicate-combined-arms,stonewall,syndicate,win,1,stonewall-counteroffensive,15,72,5,1,4,3,36,35,7,0,
653,2077895202,syndicate-combined-arms,stonewall-counteroffensive,syndicate,stonewall,win,2,stonewall-counteroffensive,16,79,1,5,3,5,47,42,0,7,
654,437363675,stonewall-counteroffensive,syndicate-precision-operations,stonewall,syndicate,win,1,stonewall-counteroffensive,19,92,5,1,7,5,48,59,7,0,
655,437363675,syndicate-precision-operations,stonewall-counteroffensive,syndicate,stonewall,win,1,syndicate-precision-operations,11,49,4,0,3,0,24,17,7,0,
656,3091799444,stonewall-counteroffensive,nightwalker-sabotage,stonewall,nightwalker,win,1,stonewall-counteroffensive,25,116,5,1,7,8,44,62,7,0,
657,3091799444,nightwalker-sabotage,stonewall-counteroffensive,nightwalker,stonewall,win,1,nightwalker-sabotage,23,95,5,1,9,7,60,44,7,0,
658,1451267917,stonewall-counteroffensive,nightwalker-assassination,stonewall,nightwalker,win,2,nightwalker-assassination,22,95,2,6,5,9,37,70,0,7,
659,1451267917,nightwalker-assassination,stonewall-counteroffensive,nightwalker,stonewall,win,1,nightwalker-assassination,31,127,7,3,14,9,111,62,7,0,
660,4105703686,stonewall-counteroffensive,rogue-scavenger,stonewall,rogue,win,1,stonewall-counteroffensive,17,79,5,1,5,2,40,24,7,0,
661,4105703686,rogue-scavenger,stonewall-counteroffensive,rogue,stonewall,win,2,stonewall-counteroffensive,26,129,2,6,8,9,63,73,0,7,
662,2465172159,stonewall-counteroffensive,rogue-wildcard,stonewall,rogue,win,2,rogue-wildcard,36,162,4,8,9,17,100,111,0,7,
663,2465172159,rogue-wildcard,stonewall-counteroffensive,rogue,stonewall,win,1,rogue-wildcard,19,85,5,1,10,5,61,50,7,0,
664,824640632,bruiser-shock-assault,bruiser-heavy-breakthrough,bruiser,bruiser,win,2,bruiser-heavy-breakthrough,30,116,2,6,11,16,63,93,0,7,
665,824640632,bruiser-heavy-breakthrough,bruiser-shock-assault,bruiser,bruiser,win,1,bruiser-heavy-breakthrough,31,118,6,2,16,13,94,81,7,0,
666,3479076401,bruiser-shock-assault,syndicate-combined-arms,bruiser,syndicate,win,2,syndicate-combined-arms,22,106,2,6,7,13,63,65,0,7,
667,3479076401,syndicate-combined-arms,bruiser-shock-assault,syndicate,bruiser,win,1,syndicate-combined-arms,21,89,4,0,10,8,46,58,7,0,
668,1838544874,bruiser-shock-assault,syndicate-precision-operations,bruiser,syndicate,win,1,bruiser-shock-assault,17,69,4,0,5,6,38,34,7,0,
669,1838544874,syndicate-precision-operations,bruiser-shock-assault,syndicate,bruiser,win,2,bruiser-shock-assault,60,227,4,8,21,27,118,154,0,7,
670,198013347,bruiser-shock-assault,nightwalker-sabotage,bruiser,nightwalker,win,2,nightwalker-sabotage,40,164,2,6,14,19,92,91,0,7,
671,198013347,nightwalker-sabotage,bruiser-shock-assault,nightwalker,bruiser,win,1,nightwalker-sabotage,17,70,4,0,9,4,40,34,7,0,
672,2852449116,bruiser-shock-assault,nightwalker-assassination,bruiser,nightwalker,win,2,nightwalker-assassination,34,119,2,6,12,17,66,84,0,7,
673,2852449116,nightwalker-assassination,bruiser-shock-assault,nightwalker,bruiser,win,1,nightwalker-assassination,17,72,5,1,11,3,55,32,7,0,
674,1211917589,bruiser-shock-assault,rogue-scavenger,bruiser,rogue,win,1,bruiser-shock-assault,17,83,5,1,6,7,58,43,7,0,
675,1211917589,rogue-scavenger,bruiser-shock-assault,rogue,bruiser,win,2,bruiser-shock-assault,20,91,1,5,7,8,41,66,0,7,
676,3866353358,bruiser-shock-assault,rogue-wildcard,bruiser,rogue,win,2,rogue-wildcard,38,149,3,7,15,19,106,100,0,7,
677,3866353358,rogue-wildcard,bruiser-shock-assault,rogue,bruiser,win,1,rogue-wildcard,23,105,5,1,14,9,77,70,7,0,
678,2225821831,bruiser-heavy-breakthrough,syndicate-combined-arms,bruiser,syndicate,win,1,bruiser-heavy-breakthrough,13,63,5,1,7,2,56,28,7,0,
679,2225821831,syndicate-combined-arms,bruiser-heavy-breakthrough,syndicate,bruiser,win,2,bruiser-heavy-breakthrough,34,143,4,8,11,19,76,132,0,7,
680,585290304,bruiser-heavy-breakthrough,syndicate-precision-operations,bruiser,syndicate,win,1,bruiser-heavy-breakthrough,11,48,4,0,7,2,45,22,7,0,
681,585290304,syndicate-precision-operations,bruiser-heavy-breakthrough,syndicate,bruiser,win,2,bruiser-heavy-breakthrough,16,68,1,5,2,7,25,43,0,7,
682,3239726073,bruiser-heavy-breakthrough,nightwalker-sabotage,bruiser,nightwalker,win,1,bruiser-heavy-breakthrough,23,95,5,1,10,7,65,50,7,0,
683,3239726073,nightwalker-sabotage,bruiser-heavy-breakthrough,nightwalker,bruiser,win,2,bruiser-heavy-breakthrough,24,87,1,5,8,8,47,56,0,7,
684,1599194546,bruiser-heavy-breakthrough,nightwalker-assassination,bruiser,nightwalker,win,1,bruiser-heavy-breakthrough,191,693,21,17,76,75,488,496,7,0,
685,1599194546,nightwalker-assassination,bruiser-heavy-breakthrough,nightwalker,bruiser,win,2,bruiser-heavy-breakthrough,24,82,1,5,6,11,51,62,0,7,
686,4253630315,bruiser-heavy-breakthrough,rogue-scavenger,bruiser,rogue,win,1,bruiser-heavy-breakthrough,9,42,4,0,6,0,45,11,7,0,
687,4253630315,rogue-scavenger,bruiser-heavy-breakthrough,rogue,bruiser,win,2,bruiser-heavy-breakthrough,38,189,4,8,12,19,87,155,0,7,
688,2613098788,bruiser-heavy-breakthrough,rogue-wildcard,bruiser,rogue,win,1,bruiser-heavy-breakthrough,21,86,5,1,8,7,61,50,7,0,
689,2613098788,rogue-wildcard,bruiser-heavy-breakthrough,rogue,bruiser,win,2,bruiser-heavy-breakthrough,44,189,4,8,16,19,108,147,0,7,
690,972567261,syndicate-combined-arms,syndicate-precision-operations,syndicate,syndicate,win,1,syndicate-combined-arms,21,88,5,1,8,8,42,50,7,0,
691,972567261,syndicate-precision-operations,syndicate-combined-arms,syndicate,syndicate,win,2,syndicate-combined-arms,20,83,1,5,6,8,45,43,0,7,
692,3627003030,syndicate-combined-arms,nightwalker-sabotage,syndicate,nightwalker,win,1,syndicate-combined-arms,47,191,9,5,16,20,97,133,7,0,
693,3627003030,nightwalker-sabotage,syndicate-combined-arms,nightwalker,syndicate,win,2,syndicate-combined-arms,22,95,1,5,8,9,55,51,0,7,
694,1986471503,syndicate-combined-arms,nightwalker-assassination,syndicate,nightwalker,win,1,syndicate-combined-arms,41,193,8,4,19,19,107,143,7,0,
695,1986471503,nightwalker-assassination,syndicate-combined-arms,nightwalker,syndicate,win,2,syndicate-combined-arms,48,210,4,8,23,19,161,110,0,7,
696,345939976,syndicate-combined-arms,rogue-scavenger,syndicate,rogue,win,2,rogue-scavenger,16,74,1,5,2,4,39,33,0,7,
697,345939976,rogue-scavenger,syndicate-combined-arms,rogue,syndicate,win,1,rogue-scavenger,19,101,6,2,8,2,58,52,7,0,
698,3000375745,syndicate-combined-arms,rogue-wildcard,syndicate,rogue,win,1,syndicate-combined-arms,49,219,10,6,21,19,143,148,7,0,
699,3000375745,rogue-wildcard,syndicate-combined-arms,rogue,syndicate,win,2,syndicate-combined-arms,22,103,2,6,8,7,60,54,0,7,
700,1359844218,syndicate-precision-operations,nightwalker-sabotage,syndicate,nightwalker,win,2,nightwalker-sabotage,46,165,2,6,12,19,77,105,0,7,
701,1359844218,nightwalker-sabotage,syndicate-precision-operations,nightwalker,syndicate,win,1,nightwalker-sabotage,33,131,6,2,14,10,87,72,7,0,
702,4014279987,syndicate-precision-operations,nightwalker-assassination,syndicate,nightwalker,win,2,nightwalker-assassination,22,96,1,5,7,11,42,63,0,7,
703,4014279987,nightwalker-assassination,syndicate-precision-operations,nightwalker,syndicate,win,1,nightwalker-assassination,15,68,4,0,9,4,48,30,7,0,
704,2373748460,syndicate-precision-operations,rogue-scavenger,syndicate,rogue,win,1,syndicate-precision-operations,37,160,6,2,15,11,109,76,7,0,
705,2373748460,rogue-scavenger,syndicate-precision-operations,rogue,syndicate,win,2,syndicate-precision-operations,52,227,4,8,18,18,113,147,0,7,
706,733216933,syndicate-precision-operations,rogue-wildcard,syndicate,rogue,win,2,rogue-wildcard,18,77,0,4,4,9,42,44,0,7,
707,733216933,rogue-wildcard,syndicate-precision-operations,rogue,syndicate,win,1,rogue-wildcard,15,67,5,1,9,2,47,35,7,0,
708,3387652702,nightwalker-sabotage,nightwalker-assassination,nightwalker,nightwalker,win,2,nightwalker-assassination,32,126,1,5,11,13,63,87,0,7,
709,3387652702,nightwalker-assassination,nightwalker-sabotage,nightwalker,nightwalker,win,2,nightwalker-sabotage,20,83,1,5,6,7,47,42,0,7,
710,1747121175,nightwalker-sabotage,rogue-scavenger,nightwalker,rogue,win,2,rogue-scavenger,44,194,4,8,13,16,115,90,0,7,
711,1747121175,rogue-scavenger,nightwalker-sabotage,rogue,nightwalker,win,2,nightwalker-sabotage,24,114,2,6,5,13,42,92,0,7,
712,106589648,nightwalker-sabotage,rogue-wildcard,nightwalker,rogue,win,2,rogue-wildcard,68,270,7,11,22,26,170,157,0,7,
713,106589648,rogue-wildcard,nightwalker-sabotage,rogue,nightwalker,win,1,rogue-wildcard,25,101,6,2,10,6,63,58,7,0,
714,2761025417,nightwalker-assassination,rogue-scavenger,nightwalker,rogue,win,1,nightwalker-assassination,15,64,4,0,6,4,50,29,7,0,
715,2761025417,rogue-scavenger,nightwalker-assassination,rogue,nightwalker,win,2,nightwalker-assassination,52,245,5,9,19,20,103,190,0,7,
716,1120493890,nightwalker-assassination,rogue-wildcard,nightwalker,rogue,win,1,nightwalker-assassination,15,59,4,0,6,3,37,25,7,0,
717,1120493890,rogue-wildcard,nightwalker-assassination,rogue,nightwalker,win,2,nightwalker-assassination,30,126,1,5,11,13,69,99,0,7,
718,3774929659,rogue-scavenger,rogue-wildcard,rogue,rogue,win,1,rogue-scavenger,17,82,5,1,6,5,47,56,7,0,
719,3774929659,rogue-wildcard,rogue-scavenger,rogue,rogue,win,1,rogue-wildcard,23,96,5,1,8,6,59,52,7,0,
720,2134398132,stonewall-bastion,stonewall-counteroffensive,stonewall,stonewall,win,1,stonewall-bastion,17,82,5,1,4,1,32,31,7,0,
721,2134398132,stonewall-counteroffensive,stonewall-bastion,stonewall,stonewall,win,1,stonewall-counteroffensive,51,253,15,11,14,8,126,101,7,0,
722,493866605,stonewall-bastion,bruiser-shock-assault,stonewall,bruiser,win,1,stonewall-bastion,11,50,4,0,4,0,20,21,7,0,
723,493866605,bruiser-shock-assault,stonewall-bastion,bruiser,stonewall,win,2,stonewall-bastion,20,97,1,5,5,11,66,53,0,7,
724,3148302374,stonewall-bastion,bruiser-heavy-breakthrough,stonewall,bruiser,win,2,bruiser-heavy-breakthrough,14,63,1,5,2,5,19,43,0,7,
725,3148302374,bruiser-heavy-breakthrough,stonewall-bastion,bruiser,stonewall,win,1,bruiser-heavy-breakthrough,21,96,6,2,9,3,83,32,7,0,
726,1507770847,stonewall-bastion,syndicate-combined-arms,stonewall,syndicate,win,1,stonewall-bastion,19,90,6,2,8,1,49,43,7,0,
727,1507770847,syndicate-combined-arms,stonewall-bastion,syndicate,stonewall,win,1,syndicate-combined-arms,17,88,5,1,8,1,68,34,7,0,
728,4162206616,stonewall-bastion,syndicate-precision-operations,stonewall,syndicate,win,1,stonewall-bastion,41,183,8,4,17,12,87,103,7,0,
729,4162206616,syndicate-precision-operations,stonewall-bastion,syndicate,stonewall,win,2,stonewall-bastion,28,123,2,6,7,12,73,63,0,7,
730,2521675089,stonewall-bastion,nightwalker-sabotage,stonewall,nightwalker,win,1,stonewall-bastion,51,234,9,5,18,18,106,160,7,0,
731,2521675089,nightwalker-sabotage,stonewall-bastion,nightwalker,stonewall,win,1,nightwalker-sabotage,17,85,5,1,7,1,55,22,7,0,
732,881143562,stonewall-bastion,nightwalker-assassination,stonewall,nightwalker,win,2,nightwalker-assassination,54,240,7,11,17,22,100,197,0,7,
733,881143562,nightwalker-assassination,stonewall-bastion,nightwalker,stonewall,win,1,nightwalker-assassination,33,157,8,4,14,9,122,68,7,0,
734,3535579331,stonewall-bastion,rogue-scavenger,stonewall,rogue,win,1,stonewall-bastion,15,77,5,1,5,2,34,31,7,0,
735,3535579331,rogue-scavenger,stonewall-bastion,rogue,stonewall,win,2,stonewall-bastion,26,129,2,6,5,9,55,74,0,7,
736,1895047804,stonewall-bastion,rogue-wildcard,stonewall,rogue,win,2,rogue-wildcard,20,92,2,6,3,7,31,51,0,7,
737,1895047804,rogue-wildcard,stonewall-bastion,rogue,stonewall,win,2,stonewall-bastion,18,81,1,5,3,8,41,47,0,7,
738,254516277,stonewall-counteroffensive,bruiser-shock-assault,stonewall,bruiser,win,1,stonewall-counteroffensive,23,102,5,1,11,7,55,65,7,0,
739,254516277,bruiser-shock-assault,stonewall-counteroffensive,bruiser,stonewall,win,2,stonewall-counteroffensive,54,226,4,8,21,25,158,129,0,7,
740,2908952046,stonewall-counteroffensive,bruiser-heavy-breakthrough,stonewall,bruiser,win,2,bruiser-heavy-breakthrough,20,89,1,5,4,10,39,80,0,7,
741,2908952046,bruiser-heavy-breakthrough,stonewall-counteroffensive,bruiser,stonewall,win,1,bruiser-heavy-breakthrough,11,42,4,0,4,1,24,16,7,0,
742,1268420519,stonewall-counteroffensive,syndicate-combined-arms,stonewall,syndicate,win,2,syndicate-combined-arms,32,155,4,8,7,15,90,106,0,7,
743,1268420519,syndicate-combined-arms,stonewall-counteroffensive,syndicate,stonewall,win,2,stonewall-counteroffensive,16,74,1,5,1,6,31,41,0,7,
744,3922856288,stonewall-counteroffensive,syndicate-precision-operations,stonewall,syndicate,win,1,stonewall-counteroffensive,67,282,10,6,27,24,156,189,7,0,
745,3922856288,syndicate-precision-operations,stonewall-counteroffensive,syndicate,stonewall,win,2,stonewall-counteroffensive,50,239,5,9,19,22,155,128,0,7,
746,2282324761,stonewall-counteroffensive,nightwalker-sabotage,stonewall,nightwalker,win,1,stonewall-counteroffensive,49,206,8,4,18,18,102,139,7,0,
747,2282324761,nightwalker-sabotage,stonewall-counteroffensive,nightwalker,stonewall,win,2,stonewall-counteroffensive,56,257,6,10,18,22,148,122,0,7,
748,641793234,stonewall-counteroffensive,nightwalker-assassination,stonewall,nightwalker,win,2,nightwalker-assassination,28,117,2,6,7,13,53,88,0,7,
749,641793234,nightwalker-assassination,stonewall-counteroffensive,nightwalker,stonewall,win,1,nightwalker-assassination,39,161,7,3,18,13,135,78,7,0,
750,3296229003,stonewall-counteroffensive,rogue-scavenger,stonewall,rogue,win,1,stonewall-counteroffensive,15,70,5,1,4,3,27,30,7,0,
751,3296229003,rogue-scavenger,stonewall-counteroffensive,rogue,stonewall,win,1,rogue-scavenger,27,132,7,3,7,7,68,76,7,0,
752,1655697476,stonewall-counteroffensive,rogue-wildcard,stonewall,rogue,win,2,rogue-wildcard,38,186,5,9,8,15,108,120,0,7,
753,1655697476,rogue-wildcard,stonewall-counteroffensive,rogue,stonewall,win,1,rogue-wildcard,39,188,8,4,16,12,117,112,7,0,
754,15165949,bruiser-shock-assault,bruiser-heavy-breakthrough,bruiser,bruiser,win,2,bruiser-heavy-breakthrough,20,90,1,5,7,12,49,69,0,7,
755,15165949,bruiser-heavy-breakthrough,bruiser-shock-assault,bruiser,bruiser,win,1,bruiser-heavy-breakthrough,15,62,4,0,11,3,62,27,7,0,
756,2669601718,bruiser-shock-assault,syndicate-combined-arms,bruiser,syndicate,win,2,syndicate-combined-arms,24,114,1,5,8,13,76,66,0,7,
757,2669601718,syndicate-combined-arms,bruiser-shock-assault,syndicate,bruiser,win,2,bruiser-shock-assault,16,72,1,5,5,8,33,54,0,7,
758,1029070191,bruiser-shock-assault,syndicate-precision-operations,bruiser,syndicate,win,1,bruiser-shock-assault,21,88,5,1,10,6,60,34,7,0,
759,1029070191,syndicate-precision-operations,bruiser-shock-assault,syndicate,bruiser,win,2,bruiser-shock-assault,36,144,2,6,15,15,90,94,0,7,
760,3683505960,bruiser-shock-assault,nightwalker-sabotage,bruiser,nightwalker,win,2,nightwalker-sabotage,60,230,5,9,19,26,130,136,0,7,
761,3683505960,nightwalker-sabotage,bruiser-shock-assault,nightwalker,bruiser,win,1,nightwalker-sabotage,29,115,5,1,15,8,74,51,7,0,
762,2042974433,bruiser-shock-assault,nightwalker-assassination,bruiser,nightwalker,win,2,nightwalker-assassination,24,98,1,5,8,15,55,68,0,7,
763,2042974433,nightwalker-assassination,bruiser-shock-assault,nightwalker,bruiser,win,1,nightwalker-assassination,43,168,7,3,20,16,103,92,7,0,
764,402442906,bruiser-shock-assault,rogue-scavenger,bruiser,rogue,win,2,rogue-scavenger,16,72,1,5,3,6,34,25,0,7,
765,402442906,rogue-scavenger,bruiser-shock-assault,rogue,bruiser,win,2,bruiser-shock-assault,22,109,2,6,8,9,42,70,0,7,
766,3056878675,bruiser-shock-assault,rogue-wildcard,bruiser,rogue,win,2,rogue-wildcard,36,145,2,6,11,17,96,92,0,7,
767,3056878675,rogue-wildcard,bruiser-shock-assault,rogue,bruiser,win,2,bruiser-shock-assault,24,88,1,5,8,9,48,56,0,7,
768,1416347148,bruiser-heavy-breakthrough,syndicate-combined-arms,bruiser,syndicate,win,1,bruiser-heavy-breakthrough,47,195,9,5,25,16,182,110,7,0,
769,1416347148,syndicate-combined-arms,bruiser-heavy-breakthrough,syndicate,bruiser,win,2,bruiser-heavy-breakthrough,12,54,1,5,1,6,20,43,0,7,
770,4070782917,bruiser-heavy-breakthrough,syndicate-precision-operations,bruiser,syndicate,win,1,bruiser-heavy-breakthrough,13,50,4,0,7,2,39,20,7,0,
771,4070782917,syndicate-precision-operations,bruiser-heavy-breakthrough,syndicate,bruiser,win,2,bruiser-heavy-breakthrough,16,65,0,4,4,8,30,47,0,7,
772,2430251390,bruiser-heavy-breakthrough,nightwalker-sabotage,bruiser,nightwalker,win,1,bruiser-heavy-breakthrough,15,60,4,0,7,3,42,29,7,0,
773,2430251390,nightwalker-sabotage,bruiser-heavy-breakthrough,nightwalker,bruiser,win,2,bruiser-heavy-breakthrough,16,71,0,4,3,8,33,55,0,7,
774,789719863,bruiser-heavy-breakthrough,nightwalker-assassination,bruiser,nightwalker,win,1,bruiser-heavy-breakthrough,29,121,6,2,13,11,82,95,7,0,
775,789719863,nightwalker-assassination,bruiser-heavy-breakthrough,nightwalker,bruiser,win,2,bruiser-heavy-breakthrough,18,74,1,5,5,9,43,52,0,7,
776,3444155632,bruiser-heavy-breakthrough,rogue-scavenger,bruiser,rogue,win,1,bruiser-heavy-breakthrough,11,43,4,0,5,1,40,15,7,0,
777,3444155632,rogue-scavenger,bruiser-heavy-breakthrough,rogue,bruiser,win,1,rogue-scavenger,23,106,6,2,11,5,65,76,7,0,
778,1803624105,bruiser-heavy-breakthrough,rogue-wildcard,bruiser,rogue,win,1,bruiser-heavy-breakthrough,19,78,4,0,10,6,63,41,7,0,
779,1803624105,rogue-wildcard,bruiser-heavy-breakthrough,rogue,bruiser,win,2,bruiser-heavy-breakthrough,38,149,4,8,14,16,93,110,0,7,
780,163092578,syndicate-combined-arms,syndicate-precision-operations,syndicate,syndicate,win,1,syndicate-combined-arms,11,48,4,0,4,2,19,19,7,0,
781,163092578,syndicate-precision-operations,syndicate-combined-arms,syndicate,syndicate,win,2,syndicate-combined-arms,26,111,2,6,9,12,70,70,0,7,
782,2817528347,syndicate-combined-arms,nightwalker-sabotage,syndicate,nightwalker,win,1,syndicate-combined-arms,17,83,5,1,8,6,50,49,7,0,
783,2817528347,nightwalker-sabotage,syndicate-combined-arms,nightwalker,syndicate,win,2,syndicate-combined-arms,20,91,1,5,5,10,51,56,0,7,
784,1176996820,syndicate-combined-arms,nightwalker-assassination,syndicate,nightwalker,win,2,nightwalker-assassination,22,97,2,6,7,15,41,87,0,7,
785,1176996820,nightwalker-assassination,syndicate-combined-arms,nightwalker,syndicate,win,2,syndicate-combined-arms,96,396,11,15,42,37,325,218,0,7,
786,3831432589,syndicate-combined-arms,rogue-scavenger,syndicate,rogue,win,1,syndicate-combined-arms,15,74,5,1,5,1,35,38,7,0,
787,3831432589,rogue-scavenger,syndicate-combined-arms,rogue,syndicate,win,2,syndicate-combined-arms,18,82,1,5,3,6,34,54,0,7,
788,2190901062,syndicate-combined-arms,rogue-wildcard,syndicate,rogue,win,1,syndicate-combined-arms,25,114,6,2,11,9,73,74,7,0,
789,2190901062,rogue-wildcard,syndicate-combined-arms,rogue,syndicate,win,2,syndicate-combined-arms,20,90,1,5,5,9,47,55,0,7,
790,550369535,syndicate-precision-operations,nightwalker-sabotage,syndicate,nightwalker,win,2,nightwalker-sabotage,28,112,1,5,9,13,59,72,0,7,
791,550369535,nightwalker-sabotage,syndicate-precision-operations,nightwalker,syndicate,win,2,syndicate-precision-operations,36,143,2,6,12,14,78,88,0,7,
792,3204805304,syndicate-precision-operations,nightwalker-assassination,syndicate,nightwalker,win,2,nightwalker-assassination,36,136,2,6,12,16,70,92,0,7,
793,3204805304,nightwalker-assassination,syndicate-precision-operations,nightwalker,syndicate,win,1,nightwalker-assassination,19,80,5,1,9,7,45,42,7,0,
794,1564273777,syndicate-precision-operations,rogue-scavenger,syndicate,rogue,win,2,rogue-scavenger,30,135,2,6,8,10,74,61,0,7,
795,1564273777,rogue-scavenger,syndicate-precision-operations,rogue,syndicate,win,1,rogue-scavenger,37,177,7,3,15,12,84,106,7,0,
796,4218709546,syndicate-precision-operations,rogue-wildcard,syndicate,rogue,win,2,rogue-wildcard,28,122,3,7,8,12,62,68,0,7,
797,4218709546,rogue-wildcard,syndicate-precision-operations,rogue,syndicate,win,1,rogue-wildcard,27,93,5,1,11,5,54,44,7,0,
798,2578178019,nightwalker-sabotage,nightwalker-assassination,nightwalker,nightwalker,win,2,nightwalker-assassination,24,106,1,5,8,11,53,76,0,7,
799,2578178019,nightwalker-assassination,nightwalker-sabotage,nightwalker,nightwalker,win,1,nightwalker-assassination,23,94,4,0,8,9,54,43,7,0,
800,937646492,nightwalker-sabotage,rogue-scavenger,nightwalker,rogue,win,1,nightwalker-sabotage,29,132,6,2,13,9,89,56,7,0,
801,937646492,rogue-scavenger,nightwalker-sabotage,rogue,nightwalker,win,1,rogue-scavenger,33,153,7,3,13,10,72,87,7,0,
802,3592082261,nightwalker-sabotage,rogue-wildcard,nightwalker,rogue,win,1,nightwalker-sabotage,17,72,4,0,7,5,50,40,7,0,
803,3592082261,rogue-wildcard,nightwalker-sabotage,rogue,nightwalker,win,1,rogue-wildcard,31,128,6,2,12,8,67,74,7,0,
804,1951550734,nightwalker-assassination,rogue-scavenger,nightwalker,rogue,win,1,nightwalker-assassination,49,215,8,4,21,19,176,106,7,0,
805,1951550734,rogue-scavenger,nightwalker-assassination,rogue,nightwalker,win,2,nightwalker-assassination,24,117,2,6,7,10,43,87,0,7,
806,311019207,nightwalker-assassination,rogue-wildcard,nightwalker,rogue,win,1,nightwalker-assassination,45,179,7,3,18,17,136,104,7,0,
807,311019207,rogue-wildcard,nightwalker-assassination,rogue,nightwalker,win,2,nightwalker-assassination,70,265,5,9,24,28,146,192,0,7,
808,2965454976,rogue-scavenger,rogue-wildcard,rogue,rogue,win,2,rogue-wildcard,36,170,5,9,8,11,66,99,0,7,
809,2965454976,rogue-wildcard,rogue-scavenger,rogue,rogue,win,2,rogue-scavenger,26,127,2,6,9,8,76,67,0,7,
810,1324923449,stonewall-bastion,stonewall-counteroffensive,stonewall,stonewall,win,1,stonewall-bastion,9,42,4,0,3,0,22,13,7,0,
811,1324923449,stonewall-counteroffensive,stonewall-bastion,stonewall,stonewall,win,1,stonewall-counteroffensive,11,49,4,0,2,0,17,13,7,0,
812,3979359218,stonewall-bastion,bruiser-shock-assault,stonewall,bruiser,win,1,stonewall-bastion,15,71,5,1,9,3,40,50,7,0,
813,3979359218,bruiser-shock-assault,stonewall-bastion,bruiser,stonewall,win,1,bruiser-shock-assault,23,106,6,2,11,8,82,50,7,0,
814,2338827691,stonewall-bastion,bruiser-heavy-breakthrough,stonewall,bruiser,win,2,bruiser-heavy-breakthrough,16,72,1,5,2,7,25,56,0,7,
815,2338827691,bruiser-heavy-breakthrough,stonewall-bastion,bruiser,stonewall,win,1,bruiser-heavy-breakthrough,11,48,4,0,4,1,39,18,7,0,
816,698296164,stonewall-bastion,syndicate-combined-arms,stonewall,syndicate,win,2,syndicate-combined-arms,10,46,0,4,0,3,13,30,0,7,
817,698296164,syndicate-combined-arms,stonewall-bastion,syndicate,stonewall,win,1,syndicate-combined-arms,15,76,5,1,6,4,53,45,7,0,
818,3352731933,stonewall-bastion,syndicate-precision-operations,stonewall,syndicate,win,1,stonewall-bastion,17,79,5,1,7,3,39,37,7,0,
819,3352731933,syndicate-precision-operations,stonewall-bastion,syndicate,stonewall,win,2,stonewall-bastion,16,76,1,5,2,5,38,33,0,7,
820,1712200406,stonewall-bastion,nightwalker-sabotage,stonewall,nightwalker,win,1,stonewall-bastion,17,84,5,1,6,5,33,42,7,0,
821,1712200406,nightwalker-sabotage,stonewall-bastion,nightwalker,stonewall,win,2,stonewall-bastion,76,339,11,15,24,27,235,159,0,7,
822,71668879,stonewall-bastion,nightwalker-assassination,stonewall,nightwalker,win,2,nightwalker-assassination,26,115,3,7,4,10,38,78,0,7,
823,71668879,nightwalker-assassination,stonewall-bastion,nightwalker,stonewall,win,1,nightwalker-assassination,37,177,8,4,16,14,143,82,7,0,
824,2726104648,stonewall-bastion,rogue-scavenger,stonewall,rogue,win,1,stonewall-bastion,15,76,5,1,4,3,36,33,7,0,
825,2726104648,rogue-scavenger,stonewall-bastion,rogue,stonewall,win,2,stonewall-bastion,30,154,4,8,4,10,68,90,0,7,
826,1085573121,stonewall-bastion,rogue-wildcard,stonewall,rogue,win,2,rogue-wildcard,10,46,0,4,1,2,19,22,0,7,
827,1085573121,rogue-wildcard,stonewall-bastion,rogue,stonewall,win,2,stonewall-bastion,26,132,3,7,5,10,79,69,0,7,
828,3740008890,stonewall-counteroffensive,bruiser-shock-assault,stonewall,bruiser,win,2,bruiser-shock-assault,16,78,1,5,6,7,39,53,0,7,
829,3740008890,bruiser-shock-assault,stonewall-counteroffensive,bruiser,stonewall,win,1,bruiser-shock-assault,33,154,8,4,13,12,102,73,7,0,
830,2099477363,stonewall-counteroffensive,bruiser-heavy-breakthrough,stonewall,bruiser,win,2,bruiser-heavy-breakthrough,18,80,1,5,4,8,34,62,0,7,
831,2099477363,bruiser-heavy-breakthrough,stonewall-counteroffensive,bruiser,stonewall,win,1,bruiser-heavy-breakthrough,13,59,5,1,7,2,50,28,7,0,
832,458945836,stonewall-counteroffensive,syndicate-combined-arms,stonewall,syndicate,win,1,stonewall-counteroffensive,43,216,11,7,20,10,135,136,7,0,
833,458945836,syndicate-combined-arms,stonewall-counteroffensive,syndicate,stonewall,win,1,syndicate-combined-arms,15,63,5,1,7,2,52,38,7,0,
834,3113381605,stonewall-counteroffensive,syndicate-precision-operations,stonewall,syndicate,win,1,stonewall-counteroffensive,21,88,5,1,8,6,44,45,7,0,
835,3113381605,syndicate-precision-operations,stonewall-counteroffensive,syndicate,stonewall,win,1,syndicate-precision-operations,23,107,5,1,12,8,80,53,7,0,
836,1472850078,stonewall-counteroffensive,nightwalker-sabotage,stonewall,nightwalker,win,1,stonewall-counteroffensive,37,164,7,3,14,13,83,99,7,0,
837,1472850078,nightwalker-sabotage,stonewall-counteroffensive,nightwalker,stonewall,win,2,stonewall-counteroffensive,18,89,1,5,3,7,52,39,0,7,
838,4127285847,stonewall-counteroffensive,nightwalker-assassination,stonewall,nightwalker,win,2,nightwalker-assassination,36,164,3,7,13,17,80,128,0,7,
839,4127285847,nightwalker-assassination,stonewall-counteroffensive,nightwalker,stonewall,win,1,nightwalker-assassination,17,72,4,0,7,4,51,31,7,0,
840,2486754320,stonewall-counteroffensive,rogue-scavenger,stonewall,rogue,win,2,rogue-scavenger,34,160,5,9,5,10,69,76,0,7,
841,2486754320,rogue-scavenger,stonewall-counteroffensive,rogue,stonewall,win,1,rogue-scavenger,29,150,7,3,9,5,80,78,7,0,
842,846222793,stonewall-counteroffensive,rogue-wildcard,stonewall,rogue,win,2,rogue-wildcard,16,77,1,5,3,8,41,58,0,7,
843,846222793,rogue-wildcard,stonewall-counteroffensive,rogue,stonewall,win,1,rogue-wildcard,11,50,4,0,3,1,20,23,7,0,
844,3500658562,bruiser-shock-assault,bruiser-heavy-breakthrough,bruiser,bruiser,win,2,bruiser-heavy-breakthrough,24,101,1,5,8,15,53,86,0,7,
845,3500658562,bruiser-heavy-breakthrough,bruiser-shock-assault,bruiser,bruiser,win,1,bruiser-heavy-breakthrough,15,64,5,1,10,5,56,45,7,0,
846,1860127035,bruiser-shock-assault,syndicate-combined-arms,bruiser,syndicate,win,2,syndicate-combined-arms,32,139,2,6,12,15,92,75,0,7,
847,1860127035,syndicate-combined-arms,bruiser-shock-assault,syndicate,bruiser,win,1,syndicate-combined-arms,21,83,5,1,10,9,49,54,7,0,
848,219595508,bruiser-shock-assault,syndicate-precision-operations,bruiser,syndicate,win,1,bruiser-shock-assault,25,104,5,1,11,11,59,55,7,0,
849,219595508,syndicate-precision-operations,bruiser-shock-assault,syndicate,bruiser,win,1,syndicate-precision-operations,17,71,4,0,10,5,48,40,7,0,
850,2874031277,bruiser-shock-assault,nightwalker-sabotage,bruiser,nightwalker,win,2,nightwalker-sabotage,60,228,5,9,19,26,124,127,0,7,
851,2874031277,nightwalker-sabotage,bruiser-shock-assault,nightwalker,bruiser,win,1,nightwalker-sabotage,25,107,5,1,15,7,74,51,7,0,
852,1233499750,bruiser-shock-assault,nightwalker-assassination,bruiser,nightwalker,win,2,nightwalker-assassination,18,74,0,4,6,10,36,46,0,7,
853,1233499750,nightwalker-assassination,bruiser-shock-assault,nightwalker,bruiser,win,1,nightwalker-assassination,21,90,4,0,12,7,59,47,7,0,
854,3887935519,bruiser-shock-assault,rogue-scavenger,bruiser,rogue,win,2,rogue-scavenger,38,182,5,9,11,17,119,88,0,7,
855,3887935519,rogue-scavenger,bruiser-shock-assault,rogue,bruiser,win,2,bruiser-shock-assault,20,94,1,5,6,10,38,70,0,7,
856,2247403992,bruiser-shock-assault,rogue-wildcard,bruiser,rogue,win,2,rogue-wildcard,54,210,4,8,20,25,148,128,0,7,
857,2247403992,rogue-wildcard,bruiser-shock-assault,rogue,bruiser,win,1,rogue-wildcard,19,76,5,1,11,4,49,49,7,0,
858,606872465,bruiser-heavy-breakthrough,syndicate-combined-arms,bruiser,syndicate,win,1,bruiser-heavy-breakthrough,21,99,5,1,14,6,94,49,7,0,
859,606872465,syndicate-combined-arms,bruiser-heavy-breakthrough,syndicate,bruiser,win,2,bruiser-heavy-breakthrough,28,121,2,6,10,16,70,105,0,7,
860,3261308234,bruiser-heavy-breakthrough,syndicate-precision-operations,bruiser,syndicate,win,1,bruiser-heavy-breakthrough,11,50,4,0,7,1,46,22,7,0,
861,3261308234,syndicate-precision-operations,bruiser-heavy-breakthrough,syndicate,bruiser,win,2,bruiser-heavy-breakthrough,18,81,1,5,4,9,35,53,0,7,
862,1620776707,bruiser-heavy-breakthrough,nightwalker-sabotage,bruiser,nightwalker,win,1,bruiser-heavy-breakthrough,15,58,4,0,5,3,33,27,7,0,
863,1620776707,nightwalker-sabotage,bruiser-heavy-breakthrough,nightwalker,bruiser,win,2,bruiser-heavy-breakthrough,22,79,1,5,4,10,29,65,0,7,
864,4275212476,bruiser-heavy-breakthrough,nightwalker-assassination,bruiser,nightwalker,win,1,bruiser-heavy-breakthrough,19,77,5,1,8,6,48,45,7,0,
865,4275212476,nightwalker-assassination,bruiser-heavy-breakthrough,nightwalker,bruiser,win,2,bruiser-heavy-breakthrough,42,152,3,7,15,19,102,116,0,7,
866,2634680949,bruiser-heavy-breakthrough,rogue-scavenger,bruiser,rogue,win,1,bruiser-heavy-breakthrough,23,91,6,2,12,4,82,35,7,0,
867,2634680949,rogue-scavenger,bruiser-heavy-breakthrough,rogue,bruiser,win,2,bruiser-heavy-breakthrough,20,83,1,5,5,11,37,75,0,7,
868,994149422,bruiser-heavy-breakthrough,rogue-wildcard,bruiser,rogue,win,2,rogue-wildcard,36,153,4,8,12,16,112,96,0,7,
869,994149422,rogue-wildcard,bruiser-heavy-breakthrough,rogue,bruiser,win,2,bruiser-heavy-breakthrough,24,106,2,6,8,11,59,75,0,7,
870,3648585191,syndicate-combined-arms,syndicate-precision-operations,syndicate,syndicate,win,1,syndicate-combined-arms,13,55,5,1,5,2,28,27,7,0,
871,3648585191,syndicate-precision-operations,syndicate-combined-arms,syndicate,syndicate,win,2,syndicate-combined-arms,26,118,2,6,8,11,76,62,0,7,
872,2008053664,syndicate-combined-arms,nightwalker-sabotage,syndicate,nightwalker,win,1,syndicate-combined-arms,33,141,7,3,12,13,67,83,7,0,
873,2008053664,nightwalker-sabotage,syndicate-combined-arms,nightwalker,syndicate,win,2,syndicate-combined-arms,24,101,2,6,11,8,70,47,0,7,
874,367522137,syndicate-combined-arms,nightwalker-assassination,syndicate,nightwalker,win,1,syndicate-combined-arms,17,78,4,0,7,7,38,54,7,0,
875,367522137,nightwalker-assassination,syndicate-combined-arms,nightwalker,syndicate,win,1,nightwalker-assassination,19,86,5,1,11,7,68,45,7,0,
876,3021957906,syndicate-combined-arms,rogue-scavenger,syndicate,rogue,win,1,syndicate-combined-arms,21,102,6,2,7,4,56,41,7,0,
877,3021957906,rogue-scavenger,syndicate-combined-arms,rogue,syndicate,win,1,rogue-scavenger,55,255,12,8,19,16,137,159,7,0,
878,1381426379,syndicate-combined-arms,rogue-wildcard,syndicate,rogue,win,1,syndicate-combined-arms,25,122,5,1,10,10,73,79,7,0,
879,1381426379,rogue-wildcard,syndicate-combined-arms,rogue,syndicate,win,1,rogue-wildcard,17,78,5,1,6,3,47,39,7,0,
880,4035862148,syndicate-precision-operations,nightwalker-sabotage,syndicate,nightwalker,win,1,syndicate-precision-operations,31,136,6,2,13,11,76,80,7,0,
881,4035862148,nightwalker-sabotage,syndicate-precision-operations,nightwalker,syndicate,win,1,nightwalker-sabotage,25,106,5,1,13,9,71,63,7,0,
882,2395330621,syndicate-precision-operations,nightwalker-assassination,syndicate,nightwalker,win,2,nightwalker-assassination,30,102,2,6,7,12,48,69,0,7,
883,2395330621,nightwalker-assassination,syndicate-precision-operations,nightwalker,syndicate,win,1,nightwalker-assassination,23,92,5,1,9,6,54,36,7,0,
884,754799094,syndicate-precision-operations,rogue-scavenger,syndicate,rogue,win,2,rogue-scavenger,54,255,5,9,21,22,166,126,0,7,
885,754799094,rogue-scavenger,syndicate-precision-operations,rogue,syndicate,win,2,syndicate-precision-operations,44,193,3,7,15,17,88,133,0,7,
886,3409234863,syndicate-precision-operations,rogue-wildcard,syndicate,rogue,win,2,rogue-wildcard,24,100,1,5,7,11,48,56,0,7,
887,3409234863,rogue-wildcard,syndicate-precision-operations,rogue,syndicate,win,1,rogue-wildcard,21,85,5,1,11,6,54,41,7,0,
888,1768703336,nightwalker-sabotage,nightwalker-assassination,nightwalker,nightwalker,win,2,nightwalker-assassination,38,153,3,7,13,14,72,98,0,7,
889,1768703336,nightwalker-assassination,nightwalker-sabotage,nightwalker,nightwalker,win,1,nightwalker-assassination,25,103,5,1,9,9,55,51,7,0,
890,128171809,nightwalker-sabotage,rogue-scavenger,nightwalker,rogue,win,2,rogue-scavenger,22,96,1,5,5,8,50,46,0,7,
891,128171809,rogue-scavenger,nightwalker-sabotage,rogue,nightwalker,win,1,rogue-scavenger,31,142,6,2,13,11,72,95,7,0,
892,2782607578,nightwalker-sabotage,rogue-wildcard,nightwalker,rogue,win,1,nightwalker-sabotage,17,73,5,1,6,5,49,37,7,0,
893,2782607578,rogue-wildcard,nightwalker-sabotage,rogue,nightwalker,win,1,rogue-wildcard,19,83,4,0,7,6,47,48,7,0,
894,1142076051,nightwalker-assassination,rogue-scavenger,nightwalker,rogue,win,1,nightwalker-assassination,19,91,5,1,7,4,60,35,7,0,
895,1142076051,rogue-scavenger,nightwalker-assassination,rogue,nightwalker,win,2,nightwalker-assassination,46,213,5,9,14,20,87,160,0,7,
896,3796511820,nightwalker-assassination,rogue-wildcard,nightwalker,rogue,win,1,nightwalker-assassination,43,170,7,3,18,14,139,96,7,0,
897,3796511820,rogue-wildcard,nightwalker-assassination,rogue,nightwalker,win,2,nightwalker-assassination,38,154,2,6,15,15,82,113,0,7,
898,2155980293,rogue-scavenger,rogue-wildcard,rogue,rogue,win,1,rogue-scavenger,21,99,5,1,7,4,50,50,7,0,
899,2155980293,rogue-wildcard,rogue-scavenger,rogue,rogue,win,1,rogue-wildcard,17,78,5,1,8,1,54,28,7,0,
900,515448766,stonewall-bastion,stonewall-counteroffensive,stonewall,stonewall,win,1,stonewall-bastion,21,103,6,2,8,3,57,53,7,0,
901,515448766,stonewall-counteroffensive,stonewall-bastion,stonewall,stonewall,win,2,stonewall-bastion,12,55,1,5,1,4,24,28,0,7,
902,3169884535,stonewall-bastion,bruiser-shock-assault,stonewall,bruiser,win,1,stonewall-bastion,27,135,6,2,15,10,75,99,7,0,
903,3169884535,bruiser-shock-assault,stonewall-bastion,bruiser,stonewall,win,1,bruiser-shock-assault,15,67,5,1,4,3,38,25,7,0,
904,1529353008,stonewall-bastion,bruiser-heavy-breakthrough,stonewall,bruiser,win,2,bruiser-heavy-breakthrough,32,148,4,8,7,14,59,123,0,7,
905,1529353008,bruiser-heavy-breakthrough,stonewall-bastion,bruiser,stonewall,win,2,stonewall-bastion,28,121,6,10,6,6,57,38,0,7,
906,4183788777,stonewall-bastion,syndicate-combined-arms,stonewall,syndicate,win,2,syndicate-combined-arms,18,89,2,6,4,5,46,58,0,7,
907,4183788777,syndicate-combined-arms,stonewall-bastion,syndicate,stonewall,win,1,syndicate-combined-arms,15,70,5,1,5,2,38,31,7,0,
908,2543257250,stonewall-bastion,syndicate-precision-operations,stonewall,syndicate,win,1,stonewall-bastion,9,42,4,0,5,0,28,15,7,0,
909,2543257250,syndicate-precision-operations,stonewall-bastion,syndicate,stonewall,win,1,syndicate-precision-operations,9,41,4,0,4,1,26,15,7,0,
910,902725723,stonewall-bastion,nightwalker-sabotage,stonewall,nightwalker,win,1,stonewall-bastion,31,135,7,3,12,11,73,104,7,0,
911,902725723,nightwalker-sabotage,stonewall-bastion,nightwalker,stonewall,win,2,stonewall-bastion,52,231,5,9,19,16,153,99,0,7,
912,3557161492,stonewall-bastion,nightwalker-assassination,stonewall,nightwalker,win,1,stonewall-bastion,21,98,5,1,8,6,43,68,7,0,
913,3557161492,nightwalker-assassination,stonewall-bastion,nightwalker,stonewall,win,1,nightwalker-assassination,35,160,8,4,16,11,134,62,7,0,
914,1916629965,stonewall-bastion,rogue-scavenger,stonewall,rogue,win,1,stonewall-bastion,15,74,5,1,3,3,34,31,7,0,
915,1916629965,rogue-scavenger,stonewall-bastion,rogue,stonewall,win,2,stonewall-bastion,10,45,0,4,0,2,14,23,0,7,
916,276098438,stonewall-bastion,rogue-wildcard,stonewall,rogue,win,2,rogue-wildcard,72,350,19,23,14,29,170,247,0,7,
917,276098438,rogue-wildcard,stonewall-bastion,rogue,stonewall,win,2,stonewall-bastion,10,46,0,4,0,2,15,23,0,7,
918,2930534207,stonewall-counteroffensive,bruiser-shock-assault,stonewall,bruiser,win,2,bruiser-shock-assault,30,136,2,6,13,14,73,104,0,7,
919,2930534207,bruiser-shock-assault,stonewall-counteroffensive,bruiser,stonewall,win,1,bruiser-shock-assault,27,125,6,2,14,9,104,51,7,0,
920,1290002680,stonewall-counteroffensive,bruiser-heavy-breakthrough,stonewall,bruiser,win,2,bruiser-heavy-breakthrough,14,60,1,5,1,6,21,35,0,7,
921,1290002680,bruiser-heavy-breakthrough,stonewall-counteroffensive,bruiser,stonewall,win,1,bruiser-heavy-breakthrough,17,79,5,1,9,4,75,31,7,0,
922,3944438449,stonewall-counteroffensive,syndicate-combined-arms,stonewall,syndicate,win,2,syndicate-combined-arms,14,66,1,5,2,4,32,33,0,7,
923,3944438449,syndicate-combined-arms,stonewall-counteroffensive,syndicate,stonewall,win,1,syndicate-combined-arms,25,122,7,3,9,7,68,58,7,0,
924,2303906922,stonewall-counteroffensive,syndicate-precision-operations,stonewall,syndicate,win,1,stonewall-counteroffensive,53,222,10,6,22,17,124,142,7,0,
925,2303906922,syndicate-precision-operations,stonewall-counteroffensive,syndicate,stonewall,win,2,stonewall-counteroffensive,16,72,1,5,3,5,33,31,0,7,
926,663375395,stonewall-counteroffensive,nightwalker-sabotage,stonewall,nightwalker,win,1,stonewall-counteroffensive,17,71,5,1,5,4,31,48,7,0,
927,663375395,nightwalker-sabotage,stonewall-counteroffensive,nightwalker,stonewall,win,1,nightwalker-sabotage,31,128,6,2,14,9,104,57,7,0,
928,3317811164,stonewall-counteroffensive,nightwalker-assassination,stonewall,nightwalker,win,2,nightwalker-assassination,16,68,1,5,3,5,23,35,0,7,
929,3317811164,nightwalker-assassination,stonewall-counteroffensive,nightwalker,stonewall,win,2,stonewall-counteroffensive,26,106,2,6,9,12,79,53,0,7,
930,1677279637,stonewall-counteroffensive,rogue-scavenger,stonewall,rogue,win,2,rogue-scavenger,16,78,1,5,1,4,35,42,0,7,
931,1677279637,rogue-scavenger,stonewall-counteroffensive,rogue,stonewall,win,1,rogue-scavenger,15,70,5,1,3,1,27,27,7,0,
932,36748110,stonewall-counteroffensive,rogue-wildcard,stonewall,rogue,win,1,stonewall-counteroffensive,17,80,5,1,6,4,39,48,7,0,
933,36748110,rogue-wildcard,stonewall-counteroffensive,rogue,stonewall,win,1,rogue-wildcard,11,47,4,0,1,0,17,10,7,0,
934,2691183879,bruiser-shock-assault,bruiser-heavy-breakthrough,bruiser,bruiser,win,2,bruiser-heavy-breakthrough,28,113,1,5,9,14,65,86,0,7,
935,2691183879,bruiser-heavy-breakthrough,bruiser-shock-assault,bruiser,bruiser,win,1,bruiser-heavy-breakthrough,23,98,5,1,12,9,75,59,7,0,
936,1050652352,bruiser-shock-assault,syndicate-combined-arms,bruiser,syndicate,win,2,syndicate-combined-arms,30,119,3,7,10,16,77,72,0,7,
937,1050652352,syndicate-combined-arms,bruiser-shock-assault,syndicate,bruiser,win,1,syndicate-combined-arms,23,98,5,1,11,8,53,69,7,0,
938,3705088121,bruiser-shock-assault,syndicate-precision-operations,bruiser,syndicate,win,1,bruiser-shock-assault,31,123,5,1,13,14,77,69,7,0,
939,3705088121,syndicate-precision-operations,bruiser-shock-assault,syndicate,bruiser,win,2,bruiser-shock-assault,16,73,1,5,4,8,32,54,0,7,
940,2064556594,bruiser-shock-assault,nightwalker-sabotage,bruiser,nightwalker,win,1,bruiser-shock-assault,37,145,6,2,12,16,80,74,7,0,
941,2064556594,nightwalker-sabotage,bruiser-shock-assault,nightwalker,bruiser,win,2,bruiser-shock-assault,26,107,1,5,10,9,51,55,0,7,
942,424025067,bruiser-shock-assault,nightwalker-assassination,bruiser,nightwalker,win,2,nightwalker-assassination,20,77,0,4,5,10,28,45,0,7,
943,424025067,nightwalker-assassination,bruiser-shock-assault,nightwalker,bruiser,win,1,nightwalker-assassination,17,65,5,1,10,3,49,28,7,0,
944,3078460836,bruiser-shock-assault,rogue-scavenger,bruiser,rogue,win,2,rogue-scavenger,16,76,1,5,2,6,43,33,0,7,
945,3078460836,rogue-scavenger,bruiser-shock-assault,rogue,bruiser,win,1,rogue-scavenger,49,220,9,5,23,18,109,156,7,0,
946,1437929309,bruiser-shock-assault,rogue-wildcard,bruiser,rogue,win,1,bruiser-shock-assault,21,97,4,0,9,11,66,57,7,0,
947,1437929309,rogue-wildcard,bruiser-shock-assault,rogue,bruiser,win,1,rogue-wildcard,29,114,6,2,15,10,74,73,7,0,
948,4092365078,bruiser-heavy-breakthrough,syndicate-combined-arms,bruiser,syndicate,win,1,bruiser-heavy-breakthrough,25,115,7,3,13,7,92,62,7,0,
949,4092365078,syndicate-combined-arms,bruiser-heavy-breakthrough,syndicate,bruiser,win,2,bruiser-heavy-breakthrough,22,103,2,6,7,13,62,80,0,7,
950,2451833551,bruiser-heavy-breakthrough,syndicate-precision-operations,bruiser,syndicate,win,1,bruiser-heavy-breakthrough,19,75,5,1,9,4,56,37,7,0,
951,2451833551,syndicate-precision-operations,bruiser-heavy-breakthrough,syndicate,bruiser,win,2,bruiser-heavy-breakthrough,14,56,0,4,2,8,18,47,0,7,
952,811302024,bruiser-heavy-breakthrough,nightwalker-sabotage,bruiser,nightwalker,win,1,bruiser-heavy-breakthrough,19,74,4,0,7,5,39,37,7,0,
953,811302024,nightwalker-sabotage,bruiser-heavy-breakthrough,nightwalker,bruiser,win,2,bruiser-heavy-breakthrough,20,71,0,4,5,8,32,43,0,7,
954,3465737793,bruiser-heavy-breakthrough,nightwalker-assassination,bruiser,nightwalker,win,1,bruiser-heavy-breakthrough,21,85,5,1,12,5,70,51,7,0,
955,3465737793,nightwalker-assassination,bruiser-heavy-breakthrough,nightwalker,bruiser,win,2,bruiser-heavy-breakthrough,30,131,2,6,13,13,92,91,0,7,
956,1825206266,bruiser-heavy-breakthrough,rogue-scavenger,bruiser,rogue,win,1,bruiser-heavy-breakthrough,25,118,6,2,12,9,95,54,7,0,
957,1825206266,rogue-scavenger,bruiser-heavy-breakthrough,rogue,bruiser,win,2,bruiser-heavy-breakthrough,14,65,1,5,2,7,22,53,0,7,
958,184674739,bruiser-heavy-breakthrough,rogue-wildcard,bruiser,rogue,win,1,bruiser-heavy-breakthrough,27,111,5,1,13,9,90,63,7,0,
959,184674739,rogue-wildcard,bruiser-heavy-breakthrough,rogue,bruiser,win,2,bruiser-heavy-breakthrough,14,66,1,5,5,7,38,54,0,7,
960,2839110508,syndicate-combined-arms,syndicate-precision-operations,syndicate,syndicate,win,1,syndicate-combined-arms,23,101,5,1,10,6,54,60,7,0,
961,2839110508,syndicate-precision-operations,syndicate-combined-arms,syndicate,syndicate,win,2,syndicate-combined-arms,20,76,1,5,3,9,36,41,0,7,
962,1198578981,syndicate-combined-arms,nightwalker-sabotage,syndicate,nightwalker,win,1,syndicate-combined-arms,25,118,6,2,10,10,61,72,7,0,
963,1198578981,nightwalker-sabotage,syndicate-combined-arms,nightwalker,syndicate,win,2,syndicate-combined-arms,44,199,5,9,17,17,134,109,0,7,
964,3853014750,syndicate-combined-arms,nightwalker-assassination,syndicate,nightwalker,win,2,nightwalker-assassination,40,169,3,7,15,21,91,142,0,7,
965,3853014750,nightwalker-assassination,syndicate-combined-arms,nightwalker,syndicate,win,2,syndicate-combined-arms,30,140,2,6,15,13,104,77,0,7,
966,2212483223,syndicate-combined-arms,rogue-scavenger,syndicate,rogue,win,1,syndicate-combined-arms,41,204,9,5,18,14,145,109,7,0,
967,2212483223,rogue-scavenger,syndicate-combined-arms,rogue,syndicate,win,1,rogue-scavenger,15,68,5,1,3,2,31,32,7,0,
968,571951696,syndicate-combined-arms,rogue-wildcard,syndicate,rogue,win,2,rogue-wildcard,30,145,3,7,8,17,87,114,0,7,
969,571951696,rogue-wildcard,syndicate-combined-arms,rogue,syndicate,win,1,rogue-wildcard,23,107,7,3,7,4,54,50,7,0,
970,3226387465,syndicate-precision-operations,nightwalker-sabotage,syndicate,nightwalker,win,2,nightwalker-sabotage,22,88,0,4,7,9,42,52,0,7,
971,3226387465,nightwalker-sabotage,syndicate-precision-operations,nightwalker,syndicate,win,2,syndicate-precision-operations,46,176,3,7,14,18,95,105,0,7,
972,1585855938,syndicate-precision-operations,nightwalker-assassination,syndicate,nightwalker,win,2,nightwalker-assassination,28,108,1,5,8,12,49,68,0,7,
973,1585855938,nightwalker-assassination,syndicate-precision-operations,nightwalker,syndicate,win,1,nightwalker-assassination,15,56,4,0,6,4,27,23,7,0,
974,4240291707,syndicate-precision-operations,rogue-scavenger,syndicate,rogue,win,2,rogue-scavenger,22,103,2,6,5,9,58,56,0,7,
975,4240291707,rogue-scavenger,syndicate-precision-operations,rogue,syndicate,win,1,rogue-scavenger,35,161,7,3,15,9,80,97,7,0,
976,2599760180,syndicate-precision-operations,rogue-wildcard,syndicate,rogue,win,1,syndicate-precision-operations,21,91,5,1,8,6,61,41,7,0,
977,2599760180,rogue-wildcard,syndicate-precision-operations,rogue,syndicate,win,1,rogue-wildcard,25,107,5,1,11,7,65,69,7,0,
978,959228653,nightwalker-sabotage,nightwalker-assassination,nightwalker,nightwalker,win,2,nightwalker-assassination,28,122,1,5,9,12,58,79,0,7,
979,959228653,nightwalker-assassination,nightwalker-sabotage,nightwalker,nightwalker,win,1,nightwalker-assassination,31,111,5,1,10,11,64,60,7,0,
980,3613664422,nightwalker-sabotage,rogue-scavenger,nightwalker,rogue,win,2,rogue-scavenger,28,140,3,7,8,11,88,67,0,7,
981,3613664422,rogue-scavenger,nightwalker-sabotage,rogue,nightwalker,win,2,nightwalker-sabotage,24,103,1,5,5,8,37,74,0,7,
982,1973132895,nightwalker-sabotage,rogue-wildcard,nightwalker,rogue,win,2,rogue-wildcard,26,120,2,6,9,13,87,76,0,7,
983,1973132895,rogue-wildcard,nightwalker-sabotage,rogue,nightwalker,win,1,rogue-wildcard,19,80,4,0,8,6,49,46,7,0,
984,332601368,nightwalker-assassination,rogue-scavenger,nightwalker,rogue,win,1,nightwalker-assassination,31,147,7,3,14,10,109,56,7,0,
985,332601368,rogue-scavenger,nightwalker-assassination,rogue,nightwalker,win,1,rogue-scavenger,51,241,9,5,21,22,114,190,7,0,
986,2987037137,nightwalker-assassination,rogue-wildcard,nightwalker,rogue,win,1,nightwalker-assassination,35,147,6,2,13,13,111,83,7,0,
987,2987037137,rogue-wildcard,nightwalker-assassination,rogue,nightwalker,win,2,nightwalker-assassination,40,174,3,7,16,18,94,124,0,7,
988,1346505610,rogue-scavenger,rogue-wildcard,rogue,rogue,win,1,rogue-scavenger,13,62,5,1,3,1,26,25,7,0,
989,1346505610,rogue-wildcard,rogue-scavenger,rogue,rogue,win,1,rogue-wildcard,11,51,4,0,4,3,32,26,7,0,
990,4000941379,stonewall-bastion,stonewall-counteroffensive,stonewall,stonewall,win,1,stonewall-bastion,11,48,4,0,2,1,18,14,7,0,
991,4000941379,stonewall-counteroffensive,stonewall-bastion,stonewall,stonewall,win,2,stonewall-bastion,20,98,2,6,1,6,45,41,0,7,
992,2360409852,stonewall-bastion,bruiser-shock-assault,stonewall,bruiser,win,2,bruiser-shock-assault,16,74,1,5,3,4,23,40,0,7,
993,2360409852,bruiser-shock-assault,stonewall-bastion,bruiser,stonewall,win,2,stonewall-bastion,24,113,2,6,8,11,88,57,0,7,
994,719878325,stonewall-bastion,bruiser-heavy-breakthrough,stonewall,bruiser,win,2,bruiser-heavy-breakthrough,12,55,1,5,1,7,19,54,0,7,
995,719878325,bruiser-heavy-breakthrough,stonewall-bastion,bruiser,stonewall,win,2,stonewall-bastion,16,77,1,5,3,4,44,29,0,7,
996,3374314094,stonewall-bastion,syndicate-combined-arms,stonewall,syndicate,win,2,syndicate-combined-arms,16,78,1,5,3,5,38,43,0,7,
997,3374314094,syndicate-combined-arms,stonewall-bastion,syndicate,stonewall,win,1,syndicate-combined-arms,55,270,19,15,23,8,191,114,7,0,
998,1733782567,stonewall-bastion,syndicate-precision-operations,stonewall,syndicate,win,1,stonewall-bastion,9,40,4,0,3,1,22,18,7,0,
999,1733782567,syndicate-precision-operations,stonewall-bastion,syndicate,stonewall,win,1,syndicate-precision-operations,9,40,4,0,4,0,27,10,7,0,
