index,seed,p1_deck,p2_deck,p1_faction,p2_faction,status,winner_seat,winner_deck,turns,decisions,p1_captures,p2_captures,p1_kills,p2_kills,p1_damage,p2_damage,p1_territories,p2_territories,error
0,20261004,stonewall-bastion,stonewall-counteroffensive,stonewall,stonewall,win,2,stonewall-counteroffensive,10,48,0,4,0,3,17,22,0,7,
1,20261004,stonewall-counteroffensive,stonewall-bastion,stonewall,stonewall,win,1,stonewall-counteroffensive,15,73,5,1,5,2,43,22,7,0,
2,2674696773,stonewall-bastion,bruiser-shock-assault,stonewall,bruiser,win,1,stonewall-bastion,23,104,6,2,11,7,55,76,7,0,
3,2674696773,bruiser-shock-assault,stonewall-bastion,bruiser,stonewall,win,2,stonewall-bastion,20,98,1,5,7,11,64,52,0,7,
4,1034165246,stonewall-bastion,bruiser-heavy-breakthrough,stonewall,bruiser,win,2,bruiser-heavy-breakthrough,36,161,4,8,11,14,78,121,0,7,
5,1034165246,bruiser-heavy-breakthrough,stonewall-bastion,bruiser,stonewall,win,2,stonewall-bastion,110,503,28,32,35,36,353,224,0,7,
6,3688601015,stonewall-bastion,syndicate-combined-arms,stonewall,syndicate,win,2,syndicate-combined-arms,20,104,2,6,3,7,48,55,0,7,
7,3688601015,syndicate-combined-arms,stonewall-bastion,syndicate,stonewall,win,1,syndicate-combined-arms,15,75,5,1,5,2,42,29,7,0,
8,2048069488,stonewall-bastion,syndicate-precision-operations,stonewall,syndicate,win,1,stonewall-bastion,23,116,6,2,9,6,51,64,7,0,
9,2048069488,syndicate-precision-operations,stonewall-bastion,syndicate,stonewall,win,2,stonewall-bastion,30,143,3,7,9,13,88,85,0,7,
10,407537961,stonewall-bastion,nightwalker-sabotage,stonewall,nightwalker,win,2,nightwalker-sabotage,60,266,7,11,19,27,130,222,0,7,
11,407537961,nightwalker-sabotage,stonewall-bastion,nightwalker,stonewall,win,2,stonewall-bastion,16,71,1,5,3,4,40,33,0,7,
12,3061973730,stonewall-bastion,nightwalker-assassination,stonewall,nightwalker,win,2,nightwalker-assassination,10,42,0,4,0,1,9,8,0,7,
13,3061973730,nightwalker-assassination,stonewall-bastion,nightwalker,stonewall,win,1,nightwalker-assassination,53,220,9,5,22,20,201,104,7,0,
14,1421442203,stonewall-bastion,rogue-scavenger,stonewall,rogue,win,1,stonewall-bastion,27,133,8,4,6,3,58,57,7,0,
15,1421442203,rogue-scavenger,stonewall-bastion,rogue,stonewall,win,1,rogue-scavenger,11,53,4,0,1,1,15,12,7,0,
16,4075877972,stonewall-bastion,rogue-wildcard,stonewall,rogue,win,1,stonewall-bastion,9,41,4,0,2,0,16,19,7,0,
17,4075877972,rogue-wildcard,stonewall-bastion,rogue,stonewall,win,1,rogue-wildcard,15,73,5,1,6,2,47,30,7,0,
18,2435346445,stonewall-counteroffensive,bruiser-shock-assault,stonewall,bruiser,win,2,bruiser-shock-assault,32,142,2,6,14,15,81,103,0,7,
19,2435346445,bruiser-shock-assault,stonewall-counteroffensive,bruiser,stonewall,win,1,bruiser-shock-assault,23,111,6,2,10,7,84,53,7,0,
20,794814918,stonewall-counteroffensive,bruiser-heavy-breakthrough,stonewall,bruiser,win,2,bruiser-heavy-breakthrough,14,61,1,5,1,7,22,55,0,7,
21,794814918,bruiser-heavy-breakthrough,stonewall-counteroffensive,bruiser,stonewall,win,1,bruiser-heavy-breakthrough,23,109,6,2,10,7,83,52,7,0,
22,3449250687,stonewall-counteroffensive,syndicate-combined-arms,stonewall,syndicate,win,2,syndicate-combined-arms,16,68,1,5,2,7,32,48,0,7,
23,3449250687,syndicate-combined-arms,stonewall-counteroffensive,syndicate,stonewall,win,2,stonewall-counteroffensive,20,98,2,6,5,8,57,54,0,7,
24,1808719160,stonewall-counteroffensive,syndicate-precision-operations,stonewall,syndicate,win,1,stonewall-counteroffensive,11,51,4,0,5,2,30,27,7,0,
25,1808719160,syndicate-precision-operations,stonewall-counteroffensive,syndicate,stonewall,win,2,stonewall-counteroffensive,48,223,4,8,19,24,156,145,0,7,
26,168187633,stonewall-counteroffensive,nightwalker-sabotage,stonewall,nightwalker,win,1,stonewall-counteroffensive,45,208,8,4,18,16,116,147,7,0,
27,168187633,nightwalker-sabotage,stonewall-counteroffensive,nightwalker,stonewall,win,2,stonewall-counteroffensive,12,57,1,5,3,4,33,24,0,7,
28,2822623402,stonewall-counteroffensive,nightwalker-assassination,stonewall,nightwalker,win,1,stonewall-counteroffensive,25,115,6,2,11,8,57,89,7,0,
29,2822623402,nightwalker-assassination,stonewall-counteroffensive,nightwalker,stonewall,win,2,stonewall-counteroffensive,16,78,1,5,5,8,60,42,0,7,
30,1182091875,stonewall-counteroffensive,rogue-scavenger,stonewall,rogue,win,1,stonewall-counteroffensive,15,73,5,1,2,1,25,26,7,0,
31,1182091875,rogue-scavenger,stonewall-counteroffensive,rogue,stonewall,win,1,rogue-scavenger,23,113,7,3,6,4,41,58,7,0,
32,3836527644,stonewall-counteroffensive,rogue-wildcard,stonewall,rogue,win,1,stonewall-counteroffensive,15,72,5,1,5,3,37,42,7,0,
33,3836527644,rogue-wildcard,stonewall-counteroffensive,rogue,stonewall,win,2,stonewall-counteroffensive,16,75,1,5,4,6,41,42,0,7,
34,2195996117,bruiser-shock-assault,bruiser-heavy-breakthrough,bruiser,bruiser,win,2,bruiser-heavy-breakthrough,48,181,4,8,15,22,99,133,0,7,
35,2195996117,bruiser-heavy-breakthrough,bruiser-shock-assault,bruiser,bruiser,win,1,bruiser-heavy-breakthrough,23,89,5,1,11,8,66,46,7,0,
36,555464590,bruiser-shock-assault,syndicate-combined-arms,bruiser,syndicate,win,1,bruiser-shock-assault,21,101,6,2,9,8,61,51,7,0,
37,555464590,syndicate-combined-arms,bruiser-shock-assault,syndicate,bruiser,win,1,syndicate-combined-arms,27,122,6,2,14,12,71,93,7,0,
38,3209900359,bruiser-shock-assault,syndicate-precision-operations,bruiser,syndicate,win,2,syndicate-precision-operations,36,152,2,6,16,17,103,90,0,7,
39,3209900359,syndicate-precision-operations,bruiser-shock-assault,syndicate,bruiser,win,1,syndicate-precision-operations,33,132,6,2,15,12,77,86,7,0,
40,1569368832,bruiser-shock-assault,nightwalker-sabotage,bruiser,nightwalker,win,2,nightwalker-sabotage,20,86,1,5,7,13,48,67,0,7,
41,1569368832,nightwalker-sabotage,bruiser-shock-assault,nightwalker,bruiser,win,1,nightwalker-sabotage,23,90,5,1,13,5,59,36,7,0,
42,4223804601,bruiser-shock-assault,nightwalker-assassination,bruiser,nightwalker,win,1,bruiser-shock-assault,9,39,4,0,3,2,13,15,7,0,
43,4223804601,nightwalker-assassination,bruiser-shock-assault,nightwalker,bruiser,win,1,nightwalker-assassination,19,79,4,0,12,7,53,40,7,0,
44,2583273074,bruiser-shock-assault,rogue-scavenger,bruiser,rogue,win,1,bruiser-shock-assault,31,149,6,2,14,13,105,70,7,0,
45,2583273074,rogue-scavenger,bruiser-shock-assault,rogue,bruiser,win,2,bruiser-shock-assault,18,84,1,5,5,7,34,44,0,7,
46,942741547,bruiser-shock-assault,rogue-wildcard,bruiser,rogue,win,1,bruiser-shock-assault,23,103,5,1,12,10,75,59,7,0,
47,942741547,rogue-wildcard,bruiser-shock-assault,rogue,bruiser,win,1,rogue-wildcard,51,189,7,3,23,21,118,136,7,0,
48,3597177316,bruiser-heavy-breakthrough,syndicate-combined-arms,bruiser,syndicate,win,1,bruiser-heavy-breakthrough,15,70,4,0,9,4,56,28,7,0,
49,3597177316,syndicate-combined-arms,bruiser-heavy-breakthrough,syndicate,bruiser,win,1,syndicate-combined-arms,53,237,8,4,23,26,142,197,7,0,
50,1956645789,bruiser-heavy-breakthrough,syndicate-precision-operations,bruiser,syndicate,win,1,bruiser-heavy-breakthrough,17,65,4,0,9,4,58,28,7,0,
51,1956645789,syndicate-precision-operations,bruiser-heavy-breakthrough,syndicate,bruiser,win,2,bruiser-heavy-breakthrough,16,69,2,6,3,6,29,40,0,7,
52,316114262,bruiser-heavy-breakthrough,nightwalker-sabotage,bruiser,nightwalker,win,1,bruiser-heavy-breakthrough,23,93,5,1,12,7,68,45,7,0,
53,316114262,nightwalker-sabotage,bruiser-heavy-breakthrough,nightwalker,bruiser,win,2,bruiser-heavy-breakthrough,16,73,1,5,6,4,43,38,0,7,
54,2970550031,bruiser-heavy-breakthrough,nightwalker-assassination,bruiser,nightwalker,win,2,nightwalker-assassination,16,59,1,5,3,8,27,37,0,7,
55,2970550031,nightwalker-assassination,bruiser-heavy-breakthrough,nightwalker,bruiser,win,2,bruiser-heavy-breakthrough,18,72,0,4,7,9,45,53,0,7,
56,1330018504,bruiser-heavy-breakthrough,rogue-scavenger,bruiser,rogue,win,1,bruiser-heavy-breakthrough,25,110,6,2,10,6,82,44,7,0,
57,1330018504,rogue-scavenger,bruiser-heavy-breakthrough,rogue,bruiser,win,2,bruiser-heavy-breakthrough,12,43,0,4,1,4,8,30,0,7,
58,3984454273,bruiser-heavy-breakthrough,rogue-wildcard,bruiser,rogue,win,1,bruiser-heavy-breakthrough,45,182,9,5,19,15,141,97,7,0,
59,3984454273,rogue-wildcard,bruiser-heavy-breakthrough,rogue,bruiser,win,2,bruiser-heavy-breakthrough,20,85,1,5,8,10,50,68,0,7,
60,2343922746,syndicate-combined-arms,syndicate-precision-operations,syndicate,syndicate,win,1,syndicate-combined-arms,23,107,5,1,11,10,65,65,7,0,
61,2343922746,syndicate-precision-operations,syndicate-combined-arms,syndicate,syndicate,win,2,syndicate-combined-arms,18,87,1,5,4,9,44,54,0,7,
62,703391219,syndicate-combined-arms,nightwalker-sabotage,syndicate,nightwalker,win,1,syndicate-combined-arms,33,160,7,3,15,13,91,119,7,0,
63,703391219,nightwalker-sabotage,syndicate-combined-arms,nightwalker,syndicate,win,2,syndicate-combined-arms,46,216,4,8,22,20,153,131,0,7,
64,3357826988,syndicate-combined-arms,nightwalker-assassination,syndicate,nightwalker,win,1,syndicate-combined-arms,25,120,5,1,11,12,68,96,7,0,
65,3357826988,nightwalker-assassination,syndicate-combined-arms,nightwalker,syndicate,win,1,nightwalker-assassination,59,250,10,6,30,21,195,135,7,0,
66,1717295461,syndicate-combined-arms,rogue-scavenger,syndicate,rogue,win,2,rogue-scavenger,16,81,1,5,3,6,53,51,0,7,
67,1717295461,rogue-scavenger,syndicate-combined-arms,rogue,syndicate,win,2,syndicate-combined-arms,18,93,1,5,3,7,42,59,0,7,
68,76763934,syndicate-combined-arms,rogue-wildcard,syndicate,rogue,win,1,syndicate-combined-arms,33,153,7,3,15,13,103,104,7,0,
69,76763934,rogue-wildcard,syndicate-combined-arms,rogue,syndicate,win,1,rogue-wildcard,39,191,9,5,22,8,142,112,7,0,
70,2731199703,syndicate-precision-operations,nightwalker-sabotage,syndicate,nightwalker,win,2,nightwalker-sabotage,28,128,2,6,11,14,80,88,0,7,
71,2731199703,nightwalker-sabotage,syndicate-precision-operations,nightwalker,syndicate,win,2,syndicate-precision-operations,52,241,6,10,21,26,158,159,0,7,
72,1090668176,syndicate-precision-operations,nightwalker-assassination,syndicate,nightwalker,win,2,nightwalker-assassination,36,153,3,7,12,18,76,108,0,7,
73,1090668176,nightwalker-assassination,syndicate-precision-operations,nightwalker,syndicate,win,1,nightwalker-assassination,11,51,4,0,6,4,37,24,7,0,
74,3745103945,syndicate-precision-operations,rogue-scavenger,syndicate,rogue,win,1,syndicate-precision-operations,17,83,5,1,8,5,56,41,7,0,
75,3745103945,rogue-scavenger,syndicate-precision-operations,rogue,syndicate,win,2,syndicate-precision-operations,42,201,4,8,17,17,103,145,0,7,
76,2104572418,syndicate-precision-operations,rogue-wildcard,syndicate,rogue,win,1,syndicate-precision-operations,63,263,10,6,26,25,173,168,7,0,
77,2104572418,rogue-wildcard,syndicate-precision-operations,rogue,syndicate,win,2,syndicate-precision-operations,32,136,2,6,13,14,88,91,0,7,
78,464040891,nightwalker-sabotage,nightwalker-assassination,nightwalker,nightwalker,win,2,nightwalker-assassination,28,106,2,6,8,13,55,81,0,7,
79,464040891,nightwalker-assassination,nightwalker-sabotage,nightwalker,nightwalker,win,1,nightwalker-assassination,25,108,5,1,12,11,76,61,7,0,
80,3118476660,nightwalker-sabotage,rogue-scavenger,nightwalker,rogue,win,1,nightwalker-sabotage,21,99,5,1,9,6,67,41,7,0,
81,3118476660,rogue-scavenger,nightwalker-sabotage,rogue,nightwalker,win,2,nightwalker-sabotage,40,189,3,7,13,18,85,143,0,7,
82,1477945133,nightwalker-sabotage,rogue-wildcard,nightwalker,rogue,win,1,nightwalker-sabotage,19,82,5,1,9,5,56,38,7,0,
83,1477945133,rogue-wildcard,nightwalker-sabotage,rogue,nightwalker,win,1,rogue-wildcard,29,124,6,2,11,11,71,85,7,0,
84,4132380902,nightwalker-assassination,rogue-scavenger,nightwalker,rogue,win,1,nightwalker-assassination,25,114,6,2,13,6,100,42,7,0,
85,4132380902,rogue-scavenger,nightwalker-assassination,rogue,nightwalker,win,1,rogue-scavenger,21,98,5,1,8,6,35,52,7,0,
86,2491849375,nightwalker-assassination,rogue-wildcard,nightwalker,rogue,win,1,nightwalker-assassination,27,103,6,2,13,9,88,53,7,0,
87,2491849375,rogue-wildcard,nightwalker-assassination,rogue,nightwalker,win,2,nightwalker-assassination,58,230,4,8,22,25,130,188,0,7,
88,851317848,rogue-scavenger,rogue-wildcard,rogue,rogue,win,2,rogue-wildcard,34,162,4,8,8,15,80,111,0,7,
89,851317848,rogue-wildcard,rogue-scavenger,rogue,rogue,win,1,rogue-wildcard,13,64,4,0,5,2,35,21,7,0,
90,3505753617,stonewall-bastion,stonewall-counteroffensive,stonewall,stonewall,win,2,stonewall-counteroffensive,10,45,0,4,0,2,12,15,0,7,
91,3505753617,stonewall-counteroffensive,stonewall-bastion,stonewall,stonewall,win,2,stonewall-bastion,20,97,2,6,2,8,44,56,0,7,
92,1865222090,stonewall-bastion,bruiser-shock-assault,stonewall,bruiser,win,1,stonewall-bastion,17,76,5,1,7,5,31,39,7,0,
93,1865222090,bruiser-shock-assault,stonewall-bastion,bruiser,stonewall,win,1,bruiser-shock-assault,23,115,6,2,10,8,87,49,7,0,
94,224690563,stonewall-bastion,bruiser-heavy-breakthrough,stonewall,bruiser,win,2,bruiser-heavy-breakthrough,12,54,1,5,1,4,16,30,0,7,
95,224690563,bruiser-heavy-breakthrough,stonewall-bastion,bruiser,stonewall,win,2,stonewall-bastion,14,60,1,5,2,5,42,23,0,7,
96,2879126332,stonewall-bastion,syndicate-combined-arms,stonewall,syndicate,win,2,syndicate-combined-arms,22,109,3,7,2,9,39,71,0,7,
97,2879126332,syndicate-combined-arms,stonewall-bastion,syndicate,stonewall,win,2,stonewall-bastion,18,90,1,5,2,10,54,58,0,7,
98,1238594805,stonewall-bastion,syndicate-precision-operations,stonewall,syndicate,win,2,syndicate-precision-operations,22,103,2,6,5,6,31,55,0,7,
99,1238594805,syndicate-precision-operations,stonewall-bastion,syndicate,stonewall,win,1,syndicate-precision-operations,17,82,4,0,7,5,53,38,7,0,
100,3893030574,stonewall-bastion,nightwalker-sabotage,stonewall,nightwalker,win,1,stonewall-bastion,15,73,5,1,4,4,31,48,7,0,
101,3893030574,nightwalker-sabotage,stonewall-bastion,nightwalker,stonewall,win,1,nightwalker-sabotage,41,195,9,5,16,15,139,100,7,0,
102,2252499047,stonewall-bastion,nightwalker-assassination,stonewall,nightwalker,win,2,nightwalker-assassination,22,98,1,5,5,9,26,76,0,7,
103,2252499047,nightwalker-assassination,stonewall-bastion,nightwalker,stonewall,win,1,nightwalker-assassination,37,159,8,4,16,11,137,70,7,0,
104,611967520,stonewall-bastion,rogue-scavenger,stonewall,rogue,win,1,stonewall-bastion,13,61,4,0,5,1,35,28,7,0,
105,611967520,rogue-scavenger,stonewall-bastion,rogue,stonewall,win,1,rogue-scavenger,15,72,5,1,2,1,25,36,7,0,
106,3266403289,stonewall-bastion,rogue-wildcard,stonewall,rogue,win,2,rogue-wildcard,14,66,1,5,1,4,27,41,0,7,
107,3266403289,rogue-wildcard,stonewall-bastion,rogue,stonewall,win,1,rogue-wildcard,9,44,4,0,4,0,31,16,7,0,
108,1625871762,stonewall-counteroffensive,bruiser-shock-assault,stonewall,bruiser,win,1,stonewall-counteroffensive,11,51,4,0,5,0,26,24,7,0,
109,1625871762,bruiser-shock-assault,stonewall-counteroffensive,bruiser,stonewall,win,2,stonewall-counteroffensive,20,95,2,6,7,9,72,50,0,7,
110,4280307531,stonewall-counteroffensive,bruiser-heavy-breakthrough,stonewall,bruiser,win,2,bruiser-heavy-breakthrough,34,151,4,8,10,15,72,110,0,7,
111,4280307531,bruiser-heavy-breakthrough,stonewall-counteroffensive,bruiser,stonewall,win,1,bruiser-heavy-breakthrough,29,123,6,2,14,9,104,60,7,0,
112,2639776004,stonewall-counteroffensive,syndicate-combined-arms,stonewall,syndicate,win,1,stonewall-counteroffensive,9,43,4,0,3,0,21,14,7,0,
113,2639776004,syndicate-combined-arms,stonewall-counteroffensive,syndicate,stonewall,win,1,syndicate-combined-arms,15,67,5,1,4,2,27,23,7,0,
114,999244477,stonewall-counteroffensive,syndicate-precision-operations,stonewall,syndicate,win,2,syndicate-precision-operations,32,151,3,7,10,13,80,89,0,7,
115,999244477,syndicate-precision-operations,stonewall-counteroffensive,syndicate,stonewall,win,2,stonewall-counteroffensive,28,133,3,7,7,13,90,84,0,7,
116,3653680246,stonewall-counteroffensive,nightwalker-sabotage,stonewall,nightwalker,win,2,nightwalker-sabotage,30,130,3,7,7,14,65,97,0,7,
117,3653680246,nightwalker-sabotage,stonewall-counteroffensive,nightwalker,stonewall,win,1,nightwalker-sabotage,15,55,4,0,6,2,33,24,7,0,
118,2013148719,stonewall-counteroffensive,nightwalker-assassination,stonewall,nightwalker,win,2,nightwalker-assassination,44,193,4,8,18,21,98,157,0,7,
119,2013148719,nightwalker-assassination,stonewall-counteroffensive,nightwalker,stonewall,win,1,nightwalker-assassination,31,138,7,3,14,13,107,73,7,0,
120,372617192,stonewall-counteroffensive,rogue-scavenger,stonewall,rogue,win,1,stonewall-counteroffensive,13,61,5,1,4,1,37,23,7,0,
121,372617192,rogue-scavenger,stonewall-counteroffensive,rogue,stonewall,win,2,stonewall-counteroffensive,12,54,0,4,1,3,26,26,0,7,
122,3027052961,stonewall-counteroffensive,rogue-wildcard,stonewall,rogue,win,1,stonewall-counteroffensive,15,72,5,1,5,2,37,34,7,0,
123,3027052961,rogue-wildcard,stonewall-counteroffensive,rogue,stonewall,win,1,rogue-wildcard,21,99,6,2,8,4,60,47,7,0,
124,1386521434,bruiser-shock-assault,bruiser-heavy-breakthrough,bruiser,bruiser,win,2,bruiser-heavy-breakthrough,48,172,2,6,17,23,95,128,0,7,
125,1386521434,bruiser-heavy-breakthrough,bruiser-shock-assault,bruiser,bruiser,win,1,bruiser-heavy-breakthrough,17,69,4,0,9,5,51,38,7,0,
126,4040957203,bruiser-shock-assault,syndicate-combined-arms,bruiser,syndicate,win,2,syndicate-combined-arms,30,127,2,6,10,16,82,73,0,7,
127,4040957203,syndicate-combined-arms,bruiser-shock-assault,syndicate,bruiser,win,1,syndicate-combined-arms,27,120,6,2,13,11,65,84,7,0,
128,2400425676,bruiser-shock-assault,syndicate-precision-operations,bruiser,syndicate,win,2,syndicate-precision-operations,36,147,2,6,15,18,91,94,0,7,
129,2400425676,syndicate-precision-operations,bruiser-shock-assault,syndicate,bruiser,win,2,bruiser-shock-assault,26,100,1,5,10,13,53,71,0,7,
130,759894149,bruiser-shock-assault,nightwalker-sabotage,bruiser,nightwalker,win,2,nightwalker-sabotage,46,175,4,8,15,22,106,115,0,7,
131,759894149,nightwalker-sabotage,bruiser-shock-assault,nightwalker,bruiser,win,1,nightwalker-sabotage,19,81,5,1,10,5,51,48,7,0,
132,3414329918,bruiser-shock-assault,nightwalker-assassination,bruiser,nightwalker,win,2,nightwalker-assassination,22,89,1,5,7,12,34,61,0,7,
133,3414329918,nightwalker-assassination,bruiser-shock-assault,nightwalker,bruiser,win,1,nightwalker-assassination,21,78,5,1,9,6,51,42,7,0,
134,1773798391,bruiser-shock-assault,rogue-scavenger,bruiser,rogue,win,1,bruiser-shock-assault,17,85,5,1,7,5,62,38,7,0,
135,1773798391,rogue-scavenger,bruiser-shock-assault,rogue,bruiser,win,1,rogue-scavenger,15,72,5,1,7,2,36,39,7,0,
136,133266864,bruiser-shock-assault,rogue-wildcard,bruiser,rogue,win,2,rogue-wildcard,18,84,1,5,5,11,52,53,0,7,
137,133266864,rogue-wildcard,bruiser-shock-assault,rogue,bruiser,win,1,rogue-wildcard,23,102,5,1,12,11,65,81,7,0,
138,2787702633,bruiser-heavy-breakthrough,syndicate-combined-arms,bruiser,syndicate,win,1,bruiser-heavy-breakthrough,13,61,5,1,6,3,47,31,7,0,
139,2787702633,syndicate-combined-arms,bruiser-heavy-breakthrough,syndicate,bruiser,win,1,syndicate-combined-arms,15,69,5,1,5,5,33,47,7,0,
140,1147171106,bruiser-heavy-breakthrough,syndicate-precision-operations,bruiser,syndicate,win,1,bruiser-heavy-breakthrough,19,78,5,1,9,5,54,42,7,0,
141,1147171106,syndicate-precision-operations,bruiser-heavy-breakthrough,syndicate,bruiser,win,2,bruiser-heavy-breakthrough,16,71,1,5,5,6,34,41,0,7,
142,3801606875,bruiser-heavy-breakthrough,nightwalker-sabotage,bruiser,nightwalker,win,1,bruiser-heavy-breakthrough,25,111,5,1,14,11,90,72,7,0,
143,3801606875,nightwalker-sabotage,bruiser-heavy-breakthrough,nightwalker,bruiser,win,2,bruiser-heavy-breakthrough,34,127,3,7,11,16,67,91,0,7,
144,2161075348,bruiser-heavy-breakthrough,nightwalker-assassination,bruiser,nightwalker,win,1,bruiser-heavy-breakthrough,43,160,7,3,21,16,114,111,7,0,
145,2161075348,nightwalker-assassination,bruiser-heavy-breakthrough,nightwalker,bruiser,win,2,bruiser-heavy-breakthrough,30,110,1,5,12,13,70,68,0,7,
146,520543821,bruiser-heavy-breakthrough,rogue-scavenger,bruiser,rogue,win,1,bruiser-heavy-breakthrough,15,69,5,1,6,3,46,26,7,0,
147,520543821,rogue-scavenger,bruiser-heavy-breakthrough,rogue,bruiser,win,2,bruiser-heavy-breakthrough,14,65,1,5,2,6,23,46,0,7,
148,3174979590,bruiser-heavy-breakthrough,rogue-wildcard,bruiser,rogue,win,1,bruiser-heavy-breakthrough,19,69,4,0,7,6,49,39,7,0,
149,3174979590,rogue-wildcard,bruiser-heavy-breakthrough,rogue,bruiser,win,2,bruiser-heavy-breakthrough,58,238,5,9,24,24,143,185,0,7,
150,1534448063,syndicate-combined-arms,syndicate-precision-operations,syndicate,syndicate,win,1,syndicate-combined-arms,29,137,6,2,13,12,83,92,7,0,
151,1534448063,syndicate-precision-operations,syndicate-combined-arms,syndicate,syndicate,win,2,syndicate-combined-arms,14,66,1,5,1,5,35,36,0,7,
152,4188883832,syndicate-combined-arms,nightwalker-sabotage,syndicate,nightwalker,win,1,syndicate-combined-arms,57,263,11,7,24,23,154,178,7,0,
153,4188883832,nightwalker-sabotage,syndicate-combined-arms,nightwalker,syndicate,win,2,syndicate-combined-arms,30,139,2,6,12,15,89,82,0,7,
154,2548352305,syndicate-combined-arms,nightwalker-assassination,syndicate,nightwalker,win,1,syndicate-combined-arms,75,329,12,8,32,37,185,270,7,0,
155,2548352305,nightwalker-assassination,syndicate-combined-arms,nightwalker,syndicate,win,2,syndicate-combined-arms,40,175,3,7,17,18,126,95,0,7,
156,907820778,syndicate-combined-arms,rogue-scavenger,syndicate,rogue,win,1,syndicate-combined-arms,21,104,6,2,7,6,59,54,7,0,
157,907820778,rogue-scavenger,syndicate-combined-arms,rogue,syndicate,win,2,syndicate-combined-arms,16,83,1,5,2,3,34,42,0,7,
158,3562256547,syndicate-combined-arms,rogue-wildcard,syndicate,rogue,win,1,syndicate-combined-arms,33,160,8,4,11,13,91,97,7,0,
159,3562256547,rogue-wildcard,syndicate-combined-arms,rogue,syndicate,win,2,syndicate-combined-arms,42,201,4,8,19,18,136,129,0,7,
160,1921725020,syndicate-precision-operations,nightwalker-sabotage,syndicate,nightwalker,win,2,nightwalker-sabotage,38,168,3,7,16,18,96,120,0,7,
161,1921725020,nightwalker-sabotage,syndicate-precision-operations,nightwalker,syndicate,win,1,nightwalker-sabotage,33,145,7,3,16,14,103,92,7,0,
162,281193493,syndicate-precision-operations,nightwalker-assassination,syndicate,nightwalker,win,2,nightwalker-assassination,38,157,3,7,12,18,77,107,0,7,
163,281193493,nightwalker-assassination,syndicate-precision-operations,nightwalker,syndicate,win,2,syndicate-precision-operations,16,72,1,5,4,8,38,38,0,7,
164,2935629262,syndicate-precision-operations,rogue-scavenger,syndicate,rogue,win,1,syndicate-precision-operations,17,75,4,0,7,5,53,33,7,0,
165,2935629262,rogue-scavenger,syndicate-precision-operations,rogue,syndicate,win,2,syndicate-precision-operations,26,122,3,7,3,10,46,77,0,7,
166,1295097735,syndicate-precision-operations,rogue-wildcard,syndicate,rogue,win,2,rogue-wildcard,20,91,1,5,4,9,45,55,0,7,
167,1295097735,rogue-wildcard,syndicate-precision-operations,rogue,syndicate,win,1,rogue-wildcard,21,101,6,2,12,6,74,69,7,0,
168,3949533504,nightwalker-sabotage,nightwalker-assassination,nightwalker,nightwalker,win,1,nightwalker-sabotage,65,269,9,5,27,29,156,201,7,0,
169,3949533504,nightwalker-assassination,nightwalker-sabotage,nightwalker,nightwalker,win,1,nightwalker-assassination,37,157,7,3,16,16,105,91,7,0,
170,2309001977,nightwalker-sabotage,rogue-scavenger,nightwalker,rogue,win,1,nightwalker-sabotage,29,146,6,2,13,9,108,63,7,0,
171,2309001977,rogue-scavenger,nightwalker-sabotage,rogue,nightwalker,win,2,nightwalker-sabotage,20,78,1,5,4,7,26,53,0,7,
172,668470450,nightwalker-sabotage,rogue-wildcard,nightwalker,rogue,win,1,nightwalker-sabotage,21,98,5,1,10,10,70,61,7,0,
173,668470450,rogue-wildcard,nightwalker-sabotage,rogue,nightwalker,win,1,rogue-wildcard,31,141,6,2,15,11,99,92,7,0,
174,3322906219,nightwalker-assassination,rogue-scavenger,nightwalker,rogue,win,1,nightwalker-assassination,29,131,6,2,13,10,108,54,7,0,
175,3322906219,rogue-scavenger,nightwalker-assassination,rogue,nightwalker,win,1,rogue-scavenger,51,242,11,7,21,22,115,197,7,0,
176,1682374692,nightwalker-assassination,rogue-wildcard,nightwalker,rogue,win,1,nightwalker-assassination,29,107,6,2,12,9,75,49,7,0,
177,1682374692,rogue-wildcard,nightwalker-assassination,rogue,nightwalker,win,1,rogue-wildcard,17,79,5,1,8,7,46,55,7,0,
178,41843165,rogue-scavenger,rogue-wildcard,rogue,rogue,win,2,rogue-wildcard,16,79,1,5,2,5,36,53,0,7,
179,41843165,rogue-wildcard,rogue-scavenger,rogue,rogue,win,2,rogue-scavenger,26,127,2,6,8,12,78,77,0,7,
180,2696278934,stonewall-bastion,stonewall-counteroffensive,stonewall,stonewall,win,1,stonewall-bastion,11,50,4,0,3,1,25,18,7,0,
181,2696278934,stonewall-counteroffensive,stonewall-bastion,stonewall,stonewall,win,2,stonewall-bastion,14,69,1,5,0,6,26,40,0,7,
182,1055747407,stonewall-bastion,bruiser-shock-assault,stonewall,bruiser,win,2,bruiser-shock-assault,16,76,1,5,5,6,31,59,0,7,
183,1055747407,bruiser-shock-assault,stonewall-bastion,bruiser,stonewall,win,2,stonewall-bastion,30,127,3,7,9,13,80,72,0,7,
184,3710183176,stonewall-bastion,bruiser-heavy-breakthrough,stonewall,bruiser,win,2,bruiser-heavy-breakthrough,12,55,1,5,1,5,19,33,0,7,
185,3710183176,bruiser-heavy-breakthrough,stonewall-bastion,bruiser,stonewall,win,1,bruiser-heavy-breakthrough,15,59,5,1,8,2,62,19,7,0,
186,2069651649,stonewall-bastion,syndicate-combined-arms,stonewall,syndicate,win,1,stonewall-bastion,17,87,5,1,7,4,45,47,7,0,
187,2069651649,syndicate-combined-arms,stonewall-bastion,syndicate,stonewall,win,1,syndicate-combined-arms,15,70,5,1,2,2,36,25,7,0,
188,429120122,stonewall-bastion,syndicate-precision-operations,stonewall,syndicate,win,1,stonewall-bastion,23,105,5,1,10,8,55,69,7,0,
189,429120122,syndicate-precision-operations,stonewall-bastion,syndicate,stonewall,win,1,syndicate-precision-operations,21,106,6,2,9,4,82,43,7,0,
190,3083555891,stonewall-bastion,nightwalker-sabotage,stonewall,nightwalker,win,1,stonewall-bastion,123,584,30,26,49,47,283,387,7,0,
191,3083555891,nightwalker-sabotage,stonewall-bastion,nightwalker,stonewall,win,2,stonewall-bastion,38,183,5,9,12,17,135,93,0,7,
192,1443024364,stonewall-bastion,nightwalker-assassination,stonewall,nightwalker,win,2,nightwalker-assassination,50,210,7,11,14,18,94,172,0,7,
193,1443024364,nightwalker-assassination,stonewall-bastion,nightwalker,stonewall,win,2,stonewall-bastion,30,141,2,6,11,12,116,63,0,7,
194,4097460133,stonewall-bastion,rogue-scavenger,stonewall,rogue,win,2,rogue-scavenger,14,63,1,5,1,2,14,18,0,7,
195,4097460133,rogue-scavenger,stonewall-bastion,rogue,stonewall,win,2,stonewall-bastion,16,79,1,5,1,4,21,42,0,7,
196,2456928606,stonewall-bastion,rogue-wildcard,stonewall,rogue,win,1,stonewall-bastion,93,452,31,27,28,30,245,276,7,0,
197,2456928606,rogue-wildcard,stonewall-bastion,rogue,stonewall,win,2,stonewall-bastion,16,80,1,5,2,4,37,36,0,7,
198,816397079,stonewall-counteroffensive,bruiser-shock-assault,stonewall,bruiser,win,1,stonewall-counteroffensive,31,137,6,2,15,13,77,107,7,0,
199,816397079,bruiser-shock-assault,stonewall-counteroffensive,bruiser,stonewall,win,2,stonewall-counteroffensive,34,146,2,6,12,17,94,75,0,7,
200,3470832848,stonewall-counteroffensive,bruiser-heavy-breakthrough,stonewall,bruiser,win,2,bruiser-heavy-breakthrough,14,64,1,5,2,7,23,47,0,7,
201,3470832848,bruiser-heavy-breakthrough,stonewall-counteroffensive,bruiser,stonewall,win,1,bruiser-heavy-breakthrough,15,66,5,1,5,2,41,25,7,0,
202,1830301321,stonewall-counteroffensive,syndicate-combined-arms,stonewall,syndicate,win,1,stonewall-counteroffensive,17,82,5,1,7,3,47,44,7,0,
203,1830301321,syndicate-combined-arms,stonewall-counteroffensive,syndicate,stonewall,win,2,stonewall-counteroffensive,22,102,3,7,5,7,48,50,0,7,
204,189769794,stonewall-counteroffensive,syndicate-precision-operations,stonewall,syndicate,win,1,stonewall-counteroffensive,31,145,7,3,14,13,97,100,7,0,
205,189769794,syndicate-precision-operations,stonewall-counteroffensive,syndicate,stonewall,win,2,stonewall-counteroffensive,16,76,1,5,3,5,43,36,0,7,
206,2844205563,stonewall-counteroffensive,nightwalker-sabotage,stonewall,nightwalker,win,2,nightwalker-sabotage,22,101,2,6,5,11,46,78,0,7,
207,2844205563,nightwalker-sabotage,stonewall-counteroffensive,nightwalker,stonewall,win,2,stonewall-counteroffensive,48,229,5,9,19,21,171,122,0,7,
208,1203674036,stonewall-counteroffensive,nightwalker-assassination,stonewall,nightwalker,win,2,nightwalker-assassination,14,63,1,5,2,6,20,40,0,7,
209,1203674036,nightwalker-assassination,stonewall-counteroffensive,nightwalker,stonewall,win,2,stonewall-counteroffensive,24,114,2,6,9,11,96,58,0,7,
210,3858109805,stonewall-counteroffensive,rogue-scavenger,stonewall,rogue,win,1,stonewall-counteroffensive,23,116,7,3,8,3,71,55,7,0,
211,3858109805,rogue-scavenger,stonewall-counteroffensive,rogue,stonewall,win,2,stonewall-counteroffensive,20,95,2,6,4,5,41,47,0,7,
212,2217578278,stonewall-counteroffensive,rogue-wildcard,stonewall,rogue,win,1,stonewall-counteroffensive,17,84,5,1,4,6,43,58,7,0,
213,2217578278,rogue-wildcard,stonewall-counteroffensive,rogue,stonewall,win,1,rogue-wildcard,15,73,5,1,4,2,41,37,7,0,
214,577046751,bruiser-shock-assault,bruiser-heavy-breakthrough,bruiser,bruiser,win,2,bruiser-heavy-breakthrough,40,155,2,6,14,19,92,113,0,7,
215,577046751,bruiser-heavy-breakthrough,bruiser-shock-assault,bruiser,bruiser,win,1,bruiser-heavy-breakthrough,17,71,4,0,9,5,50,35,7,0,
216,3231482520,bruiser-shock-assault,syndicate-combined-arms,bruiser,syndicate,win,2,syndicate-combined-arms,30,130,3,7,12,16,95,83,0,7,
217,3231482520,syndicate-combined-arms,bruiser-shock-assault,syndicate,bruiser,win,1,syndicate-combined-arms,25,113,6,2,14,10,69,76,7,0,
218,1590950993,bruiser-shock-assault,syndicate-precision-operations,bruiser,syndicate,win,2,syndicate-precision-operations,54,214,5,9,22,24,139,130,0,7,
219,1590950993,syndicate-precision-operations,bruiser-shock-assault,syndicate,bruiser,win,1,syndicate-precision-operations,35,149,7,3,17,13,89,99,7,0,
220,4245386762,bruiser-shock-assault,nightwalker-sabotage,bruiser,nightwalker,win,2,nightwalker-sabotage,28,114,2,6,11,14,72,66,0,7,
221,4245386762,nightwalker-sabotage,bruiser-shock-assault,nightwalker,bruiser,win,1,nightwalker-sabotage,29,125,6,2,16,10,81,73,7,0,
222,2604855235,bruiser-shock-assault,nightwalker-assassination,bruiser,nightwalker,win,2,nightwalker-assassination,28,108,1,5,11,14,63,72,0,7,
223,2604855235,nightwalker-assassination,bruiser-shock-assault,nightwalker,bruiser,win,1,nightwalker-assassination,21,85,5,1,13,6,62,44,7,0,
224,964323708,bruiser-shock-assault,rogue-scavenger,bruiser,rogue,win,1,bruiser-shock-assault,11,55,4,0,4,0,35,15,7,0,
225,964323708,rogue-scavenger,bruiser-shock-assault,rogue,bruiser,win,1,rogue-scavenger,17,86,5,1,7,4,35,44,7,0,
226,3618759477,bruiser-shock-assault,rogue-wildcard,bruiser,rogue,win,2,rogue-wildcard,18,82,1,5,5,12,52,59,0,7,
227,3618759477,rogue-wildcard,bruiser-shock-assault,rogue,bruiser,win,1,rogue-wildcard,37,145,6,2,18,15,97,101,7,0,
228,1978227950,bruiser-heavy-breakthrough,syndicate-combined-arms,bruiser,syndicate,win,1,bruiser-heavy-breakthrough,33,151,8,4,17,11,122,79,7,0,
229,1978227950,syndicate-combined-arms,bruiser-heavy-breakthrough,syndicate,bruiser,win,2,bruiser-heavy-breakthrough,48,219,5,9,18,26,112,177,0,7,
230,337696423,bruiser-heavy-breakthrough,syndicate-precision-operations,bruiser,syndicate,win,1,bruiser-heavy-breakthrough,27,104,5,1,12,6,87,47,7,0,
231,337696423,syndicate-precision-operations,bruiser-heavy-breakthrough,syndicate,bruiser,win,1,syndicate-precision-operations,35,139,6,2,14,14,77,99,7,0,
232,2992132192,bruiser-heavy-breakthrough,nightwalker-sabotage,bruiser,nightwalker,win,1,bruiser-heavy-breakthrough,91,359,12,8,39,36,272,225,7,0,
233,2992132192,nightwalker-sabotage,bruiser-heavy-breakthrough,nightwalker,bruiser,win,2,bruiser-heavy-breakthrough,92,371,9,13,37,43,229,304,0,7,
234,1351600665,bruiser-heavy-breakthrough,nightwalker-assassination,bruiser,nightwalker,win,1,bruiser-heavy-breakthrough,15,68,5,1,8,5,54,40,7,0,
235,1351600665,nightwalker-assassination,bruiser-heavy-breakthrough,nightwalker,bruiser,win,1,nightwalker-assassination,33,126,6,2,16,12,91,79,7,0,
236,4006036434,bruiser-heavy-breakthrough,rogue-scavenger,bruiser,rogue,win,1,bruiser-heavy-breakthrough,15,58,4,0,7,1,48,10,7,0,
237,4006036434,rogue-scavenger,bruiser-heavy-breakthrough,rogue,bruiser,win,2,bruiser-heavy-breakthrough,24,104,2,6,6,10,37,83,0,7,
238,2365504907,bruiser-heavy-breakthrough,rogue-wildcard,bruiser,rogue,win,1,bruiser-heavy-breakthrough,15,74,5,1,9,5,67,38,7,0,
239,2365504907,rogue-wildcard,bruiser-heavy-breakthrough,rogue,bruiser,win,2,bruiser-heavy-breakthrough,18,81,2,6,7,6,43,48,0,7,
240,724973380,syndicate-combined-arms,syndicate-precision-operations,syndicate,syndicate,win,1,syndicate-combined-arms,35,161,7,3,17,15,103,107,7,0,
241,724973380,syndicate-precision-operations,syndicate-combined-arms,syndicate,syndicate,win,2,syndicate-combined-arms,32,146,3,7,13,15,94,87,0,7,
242,3379409149,syndicate-combined-arms,nightwalker-sabotage,syndicate,nightwalker,win,1,syndicate-combined-arms,23,108,6,2,12,9,66,84,7,0,
243,3379409149,nightwalker-sabotage,syndicate-combined-arms,nightwalker,syndicate,win,2,syndicate-combined-arms,14,68,1,5,3,6,39,41,0,7,
244,1738877622,syndicate-combined-arms,nightwalker-assassination,syndicate,nightwalker,win,2,nightwalker-assassination,40,173,4,8,14,20,84,135,0,7,
245,1738877622,nightwalker-assassination,syndicate-combined-arms,nightwalker,syndicate,win,2,syndicate-combined-arms,36,156,3,7,17,17,125,88,0,7,
246,98346095,syndicate-combined-arms,rogue-scavenger,syndicate,rogue,win,2,rogue-scavenger,18,86,1,5,4,6,50,47,0,7,
247,98346095,rogue-scavenger,syndicate-combined-arms,rogue,syndicate,win,2,syndicate-combined-arms,20,99,2,6,4,4,39,43,0,7,
248,2752781864,syndicate-combined-arms,rogue-wildcard,syndicate,rogue,win,1,syndicate-combined-arms,11,50,4,0,5,1,24,25,7,0,
249,2752781864,rogue-wildcard,syndicate-combined-arms,rogue,syndicate,win,2,syndicate-combined-arms,26,119,2,6,8,12,70,84,0,7,
250,1112250337,syndicate-precision-operations,nightwalker-sabotage,syndicate,nightwalker,win,2,nightwalker-sabotage,40,175,3,7,15,19,96,115,0,7,
251,1112250337,nightwalker-sabotage,syndicate-precision-operations,nightwalker,syndicate,win,1,nightwalker-sabotage,17,67,4,0,7,4,35,30,7,0,
252,3766686106,syndicate-precision-operations,nightwalker-assassination,syndicate,nightwalker,win,2,nightwalker-assassination,22,100,1,5,9,13,57,80,0,7,
253,3766686106,nightwalker-assassination,syndicate-precision-operations,nightwalker,syndicate,win,1,nightwalker-assassination,17,72,5,1,10,3,62,31,7,0,
254,2126154579,syndicate-precision-operations,rogue-scavenger,syndicate,rogue,win,1,syndicate-precision-operations,15,68,4,0,4,3,45,22,7,0,
255,2126154579,rogue-scavenger,syndicate-precision-operations,rogue,syndicate,win,2,syndicate-precision-operations,62,304,8,12,22,27,152,211,0,7,
256,485623052,syndicate-precision-operations,rogue-wildcard,syndicate,rogue,win,2,rogue-wildcard,34,152,3,7,11,17,93,103,0,7,
257,485623052,rogue-wildcard,syndicate-precision-operations,rogue,syndicate,win,1,rogue-wildcard,21,98,5,1,12,7,71,66,7,0,
258,3140058821,nightwalker-sabotage,nightwalker-assassination,nightwalker,nightwalker,win,1,nightwalker-sabotage,29,108,5,1,10,9,56,66,7,0,
259,3140058821,nightwalker-assassination,nightwalker-sabotage,nightwalker,nightwalker,win,1,nightwalker-assassination,57,229,9,5,23,21,151,132,7,0,
260,1499527294,nightwalker-sabotage,rogue-scavenger,nightwalker,rogue,win,2,rogue-scavenger,40,188,4,8,13,14,109,76,0,7,
261,1499527294,rogue-scavenger,nightwalker-sabotage,rogue,nightwalker,win,1,rogue-scavenger,27,135,7,3,10,8,60,81,7,0,
262,4153963063,nightwalker-sabotage,rogue-wildcard,nightwalker,rogue,win,1,nightwalker-sabotage,47,205,7,3,18,20,149,134,7,0,
263,4153963063,rogue-wildcard,nightwalker-sabotage,rogue,nightwalker,win,2,nightwalker-sabotage,30,127,2,6,11,13,71,88,0,7,
264,2513431536,nightwalker-assassination,rogue-scavenger,nightwalker,rogue,win,2,rogue-scavenger,110,504,14,18,46,44,404,229,0,7,
265,2513431536,rogue-scavenger,nightwalker-assassination,rogue,nightwalker,win,2,nightwalker-assassination,42,179,4,8,13,18,73,137,0,7,
266,872900009,nightwalker-assassination,rogue-wildcard,nightwalker,rogue,win,1,nightwalker-assassination,39,166,6,2,16,15,122,88,7,0,
267,872900009,rogue-wildcard,nightwalker-assassination,rogue,nightwalker,win,2,nightwalker-assassination,38,157,2,6,15,17,93,130,0,7,
268,3527335778,rogue-scavenger,rogue-wildcard,rogue,rogue,win,1,rogue-scavenger,17,81,5,1,4,3,28,39,7,0,
269,3527335778,rogue-wildcard,rogue-scavenger,rogue,rogue,win,1,rogue-wildcard,23,95,5,1,10,5,72,39,7,0,
270,1886804251,stonewall-bastion,stonewall-counteroffensive,stonewall,stonewall,win,2,stonewall-counteroffensive,16,77,1,5,2,4,22,33,0,7,
271,1886804251,stonewall-counteroffensive,stonewall-bastion,stonewall,stonewall,win,2,stonewall-bastion,22,104,2,6,4,7,54,59,0,7,
272,246272724,stonewall-bastion,bruiser-shock-assault,stonewall,bruiser,win,1,stonewall-bastion,41,178,8,4,19,13,91,112,7,0,
273,246272724,bruiser-shock-assault,stonewall-bastion,bruiser,stonewall,win,1,bruiser-shock-assault,15,74,5,1,5,3,50,25,7,0,
274,2900708493,stonewall-bastion,bruiser-heavy-breakthrough,stonewall,bruiser,win,2,bruiser-heavy-breakthrough,50,221,6,10,17,22,110,193,0,7,
275,2900708493,bruiser-heavy-breakthrough,stonewall-bastion,bruiser,stonewall,win,1,bruiser-heavy-breakthrough,13,61,5,1,6,3,37,29,7,0,
276,1260176966,stonewall-bastion,syndicate-combined-arms,stonewall,syndicate,win,1,stonewall-bastion,15,72,5,1,3,1,35,29,7,0,
277,1260176966,syndicate-combined-arms,stonewall-bastion,syndicate,stonewall,win,2,stonewall-bastion,10,45,0,4,0,3,14,19,0,7,
278,3914612735,stonewall-bastion,syndicate-precision-operations,stonewall,syndicate,win,1,stonewall-bastion,11,50,4,0,1,1,15,19,7,0,
279,3914612735,syndicate-precision-operations,stonewall-bastion,syndicate,stonewall,win,1,syndicate-precision-operations,17,75,5,1,7,1,57,26,7,0,
280,2274081208,stonewall-bastion,nightwalker-sabotage,stonewall,nightwalker,win,2,nightwalker-sabotage,16,77,1,5,2,5,28,55,0,7,
281,2274081208,nightwalker-sabotage,stonewall-bastion,nightwalker,stonewall,win,1,nightwalker-sabotage,33,156,7,3,13,7,114,58,7,0,
282,633549681,stonewall-bastion,nightwalker-assassination,stonewall,nightwalker,win,2,nightwalker-assassination,42,181,4,8,13,17,80,158,0,7,
283,633549681,nightwalker-assassination,stonewall-bastion,nightwalker,stonewall,win,1,nightwalker-assassination,69,295,11,7,26,25,237,144,7,0,
284,3287985450,stonewall-bastion,rogue-scavenger,stonewall,rogue,win,1,stonewall-bastion,21,107,6,2,5,2,51,41,7,0,
285,3287985450,rogue-scavenger,stonewall-bastion,rogue,stonewall,win,1,rogue-scavenger,15,69,5,1,3,1,22,26,7,0,
286,1647453923,stonewall-bastion,rogue-wildcard,stonewall,rogue,win,1,stonewall-bastion,47,228,12,8,16,13,129,122,7,0,
287,1647453923,rogue-wildcard,stonewall-bastion,rogue,stonewall,win,2,stonewall-bastion,16,74,1,5,3,7,44,44,0,7,
288,6922396,stonewall-counteroffensive,bruiser-shock-assault,stonewall,bruiser,win,1,stonewall-counteroffensive,29,132,5,1,14,13,81,107,7,0,
289,6922396,bruiser-shock-assault,stonewall-counteroffensive,bruiser,stonewall,win,1,bruiser-shock-assault,29,137,7,3,14,14,102,75,7,0,
290,2661358165,stonewall-counteroffensive,bruiser-heavy-breakthrough,stonewall,bruiser,win,1,stonewall-counteroffensive,17,81,5,1,7,5,43,61,7,0,
291,2661358165,bruiser-heavy-breakthrough,stonewall-counteroffensive,bruiser,stonewall,win,2,stonewall-counteroffensive,18,87,2,6,3,9,53,56,0,7,
292,1020826638,stonewall-counteroffensive,syndicate-combined-arms,stonewall,syndicate,win,1,stonewall-counteroffensive,15,75,5,1,7,3,46,40,7,0,
293,1020826638,syndicate-combined-arms,stonewall-counteroffensive,syndicate,stonewall,win,1,syndicate-combined-arms,17,85,5,1,8,3,63,47,7,0,
294,3675262407,stonewall-counteroffensive,syndicate-precision-operations,stonewall,syndicate,win,1,stonewall-counteroffensive,11,52,4,0,5,0,29,25,7,0,
295,3675262407,syndicate-precision-operations,stonewall-counteroffensive,syndicate,stonewall,win,2,stonewall-counteroffensive,12,57,1,5,2,3,35,25,0,7,
296,2034730880,stonewall-counteroffensive,nightwalker-sabotage,stonewall,nightwalker,win,1,stonewall-counteroffensive,35,156,7,3,15,12,90,104,7,0,
297,2034730880,nightwalker-sabotage,stonewall-counteroffensive,nightwalker,stonewall,win,1,nightwalker-sabotage,19,89,5,1,10,5,66,32,7,0,
298,394199353,stonewall-counteroffensive,nightwalker-assassination,stonewall,nightwalker,win,2,nightwalker-assassination,46,198,5,9,15,19,93,156,0,7,
299,394199353,nightwalker-assassination,stonewall-counteroffensive,nightwalker,stonewall,win,2,stonewall-counteroffensive,24,99,1,5,8,10,75,51,0,7,
300,3048635122,stonewall-counteroffensive,rogue-scavenger,stonewall,rogue,win,1,stonewall-counteroffensive,19,92,6,2,7,3,61,43,7,0,
301,3048635122,rogue-scavenger,stonewall-counteroffensive,rogue,stonewall,win,1,rogue-scavenger,15,68,5,1,4,2,26,28,7,0,
302,1408103595,stonewall-counteroffensive,rogue-wildcard,stonewall,rogue,win,2,rogue-wildcard,36,165,4,8,6,14,96,121,0,7,
303,1408103595,rogue-wildcard,stonewall-counteroffensive,rogue,stonewall,win,2,stonewall-counteroffensive,18,82,1,5,5,8,53,53,0,7,
304,4062539364,bruiser-shock-assault,bruiser-heavy-breakthrough,bruiser,bruiser,win,2,bruiser-heavy-breakthrough,22,90,1,5,7,13,46,79,0,7,
305,4062539364,bruiser-heavy-breakthrough,bruiser-shock-assault,bruiser,bruiser,win,1,bruiser-heavy-breakthrough,29,104,5,1,13,11,71,61,7,0,
306,2422007837,bruiser-shock-assault,syndicate-combined-arms,bruiser,syndicate,win,2,syndicate-combined-arms,16,70,1,5,4,9,40,49,0,7,
307,2422007837,syndicate-combined-arms,bruiser-shock-assault,syndicate,bruiser,win,1,syndicate-combined-arms,31,135,7,3,16,10,76,90,7,0,
308,781476310,bruiser-shock-assault,syndicate-precision-operations,bruiser,syndicate,win,2,syndicate-precision-operations,42,169,3,7,16,20,110,104,0,7,
309,781476310,syndicate-precision-operations,bruiser-shock-assault,syndicate,bruiser,win,2,bruiser-shock-assault,16,77,1,5,4,11,35,59,0,7,
310,3435912079,bruiser-shock-assault,nightwalker-sabotage,bruiser,nightwalker,win,2,nightwalker-sabotage,36,147,2,6,13,17,85,87,0,7,
311,3435912079,nightwalker-sabotage,bruiser-shock-assault,nightwalker,bruiser,win,1,nightwalker-sabotage,25,116,5,1,14,10,74,78,7,0,
312,1795380552,bruiser-shock-assault,nightwalker-assassination,bruiser,nightwalker,win,2,nightwalker-assassination,36,138,2,6,12,18,67,83,0,7,
313,1795380552,nightwalker-assassination,bruiser-shock-assault,nightwalker,bruiser,win,1,nightwalker-assassination,31,112,6,2,15,11,71,60,7,0,
314,154849025,bruiser-shock-assault,rogue-scavenger,bruiser,rogue,win,1,bruiser-shock-assault,35,169,7,3,13,16,120,82,7,0,
315,154849025,rogue-scavenger,bruiser-shock-assault,rogue,bruiser,win,2,bruiser-shock-assault,22,108,2,6,8,9,49,66,0,7,
316,2809284794,bruiser-shock-assault,rogue-wildcard,bruiser,rogue,win,2,rogue-wildcard,32,130,2,6,10,15,83,78,0,7,
317,2809284794,rogue-wildcard,bruiser-shock-assault,rogue,bruiser,win,1,rogue-wildcard,31,130,6,2,15,11,86,96,7,0,
318,1168753267,bruiser-heavy-breakthrough,syndicate-combined-arms,bruiser,syndicate,win,2,syndicate-combined-arms,32,148,3,7,14,16,116,94,0,7,
319,1168753267,syndicate-combined-arms,bruiser-heavy-breakthrough,syndicate,bruiser,win,2,bruiser-heavy-breakthrough,20,91,2,6,4,10,30,59,0,7,
320,3823189036,bruiser-heavy-breakthrough,syndicate-precision-operations,bruiser,syndicate,win,1,bruiser-heavy-breakthrough,15,62,4,0,7,6,39,33,7,0,
321,3823189036,syndicate-precision-operations,bruiser-heavy-breakthrough,syndicate,bruiser,win,2,bruiser-heavy-breakthrough,42,166,4,8,14,21,95,139,0,7,
322,2182657509,bruiser-heavy-breakthrough,nightwalker-sabotage,bruiser,nightwalker,win,1,bruiser-heavy-breakthrough,37,146,7,3,17,13,114,96,7,0,
323,2182657509,nightwalker-sabotage,bruiser-heavy-breakthrough,nightwalker,bruiser,win,2,bruiser-heavy-breakthrough,30,125,2,6,9,17,66,103,0,7,
324,542125982,bruiser-heavy-breakthrough,nightwalker-assassination,bruiser,nightwalker,win,2,nightwalker-assassination,36,135,3,7,14,17,84,94,0,7,
325,542125982,nightwalker-assassination,bruiser-heavy-breakthrough,nightwalker,bruiser,win,1,nightwalker-assassination,37,141,7,3,16,13,93,80,7,0,
326,3196561751,bruiser-heavy-breakthrough,rogue-scavenger,bruiser,rogue,win,1,bruiser-heavy-breakthrough,27,120,6,2,11,8,91,50,7,0,
327,3196561751,rogue-scavenger,bruiser-heavy-breakthrough,rogue,bruiser,win,2,bruiser-heavy-breakthrough,18,64,1,5,3,7,25,52,0,7,
328,1556030224,bruiser-heavy-breakthrough,rogue-wildcard,bruiser,rogue,win,2,rogue-wildcard,38,161,3,7,14,16,123,88,0,7,
329,1556030224,rogue-wildcard,bruiser-heavy-breakthrough,rogue,bruiser,win,2,bruiser-heavy-breakthrough,20,85,1,5,7,10,48,73,0,7,
330,4210465993,syndicate-combined-arms,syndicate-precision-operations,syndicate,syndicate,win,1,syndicate-combined-arms,25,113,6,2,14,8,88,72,7,0,
331,4210465993,syndicate-precision-operations,syndicate-combined-arms,syndicate,syndicate,win,2,syndicate-combined-arms,32,146,4,8,13,17,91,96,0,7,
332,2569934466,syndicate-combined-arms,nightwalker-sabotage,syndicate,nightwalker,win,1,syndicate-combined-arms,43,191,8,4,19,19,114,142,7,0,
333,2569934466,nightwalker-sabotage,syndicate-combined-arms,nightwalker,syndicate,win,2,syndicate-combined-arms,28,124,2,6,10,14,90,81,0,7,
334,929402939,syndicate-combined-arms,nightwalker-assassination,syndicate,nightwalker,win,1,syndicate-combined-arms,11,48,4,0,4,1,26,27,7,0,
335,929402939,nightwalker-assassination,syndicate-combined-arms,nightwalker,syndicate,win,2,syndicate-combined-arms,30,133,2,6,15,13,105,73,0,7,
336,3583838708,syndicate-combined-arms,rogue-scavenger,syndicate,rogue,win,1,syndicate-combined-arms,17,83,5,1,7,4,56,38,7,0,
337,3583838708,rogue-scavenger,syndicate-combined-arms,rogue,syndicate,win,2,syndicate-combined-arms,14,68,1,5,3,5,31,37,0,7,
338,1943307181,syndicate-combined-arms,rogue-wildcard,syndicate,rogue,win,1,syndicate-combined-arms,21,91,6,2,10,8,66,64,7,0,
339,1943307181,rogue-wildcard,syndicate-combined-arms,rogue,syndicate,win,2,syndicate-combined-arms,20,96,1,5,7,10,55,69,0,7,
340,302775654,syndicate-precision-operations,nightwalker-sabotage,syndicate,nightwalker,win,1,syndicate-precision-operations,63,272,9,5,28,27,183,163,7,0,
341,302775654,nightwalker-sabotage,syndicate-precision-operations,nightwalker,syndicate,win,1,nightwalker-sabotage,13,59,4,0,6,2,39,29,7,0,
342,2957211423,syndicate-precision-operations,nightwalker-assassination,syndicate,nightwalker,win,2,nightwalker-assassination,34,142,3,7,10,17,69,106,0,7,
343,2957211423,nightwalker-assassination,syndicate-precision-operations,nightwalker,syndicate,win,1,nightwalker-assassination,27,118,6,2,14,11,89,69,7,0,
344,1316679896,syndicate-precision-operations,rogue-scavenger,syndicate,rogue,win,1,syndicate-precision-operations,41,195,9,5,18,13,132,94,7,0,
345,1316679896,rogue-scavenger,syndicate-precision-operations,rogue,syndicate,win,1,rogue-scavenger,25,122,6,2,12,7,73,78,7,0,
346,3971115665,syndicate-precision-operations,rogue-wildcard,syndicate,rogue,win,1,syndicate-precision-operations,33,145,6,2,13,13,93,85,7,0,
347,3971115665,rogue-wildcard,syndicate-precision-operations,rogue,syndicate,win,1,rogue-wildcard,37,173,8,4,18,11,120,102,7,0,
348,2330584138,nightwalker-sabotage,nightwalker-assassination,nightwalker,nightwalker,win,2,nightwalker-assassination,100,410,9,13,37,45,213,313,0,7,
349,2330584138,nightwalker-assassination,nightwalker-sabotage,nightwalker,nightwalker,win,1,nightwalker-assassination,33,134,6,2,14,12,87,72,7,0,
350,690052611,nightwalker-sabotage,rogue-scavenger,nightwalker,rogue,win,2,rogue-scavenger,84,417,11,15,34,37,302,218,0,7,
351,690052611,rogue-scavenger,nightwalker-sabotage,rogue,nightwalker,win,1,rogue-scavenger,23,115,6,2,10,8,65,73,7,0,
352,3344488380,nightwalker-sabotage,rogue-wildcard,nightwalker,rogue,win,2,rogue-wildcard,26,112,2,6,6,13,65,80,0,7,
353,3344488380,rogue-wildcard,nightwalker-sabotage,rogue,nightwalker,win,2,nightwalker-sabotage,22,101,2,6,6,10,52,69,0,7,
354,1703956853,nightwalker-assassination,rogue-scavenger,nightwalker,rogue,win,2,rogue-scavenger,42,181,3,7,17,18,144,88,0,7,
355,1703956853,rogue-scavenger,nightwalker-assassination,rogue,nightwalker,win,2,nightwalker-assassination,24,109,2,6,6,12,44,94,0,7,
356,63425326,nightwalker-assassination,rogue-wildcard,nightwalker,rogue,win,1,nightwalker-assassination,31,122,6,2,13,11,90,67,7,0,
357,63425326,rogue-wildcard,nightwalker-assassination,rogue,nightwalker,win,2,nightwalker-assassination,34,142,2,6,11,16,82,120,0,7,
358,2717861095,rogue-scavenger,rogue-wildcard,rogue,rogue,win,1,rogue-scavenger,23,110,6,2,7,5,51,58,7,0,
359,2717861095,rogue-wildcard,rogue-scavenger,rogue,rogue,win,2,rogue-scavenger,14,73,1,5,2,7,45,51,0,7,
360,1077329568,stonewall-bastion,stonewall-counteroffensive,stonewall,stonewall,win,2,stonewall-counteroffensive,14,68,1,5,1,3,28,32,0,7,
361,1077329568,stonewall-counteroffensive,stonewall-bastion,stonewall,stonewall,win,1,stonewall-counteroffensive,15,72,5,1,3,1,34,27,7,0,
362,3731765337,stonewall-bastion,bruiser-shock-assault,stonewall,bruiser,win,2,bruiser-shock-assault,16,77,1,5,3,6,25,50,0,7,
363,3731765337,bruiser-shock-assault,stonewall-bastion,bruiser,stonewall,win,2,stonewall-bastion,42,191,5,9,12,20,127,97,0,7,
364,2091233810,stonewall-bastion,bruiser-heavy-breakthrough,stonewall,bruiser,win,2,bruiser-heavy-breakthrough,12,57,1,5,1,7,16,53,0,7,
365,2091233810,bruiser-heavy-breakthrough,stonewall-bastion,bruiser,stonewall,win,1,bruiser-heavy-breakthrough,15,72,5,1,7,3,59,33,7,0,
366,450702283,stonewall-bastion,syndicate-combined-arms,stonewall,syndicate,win,2,syndicate-combined-arms,12,59,1,5,1,4,23,42,0,7,
367,450702283,syndicate-combined-arms,stonewall-bastion,syndicate,stonewall,win,2,stonewall-bastion,14,67,1,5,1,5,27,34,0,7,
368,3105138052,stonewall-bastion,syndicate-precision-operations,stonewall,syndicate,win,2,syndicate-precision-operations,98,467,15,19,34,39,229,339,0,7,
369,3105138052,syndicate-precision-operations,stonewall-bastion,syndicate,stonewall,win,2,stonewall-bastion,16,78,1,5,2,7,43,45,0,7,
370,1464606525,stonewall-bastion,nightwalker-sabotage,stonewall,nightwalker,win,1,stonewall-bastion,11,53,4,0,3,0,18,22,7,0,
371,1464606525,nightwalker-sabotage,stonewall-bastion,nightwalker,stonewall,win,2,stonewall-bastion,86,406,14,18,31,34,278,196,0,7,
372,4119042294,stonewall-bastion,nightwalker-assassination,stonewall,nightwalker,win,2,nightwalker-assassination,50,227,7,11,16,22,94,191,0,7,
373,4119042294,nightwalker-assassination,stonewall-bastion,nightwalker,stonewall,win,1,nightwalker-assassination,21,93,6,2,10,4,83,30,7,0,
374,2478510767,stonewall-bastion,rogue-scavenger,stonewall,rogue,win,1,stonewall-bastion,11,51,4,0,2,0,17,15,7,0,
375,2478510767,rogue-scavenger,stonewall-bastion,rogue,stonewall,win,1,rogue-scavenger,15,71,5,1,3,1,25,26,7,0,
376,837979240,stonewall-bastion,rogue-wildcard,stonewall,rogue,win,2,rogue-wildcard,16,71,1,5,2,2,23,20,0,7,
377,837979240,rogue-wildcard,stonewall-bastion,rogue,stonewall,win,2,stonewall-bastion,72,346,9,13,25,27,221,203,0,7,
378,3492415009,stonewall-counteroffensive,bruiser-shock-assault,stonewall,bruiser,win,2,bruiser-shock-assault,20,90,1,5,7,11,39,74,0,7,
379,3492415009,bruiser-shock-assault,stonewall-counteroffensive,bruiser,stonewall,win,2,stonewall-counteroffensive,30,137,2,6,11,15,96,71,0,7,
380,1851883482,stonewall-counteroffensive,bruiser-heavy-breakthrough,stonewall,bruiser,win,2,bruiser-heavy-breakthrough,28,129,2,6,11,12,69,97,0,7,
381,1851883482,bruiser-heavy-breakthrough,stonewall-counteroffensive,bruiser,stonewall,win,1,bruiser-heavy-breakthrough,13,59,5,1,7,1,51,18,7,0,
382,211351955,stonewall-counteroffensive,syndicate-combined-arms,stonewall,syndicate,win,1,stonewall-counteroffensive,13,61,5,1,6,1,38,29,7,0,
383,211351955,syndicate-combined-arms,stonewall-counteroffensive,syndicate,stonewall,win,2,stonewall-counteroffensive,10,46,0,4,0,2,15,18,0,7,
384,2865787724,stonewall-counteroffensive,syndicate-precision-operations,stonewall,syndicate,win,1,stonewall-counteroffensive,13,57,4,0,3,2,18,24,7,0,
385,2865787724,syndicate-precision-operations,stonewall-counteroffensive,syndicate,stonewall,win,1,syndicate-precision-operations,15,68,5,1,4,2,33,26,7,0,
386,1225256197,stonewall-counteroffensive,nightwalker-sabotage,stonewall,nightwalker,win,1,stonewall-counteroffensive,23,113,7,3,10,8,66,82,7,0,
387,1225256197,nightwalker-sabotage,stonewall-counteroffensive,nightwalker,stonewall,win,2,stonewall-counteroffensive,16,75,1,5,4,6,40,35,0,7,
388,3879691966,stonewall-counteroffensive,nightwalker-assassination,stonewall,nightwalker,win,2,nightwalker-assassination,40,166,4,8,11,18,79,130,0,7,
389,3879691966,nightwalker-assassination,stonewall-counteroffensive,nightwalker,stonewall,win,1,nightwalker-assassination,43,179,9,5,20,13,156,89,7,0,
390,2239160439,stonewall-counteroffensive,rogue-scavenger,stonewall,rogue,win,2,rogue-scavenger,22,106,3,7,4,7,53,48,0,7,
391,2239160439,rogue-scavenger,stonewall-counteroffensive,rogue,stonewall,win,1,rogue-scavenger,15,70,5,1,4,1,31,25,7,0,
392,598628912,stonewall-counteroffensive,rogue-wildcard,stonewall,rogue,win,1,stonewall-counteroffensive,9,40,4,0,1,0,12,8,7,0,
393,598628912,rogue-wildcard,stonewall-counteroffensive,rogue,stonewall,win,1,rogue-wildcard,13,55,5,1,5,1,28,19,7,0,
394,3253064681,bruiser-shock-assault,bruiser-heavy-breakthrough,bruiser,bruiser,win,2,bruiser-heavy-breakthrough,34,134,2,6,13,17,80,101,0,7,
395,3253064681,bruiser-heavy-breakthrough,bruiser-shock-assault,bruiser,bruiser,win,1,bruiser-heavy-breakthrough,17,69,4,0,8,4,51,28,7,0,
396,1612533154,bruiser-shock-assault,syndicate-combined-arms,bruiser,syndicate,win,2,syndicate-combined-arms,22,100,1,5,6,13,60,57,0,7,
397,1612533154,syndicate-combined-arms,bruiser-shock-assault,syndicate,bruiser,win,1,syndicate-combined-arms,17,72,5,1,8,6,35,45,7,0,
398,4266968923,bruiser-shock-assault,syndicate-precision-operations,bruiser,syndicate,win,2,syndicate-precision-operations,24,101,2,6,7,12,62,64,0,7,
399,4266968923,syndicate-precision-operations,bruiser-shock-assault,syndicate,bruiser,win,1,syndicate-precision-operations,43,164,7,3,20,17,105,109,7,0,
400,2626437396,bruiser-shock-assault,nightwalker-sabotage,bruiser,nightwalker,win,2,nightwalker-sabotage,24,100,1,5,8,13,50,67,0,7,
401,2626437396,nightwalker-sabotage,bruiser-shock-assault,nightwalker,bruiser,win,1,nightwalker-sabotage,35,137,6,2,18,14,96,91,7,0,
402,985905869,bruiser-shock-assault,nightwalker-assassination,bruiser,nightwalker,win,2,nightwalker-assassination,26,103,1,5,7,13,45,62,0,7,
403,985905869,nightwalker-assassination,bruiser-shock-assault,nightwalker,bruiser,win,1,nightwalker-assassination,17,69,5,1,9,5,46,27,7,0,
404,3640341638,bruiser-shock-assault,rogue-scavenger,bruiser,rogue,win,2,rogue-scavenger,20,97,1,5,5,9,49,48,0,7,
405,3640341638,rogue-scavenger,bruiser-shock-assault,rogue,bruiser,win,1,rogue-scavenger,47,219,11,7,22,19,116,153,7,0,
406,1999810111,bruiser-shock-assault,rogue-wildcard,bruiser,rogue,win,2,rogue-wildcard,54,218,4,8,21,25,162,137,0,7,
407,1999810111,rogue-wildcard,bruiser-shock-assault,rogue,bruiser,win,1,rogue-wildcard,25,107,5,1,14,10,75,68,7,0,
408,359278584,bruiser-heavy-breakthrough,syndicate-combined-arms,bruiser,syndicate,win,1,bruiser-heavy-breakthrough,27,116,6,2,16,9,101,62,7,0,
409,359278584,syndicate-combined-arms,bruiser-heavy-breakthrough,syndicate,bruiser,win,1,syndicate-combined-arms,19,89,6,2,8,6,48,69,7,0,
410,3013714353,bruiser-heavy-breakthrough,syndicate-precision-operations,bruiser,syndicate,win,1,bruiser-heavy-breakthrough,31,120,6,2,15,10,107,70,7,0,
411,3013714353,syndicate-precision-operations,bruiser-heavy-breakthrough,syndicate,bruiser,win,2,bruiser-heavy-breakthrough,28,114,2,6,7,14,54,90,0,7,
412,1373182826,bruiser-heavy-breakthrough,nightwalker-sabotage,bruiser,nightwalker,win,1,bruiser-heavy-breakthrough,15,59,4,0,6,3,34,23,7,0,
413,1373182826,nightwalker-sabotage,bruiser-heavy-breakthrough,nightwalker,bruiser,win,1,nightwalker-sabotage,21,80,5,1,10,6,56,45,7,0,
414,4027618595,bruiser-heavy-breakthrough,nightwalker-assassination,bruiser,nightwalker,win,1,bruiser-heavy-breakthrough,13,55,5,1,7,3,40,27,7,0,
415,4027618595,nightwalker-assassination,bruiser-heavy-breakthrough,nightwalker,bruiser,win,2,bruiser-heavy-breakthrough,44,173,3,7,17,21,116,123,0,7,
416,2387087068,bruiser-heavy-breakthrough,rogue-scavenger,bruiser,rogue,win,1,bruiser-heavy-breakthrough,19,78,5,1,9,4,65,29,7,0,
417,2387087068,rogue-scavenger,bruiser-heavy-breakthrough,rogue,bruiser,win,2,bruiser-heavy-breakthrough,16,72,1,5,4,7,24,49,0,7,
418,746555541,bruiser-heavy-breakthrough,rogue-wildcard,bruiser,rogue,win,1,bruiser-heavy-breakthrough,23,92,5,1,10,8,67,53,7,0,
419,746555541,rogue-wildcard,bruiser-heavy-breakthrough,rogue,bruiser,win,2,bruiser-heavy-breakthrough,42,160,3,7,15,18,101,126,0,7,
420,3400991310,syndicate-combined-arms,syndicate-precision-operations,syndicate,syndicate,win,1,syndicate-combined-arms,23,98,5,1,12,5,62,57,7,0,
421,3400991310,syndicate-precision-operations,syndicate-combined-arms,syndicate,syndicate,win,2,syndicate-combined-arms,36,169,5,9,15,18,123,106,0,7,
422,1760459783,syndicate-combined-arms,nightwalker-sabotage,syndicate,nightwalker,win,2,nightwalker-sabotage,28,128,2,6,9,18,70,115,0,7,
423,1760459783,nightwalker-sabotage,syndicate-combined-arms,nightwalker,syndicate,win,2,syndicate-combined-arms,42,192,5,9,15,21,144,121,0,7,
424,119928256,syndicate-combined-arms,nightwalker-assassination,syndicate,nightwalker,win,1,syndicate-combined-arms,43,195,8,4,20,21,105,157,7,0,
425,119928256,nightwalker-assassination,syndicate-combined-arms,nightwalker,syndicate,win,2,syndicate-combined-arms,108,427,10,14,49,42,329,234,0,7,
426,2774364025,syndicate-combined-arms,rogue-scavenger,syndicate,rogue,win,1,syndicate-combined-arms,21,104,6,2,10,5,74,60,7,0,
427,2774364025,rogue-scavenger,syndicate-combined-arms,rogue,syndicate,win,2,syndicate-combined-arms,22,109,2,6,6,8,46,60,0,7,
428,1133832498,syndicate-combined-arms,rogue-wildcard,syndicate,rogue,win,1,syndicate-combined-arms,21,104,6,2,9,8,64,76,7,0,
429,1133832498,rogue-wildcard,syndicate-combined-arms,rogue,syndicate,win,2,syndicate-combined-arms,18,87,1,5,7,8,59,58,0,7,
430,3788268267,syndicate-precision-operations,nightwalker-sabotage,syndicate,nightwalker,win,1,syndicate-precision-operations,17,73,5,1,9,4,46,39,7,0,
431,3788268267,nightwalker-sabotage,syndicate-precision-operations,nightwalker,syndicate,win,1,nightwalker-sabotage,33,143,6,2,16,12,101,82,7,0,
432,2147736740,syndicate-precision-operations,nightwalker-assassination,syndicate,nightwalker,win,2,nightwalker-assassination,28,106,2,6,8,14,60,75,0,7,
433,2147736740,nightwalker-assassination,syndicate-precision-operations,nightwalker,syndicate,win,1,nightwalker-assassination,29,121,6,2,13,9,77,61,7,0,
434,507205213,syndicate-precision-operations,rogue-scavenger,syndicate,rogue,win,1,syndicate-precision-operations,29,134,6,2,10,11,86,77,7,0,
435,507205213,rogue-scavenger,syndicate-precision-operations,rogue,syndicate,win,2,syndicate-precision-operations,18,74,1,5,3,5,33,47,0,7,
436,3161640982,syndicate-precision-operations,rogue-wildcard,syndicate,rogue,win,1,syndicate-precision-operations,61,261,9,5,24,26,164,163,7,0,
437,3161640982,rogue-wildcard,syndicate-precision-operations,rogue,syndicate,win,1,rogue-wildcard,19,85,5,1,10,5,60,51,7,0,
438,1521109455,nightwalker-sabotage,nightwalker-assassination,nightwalker,nightwalker,win,1,nightwalker-sabotage,85,343,11,7,34,33,199,236,7,0,
439,1521109455,nightwalker-assassination,nightwalker-sabotage,nightwalker,nightwalker,win,2,nightwalker-sabotage,24,102,2,6,7,13,58,67,0,7,
440,4175545224,nightwalker-sabotage,rogue-scavenger,nightwalker,rogue,win,2,rogue-scavenger,22,107,2,6,6,9,60,51,0,7,
441,4175545224,rogue-scavenger,nightwalker-sabotage,rogue,nightwalker,win,1,rogue-scavenger,61,288,11,7,25,25,147,203,7,0,
442,2535013697,nightwalker-sabotage,rogue-wildcard,nightwalker,rogue,win,1,nightwalker-sabotage,39,149,7,3,15,13,96,84,7,0,
443,2535013697,rogue-wildcard,nightwalker-sabotage,rogue,nightwalker,win,2,nightwalker-sabotage,30,133,2,6,13,13,77,95,0,7,
444,894482170,nightwalker-assassination,rogue-scavenger,nightwalker,rogue,win,2,rogue-scavenger,96,462,12,16,44,40,371,220,0,7,
445,894482170,rogue-scavenger,nightwalker-assassination,rogue,nightwalker,win,1,rogue-scavenger,123,558,19,15,46,50,261,462,7,0,
446,3548917939,nightwalker-assassination,rogue-wildcard,nightwalker,rogue,win,1,nightwalker-assassination,27,118,5,1,11,10,83,60,7,0,
447,3548917939,rogue-wildcard,nightwalker-assassination,rogue,nightwalker,win,1,rogue-wildcard,17,77,5,1,7,6,42,41,7,0,
448,1908386412,rogue-scavenger,rogue-wildcard,rogue,rogue,win,2,rogue-wildcard,32,152,3,7,7,13,78,100,0,7,
449,1908386412,rogue-wildcard,rogue-scavenger,rogue,rogue,win,1,rogue-wildcard,37,187,7,3,15,12,131,97,7,0,
450,267854885,stonewall-bastion,stonewall-counteroffensive,stonewall,stonewall,win,2,stonewall-counteroffensive,10,45,0,4,1,2,13,14,0,7,
451,267854885,stonewall-counteroffensive,stonewall-bastion,stonewall,stonewall,win,2,stonewall-bastion,16,75,1,5,0,4,23,34,0,7,
452,2922290654,stonewall-bastion,bruiser-shock-assault,stonewall,bruiser,win,2,bruiser-shock-assault,16,69,1,5,3,5,25,34,0,7,
453,2922290654,bruiser-shock-assault,stonewall-bastion,bruiser,stonewall,win,1,bruiser-shock-assault,21,101,6,2,7,6,64,44,7,0,
454,1281759127,stonewall-bastion,bruiser-heavy-breakthrough,stonewall,bruiser,win,1,stonewall-bastion,17,81,5,1,7,4,44,49,7,0,
455,1281759127,bruiser-heavy-breakthrough,stonewall-bastion,bruiser,stonewall,win,1,bruiser-heavy-breakthrough,13,59,5,1,6,2,40,26,7,0,
456,3936194896,stonewall-bastion,syndicate-combined-arms,stonewall,syndicate,win,2,syndicate-combined-arms,14,59,1,5,1,2,25,21,0,7,
457,3936194896,syndicate-combined-arms,stonewall-bastion,syndicate,stonewall,win,2,stonewall-bastion,20,98,2,6,4,8,56,48,0,7,
458,2295663369,stonewall-bastion,syndicate-precision-operations,stonewall,syndicate,win,2,syndicate-precision-operations,44,199,5,9,15,17,106,135,0,7,
459,2295663369,syndicate-precision-operations,stonewall-bastion,syndicate,stonewall,win,2,stonewall-bastion,16,77,1,5,5,6,49,38,0,7,
460,655131842,stonewall-bastion,nightwalker-sabotage,stonewall,nightwalker,win,2,nightwalker-sabotage,14,56,1,5,1,3,25,25,0,7,
461,655131842,nightwalker-sabotage,stonewall-bastion,nightwalker,stonewall,win,2,stonewall-bastion,16,75,1,5,5,6,46,34,0,7,
462,3309567611,stonewall-bastion,nightwalker-assassination,stonewall,nightwalker,win,2,nightwalker-assassination,34,165,4,8,10,16,56,138,0,7,
463,3309567611,nightwalker-assassination,stonewall-bastion,nightwalker,stonewall,win,1,nightwalker-assassination,35,154,8,4,16,9,142,57,7,0,
464,1669036084,stonewall-bastion,rogue-scavenger,stonewall,rogue,win,1,stonewall-bastion,23,110,7,3,6,2,51,37,7,0,
465,1669036084,rogue-scavenger,stonewall-bastion,rogue,stonewall,win,2,stonewall-bastion,12,58,1,5,1,3,24,29,0,7,
466,28504557,stonewall-bastion,rogue-wildcard,stonewall,rogue,win,1,stonewall-bastion,43,202,11,7,15,12,104,128,7,0,
467,28504557,rogue-wildcard,stonewall-bastion,rogue,stonewall,win,2,stonewall-bastion,14,67,1,5,1,4,31,29,0,7,
468,2682940326,stonewall-counteroffensive,bruiser-shock-assault,stonewall,bruiser,win,1,stonewall-counteroffensive,17,79,5,1,8,5,41,48,7,0,
469,2682940326,bruiser-shock-assault,stonewall-counteroffensive,bruiser,stonewall,win,1,bruiser-shock-assault,17,79,5,1,6,5,47,36,7,0,
470,1042408799,stonewall-counteroffensive,bruiser-heavy-breakthrough,stonewall,bruiser,win,2,bruiser-heavy-breakthrough,20,94,2,6,6,9,50,66,0,7,
471,1042408799,bruiser-heavy-breakthrough,stonewall-counteroffensive,bruiser,stonewall,win,1,bruiser-heavy-breakthrough,15,67,5,1,8,2,54,25,7,0,
472,3696844568,stonewall-counteroffensive,syndicate-combined-arms,stonewall,syndicate,win,2,syndicate-combined-arms,34,164,5,9,9,14,85,112,0,7,
473,3696844568,syndicate-combined-arms,stonewall-counteroffensive,syndicate,stonewall,win,2,stonewall-counteroffensive,16,79,1,5,1,7,42,39,0,7,
474,2056313041,stonewall-counteroffensive,syndicate-precision-operations,stonewall,syndicate,win,1,stonewall-counteroffensive,11,52,4,0,1,1,19,21,7,0,
475,2056313041,syndicate-precision-operations,stonewall-counteroffensive,syndicate,stonewall,win,1,syndicate-precision-operations,25,120,6,2,11,8,71,60,7,0,
476,415781514,stonewall-counteroffensive,nightwalker-sabotage,stonewall,nightwalker,win,2,nightwalker-sabotage,34,150,3,7,12,16,69,113,0,7,
477,415781514,nightwalker-sabotage,stonewall-counteroffensive,nightwalker,stonewall,win,2,stonewall-counteroffensive,18,88,1,5,5,9,52,47,0,7,
478,3070217283,stonewall-counteroffensive,nightwalker-assassination,stonewall,nightwalker,win,2,nightwalker-assassination,18,86,1,5,7,9,39,63,0,7,
479,3070217283,nightwalker-assassination,stonewall-counteroffensive,nightwalker,stonewall,win,1,nightwalker-assassination,59,251,11,7,27,21,208,132,7,0,
480,1429685756,stonewall-counteroffensive,rogue-scavenger,stonewall,rogue,win,1,stonewall-counteroffensive,11,49,4,0,2,1,22,11,7,0,
481,1429685756,rogue-scavenger,stonewall-counteroffensive,rogue,stonewall,win,2,stonewall-counteroffensive,10,49,0,4,0,3,17,24,0,7,
482,4084121525,stonewall-counteroffensive,rogue-wildcard,stonewall,rogue,win,2,rogue-wildcard,12,55,1,5,1,3,27,33,0,7,
483,4084121525,rogue-wildcard,stonewall-counteroffensive,rogue,stonewall,win,2,stonewall-counteroffensive,16,76,1,5,5,6,43,44,0,7,
484,2443589998,bruiser-shock-assault,bruiser-heavy-breakthrough,bruiser,bruiser,win,2,bruiser-heavy-breakthrough,28,105,2,6,8,15,51,84,0,7,
485,2443589998,bruiser-heavy-breakthrough,bruiser-shock-assault,bruiser,bruiser,win,1,bruiser-heavy-breakthrough,21,75,5,1,11,7,64,42,7,0,
486,803058471,bruiser-shock-assault,syndicate-combined-arms,bruiser,syndicate,win,2,syndicate-combined-arms,40,162,4,8,15,19,114,95,0,7,
487,803058471,syndicate-combined-arms,bruiser-shock-assault,syndicate,bruiser,win,1,syndicate-combined-arms,29,126,6,2,14,12,74,88,7,0,
488,3457494240,bruiser-shock-assault,syndicate-precision-operations,bruiser,syndicate,win,2,syndicate-precision-operations,22,89,1,5,7,12,54,61,0,7,
489,3457494240,syndicate-precision-operations,bruiser-shock-assault,syndicate,bruiser,win,2,bruiser-shock-assault,10,44,0,4,1,3,14,22,0,7,
490,1816962713,bruiser-shock-assault,nightwalker-sabotage,bruiser,nightwalker,win,2,nightwalker-sabotage,44,186,3,7,17,21,108,114,0,7,
491,1816962713,nightwalker-sabotage,bruiser-shock-assault,nightwalker,bruiser,win,1,nightwalker-sabotage,17,70,4,0,9,4,44,32,7,0,
492,176431186,bruiser-shock-assault,nightwalker-assassination,bruiser,nightwalker,win,2,nightwalker-assassination,28,109,1,5,9,14,44,71,0,7,
493,176431186,nightwalker-assassination,bruiser-shock-assault,nightwalker,bruiser,win,1,nightwalker-assassination,19,75,4,0,8,8,45,42,7,0,
494,2830866955,bruiser-shock-assault,rogue-scavenger,bruiser,rogue,win,2,rogue-scavenger,48,217,6,10,13,23,154,113,0,7,
495,2830866955,rogue-scavenger,bruiser-shock-assault,rogue,bruiser,win,2,bruiser-shock-assault,22,97,1,5,7,9,38,69,0,7,
496,1190335428,bruiser-shock-assault,rogue-wildcard,bruiser,rogue,win,1,bruiser-shock-assault,15,62,4,0,7,4,43,26,7,0,
497,1190335428,rogue-wildcard,bruiser-shock-assault,rogue,bruiser,win,1,rogue-wildcard,29,121,6,2,14,11,68,79,7,0,
498,3844771197,bruiser-heavy-breakthrough,syndicate-combined-arms,bruiser,syndicate,win,2,syndicate-combined-arms,20,94,2,6,6,10,58,60,0,7,
499,3844771197,syndicate-combined-arms,bruiser-heavy-breakthrough,syndicate,bruiser,win,2,bruiser-heavy-breakthrough,30,139,4,8,9,16,68,111,0,7,
500,2204239670,bruiser-heavy-breakthrough,syndicate-precision-operations,bruiser,syndicate,win,2,syndicate-precision-operations,20,83,1,5,6,11,51,63,0,7,
501,2204239670,syndicate-precision-operations,bruiser-heavy-breakthrough,syndicate,bruiser,win,1,syndicate-precision-operations,31,128,6,2,14,12,78,92,7,0,
502,563708143,bruiser-heavy-breakthrough,nightwalker-sabotage,bruiser,nightwalker,win,2,nightwalker-sabotage,76,302,6,10,30,33,219,186,0,7,
503,563708143,nightwalker-sabotage,bruiser-heavy-breakthrough,nightwalker,bruiser,win,1,nightwalker-sabotage,39,143,8,4,17,11,97,99,7,0,
504,3218143912,bruiser-heavy-breakthrough,nightwalker-assassination,bruiser,nightwalker,win,1,bruiser-heavy-breakthrough,35,128,6,2,15,12,84,88,7,0,
505,3218143912,nightwalker-assassination,bruiser-heavy-breakthrough,nightwalker,bruiser,win,1,nightwalker-assassination,49,180,8,4,24,17,136,112,7,0,
506,1577612385,bruiser-heavy-breakthrough,rogue-scavenger,bruiser,rogue,win,1,bruiser-heavy-breakthrough,17,76,5,1,7,4,58,31,7,0,
507,1577612385,rogue-scavenger,bruiser-heavy-breakthrough,rogue,bruiser,win,2,bruiser-heavy-breakthrough,26,121,2,6,6,11,43,85,0,7,
508,4232048154,bruiser-heavy-breakthrough,rogue-wildcard,bruiser,rogue,win,1,bruiser-heavy-breakthrough,21,87,5,1,10,7,75,46,7,0,
509,4232048154,rogue-wildcard,bruiser-heavy-breakthrough,rogue,bruiser,win,2,bruiser-heavy-breakthrough,34,124,2,6,10,14,64,88,0,7,
510,2591516627,syndicate-combined-arms,syndicate-precision-operations,syndicate,syndicate,win,1,syndicate-combined-arms,15,62,4,0,6,3,42,33,7,0,
511,2591516627,syndicate-precision-operations,syndicate-combined-arms,syndicate,syndicate,win,2,syndicate-combined-arms,34,153,3,7,15,15,109,88,0,7,
512,950985100,syndicate-combined-arms,nightwalker-sabotage,syndicate,nightwalker,win,1,syndicate-combined-arms,15,71,5,1,5,6,35,47,7,0,
513,950985100,nightwalker-sabotage,syndicate-combined-arms,nightwalker,syndicate,win,2,syndicate-combined-arms,64,298,7,11,30,28,210,179,0,7,
514,3605420869,syndicate-combined-arms,nightwalker-assassination,syndicate,nightwalker,win,1,syndicate-combined-arms,15,69,5,1,6,4,35,46,7,0,
515,3605420869,nightwalker-assassination,syndicate-combined-arms,nightwalker,syndicate,win,1,nightwalker-assassination,47,200,8,4,25,17,167,106,7,0,
516,1964889342,syndicate-combined-arms,rogue-scavenger,syndicate,rogue,win,1,syndicate-combined-arms,15,74,5,1,6,2,46,35,7,0,
517,1964889342,rogue-scavenger,syndicate-combined-arms,rogue,syndicate,win,1,rogue-scavenger,15,69,5,1,5,2,34,29,7,0,
518,324357815,syndicate-combined-arms,rogue-wildcard,syndicate,rogue,win,1,syndicate-combined-arms,31,155,7,3,13,11,95,93,7,0,
519,324357815,rogue-wildcard,syndicate-combined-arms,rogue,syndicate,win,2,syndicate-combined-arms,20,90,1,5,6,9,52,55,0,7,
520,2978793584,syndicate-precision-operations,nightwalker-sabotage,syndicate,nightwalker,win,2,nightwalker-sabotage,36,150,3,7,13,17,79,101,0,7,
521,2978793584,nightwalker-sabotage,syndicate-precision-operations,nightwalker,syndicate,win,1,nightwalker-sabotage,21,99,6,2,12,6,74,51,7,0,
522,1338262057,syndicate-precision-operations,nightwalker-assassination,syndicate,nightwalker,win,2,nightwalker-assassination,16,70,1,5,4,8,29,46,0,7,
523,1338262057,nightwalker-assassination,syndicate-precision-operations,nightwalker,syndicate,win,1,nightwalker-assassination,23,105,5,1,11,8,75,53,7,0,
524,3992697826,syndicate-precision-operations,rogue-scavenger,syndicate,rogue,win,1,syndicate-precision-operations,27,132,6,2,13,10,91,69,7,0,
525,3992697826,rogue-scavenger,syndicate-precision-operations,rogue,syndicate,win,2,syndicate-precision-operations,26,126,2,6,7,13,59,96,0,7,
526,2352166299,syndicate-precision-operations,rogue-wildcard,syndicate,rogue,win,1,syndicate-precision-operations,15,66,5,1,6,4,45,37,7,0,
527,2352166299,rogue-wildcard,syndicate-precision-operations,rogue,syndicate,win,2,syndicate-precision-operations,34,151,2,6,14,14,101,100,0,7,
528,711634772,nightwalker-sabotage,nightwalker-assassination,nightwalker,nightwalker,win,2,nightwalker-assassination,32,138,2,6,12,15,69,97,0,7,
529,711634772,nightwalker-assassination,nightwalker-sabotage,nightwalker,nightwalker,win,1,nightwalker-assassination,49,190,8,4,23,16,137,95,7,0,
530,3366070541,nightwalker-sabotage,rogue-scavenger,nightwalker,rogue,win,2,rogue-scavenger,22,111,2,6,6,8,71,49,0,7,
531,3366070541,rogue-scavenger,nightwalker-sabotage,rogue,nightwalker,win,2,nightwalker-sabotage,22,96,2,6,5,10,36,71,0,7,
532,1725539014,nightwalker-sabotage,rogue-wildcard,nightwalker,rogue,win,1,nightwalker-sabotage,23,98,5,1,11,9,74,59,7,0,
533,1725539014,rogue-wildcard,nightwalker-sabotage,rogue,nightwalker,win,2,nightwalker-sabotage,26,115,1,5,9,11,57,76,0,7,
534,85007487,nightwalker-assassination,rogue-scavenger,nightwalker,rogue,win,2,rogue-scavenger,30,145,3,7,13,14,106,70,0,7,
535,85007487,rogue-scavenger,nightwalker-assassination,rogue,nightwalker,win,2,nightwalker-assassination,14,67,1,5,4,6,26,50,0,7,
536,2739443256,nightwalker-assassination,rogue-wildcard,nightwalker,rogue,win,1,nightwalker-assassination,27,106,6,2,13,8,82,58,7,0,
537,2739443256,rogue-wildcard,nightwalker-assassination,rogue,nightwalker,win,2,nightwalker-assassination,46,183,4,8,17,19,110,139,0,7,
538,1098911729,rogue-scavenger,rogue-wildcard,rogue,rogue,win,2,rogue-wildcard,14,71,1,5,1,5,26,40,0,7,
539,1098911729,rogue-wildcard,rogue-scavenger,rogue,rogue,win,1,rogue-wildcard,23,106,6,2,10,5,76,43,7,0,
540,3753347498,stonewall-bastion,stonewall-counteroffensive,stonewall,stonewall,win,2,stonewall-counteroffensive,16,80,1,5,2,3,43,38,0,7,
541,3753347498,stonewall-counteroffensive,stonewall-bastion,stonewall,stonewall,win,1,stonewall-counteroffensive,15,76,5,1,3,1,33,39,7,0,
542,2112815971,stonewall-bastion,bruiser-shock-assault,stonewall,bruiser,win,1,stonewall-bastion,47,190,8,4,22,15,111,142,7,0,
543,2112815971,bruiser-shock-assault,stonewall-bastion,bruiser,stonewall,win,2,stonewall-bastion,16,80,1,5,5,10,59,57,0,7,
544,472284444,stonewall-bastion,bruiser-heavy-breakthrough,stonewall,bruiser,win,2,bruiser-heavy-breakthrough,22,110,2,6,5,8,43,78,0,7,
545,472284444,bruiser-heavy-breakthrough,stonewall-bastion,bruiser,stonewall,win,2,stonewall-bastion,22,100,2,6,4,10,69,55,0,7,
546,3126720213,stonewall-bastion,syndicate-combined-arms,stonewall,syndicate,win,2,syndicate-combined-arms,16,79,1,5,2,6,38,49,0,7,
547,3126720213,syndicate-combined-arms,stonewall-bastion,syndicate,stonewall,win,2,stonewall-bastion,10,46,0,4,0,3,14,23,0,7,
548,1486188686,stonewall-bastion,syndicate-precision-operations,stonewall,syndicate,win,2,syndicate-precision-operations,22,108,2,6,6,9,51,77,0,7,
549,1486188686,syndicate-precision-operations,stonewall-bastion,syndicate,stonewall,win,2,stonewall-bastion,14,64,1,5,3,5,36,30,0,7,
550,4140624455,stonewall-bastion,nightwalker-sabotage,stonewall,nightwalker,win,1,stonewall-bastion,11,49,4,0,3,1,17,23,7,0,
551,4140624455,nightwalker-sabotage,stonewall-bastion,nightwalker,stonewall,win,2,stonewall-bastion,22,107,2,6,7,8,57,48,0,7,
552,2500092928,stonewall-bastion,nightwalker-assassination,stonewall,nightwalker,win,2,nightwalker-assassination,40,183,5,9,11,14,81,143,0,7,
553,2500092928,nightwalker-assassination,stonewall-bastion,nightwalker,stonewall,win,1,nightwalker-assassination,41,189,9,5,18,14,154,82,7,0,
554,859561401,stonewall-bastion,rogue-scavenger,stonewall,rogue,win,2,rogue-scavenger,14,73,1,5,1,6,39,49,0,7,
555,859561401,rogue-scavenger,stonewall-bastion,rogue,stonewall,win,2,stonewall-bastion,22,112,2,6,4,9,60,59,0,7,
556,3513997170,stonewall-bastion,rogue-wildcard,stonewall,rogue,win,2,rogue-wildcard,82,387,22,26,14,33,172,256,0,7,
557,3513997170,rogue-wildcard,stonewall-bastion,rogue,stonewall,win,1,rogue-wildcard,9,41,4,0,2,1,20,14,7,0,
558,1873465643,stonewall-counteroffensive,bruiser-shock-assault,stonewall,bruiser,win,1,stonewall-counteroffensive,19,85,5,1,10,5,47,53,7,0,
559,1873465643,bruiser-shock-assault,stonewall-counteroffensive,bruiser,stonewall,win,1,bruiser-shock-assault,19,86,5,1,10,9,69,51,7,0,
560,232934116,stonewall-counteroffensive,bruiser-heavy-breakthrough,stonewall,bruiser,win,2,bruiser-heavy-breakthrough,18,77,1,5,4,8,36,64,0,7,
561,232934116,bruiser-heavy-breakthrough,stonewall-counteroffensive,bruiser,stonewall,win,1,bruiser-heavy-breakthrough,11,48,4,0,6,2,35,19,7,0,
562,2887369885,stonewall-counteroffensive,syndicate-combined-arms,stonewall,syndicate,win,1,stonewall-counteroffensive,15,72,5,1,8,1,45,37,7,0,
563,2887369885,syndicate-combined-arms,stonewall-counteroffensive,syndicate,stonewall,win,2,stonewall-counteroffensive,10,48,0,4,0,3,20,24,0,7,
564,1246838358,stonewall-counteroffensive,syndicate-precision-operations,stonewall,syndicate,win,1,stonewall-counteroffensive,33,161,7,3,16,13,97,104,7,0,
565,1246838358,syndicate-precision-operations,stonewall-counteroffensive,syndicate,stonewall,win,2,stonewall-counteroffensive,14,70,1,5,1,8,38,50,0,7,
566,3901274127,stonewall-counteroffensive,nightwalker-sabotage,stonewall,nightwalker,win,1,stonewall-counteroffensive,23,114,6,2,9,9,56,75,7,0,
567,3901274127,nightwalker-sabotage,stonewall-counteroffensive,nightwalker,stonewall,win,1,nightwalker-sabotage,23,104,5,1,9,8,68,53,7,0,
568,2260742600,stonewall-counteroffensive,nightwalker-assassination,stonewall,nightwalker,win,1,stonewall-counteroffensive,37,150,7,3,16,13,81,122,7,0,
569,2260742600,nightwalker-assassination,stonewall-counteroffensive,nightwalker,stonewall,win,1,nightwalker-assassination,31,139,6,2,15,12,109,66,7,0,
570,620211073,stonewall-counteroffensive,rogue-scavenger,stonewall,rogue,win,2,rogue-scavenger,16,71,1,5,1,4,33,29,0,7,
571,620211073,rogue-scavenger,stonewall-counteroffensive,rogue,stonewall,win,1,rogue-scavenger,15,69,5,1,5,1,35,36,7,0,
572,3274646842,stonewall-counteroffensive,rogue-wildcard,stonewall,rogue,win,2,rogue-wildcard,16,71,1,5,2,8,35,47,0,7,
573,3274646842,rogue-wildcard,stonewall-counteroffensive,rogue,stonewall,win,2,stonewall-counteroffensive,26,128,2,6,9,11,79,73,0,7,
574,1634115315,bruiser-shock-assault,bruiser-heavy-breakthrough,bruiser,bruiser,win,2,bruiser-heavy-breakthrough,24,86,1,5,8,11,47,61,0,7,
575,1634115315,bruiser-heavy-breakthrough,bruiser-shock-assault,bruiser,bruiser,win,1,bruiser-heavy-breakthrough,21,86,5,1,13,8,68,46,7,0,
576,4288551084,bruiser-shock-assault,syndicate-combined-arms,bruiser,syndicate,win,2,syndicate-combined-arms,22,99,2,6,8,11,65,48,0,7,
577,4288551084,syndicate-combined-arms,bruiser-shock-assault,syndicate,bruiser,win,2,bruiser-shock-assault,14,67,1,5,4,8,33,47,0,7,
578,2648019557,bruiser-shock-assault,syndicate-precision-operations,bruiser,syndicate,win,2,syndicate-precision-operations,52,214,5,9,19,25,135,133,0,7,
579,2648019557,syndicate-precision-operations,bruiser-shock-assault,syndicate,bruiser,win,2,bruiser-shock-assault,36,140,3,7,12,17,79,97,0,7,
580,1007488030,bruiser-shock-assault,nightwalker-sabotage,bruiser,nightwalker,win,2,nightwalker-sabotage,18,79,1,5,4,10,39,47,0,7,
581,1007488030,nightwalker-sabotage,bruiser-shock-assault,nightwalker,bruiser,win,1,nightwalker-sabotage,23,101,5,1,12,10,66,63,7,0,
582,3661923799,bruiser-shock-assault,nightwalker-assassination,bruiser,nightwalker,win,2,nightwalker-assassination,28,111,1,5,10,14,62,77,0,7,
583,3661923799,nightwalker-assassination,bruiser-shock-assault,nightwalker,bruiser,win,1,nightwalker-assassination,27,99,5,1,15,7,76,45,7,0,
584,2021392272,bruiser-shock-assault,rogue-scavenger,bruiser,rogue,win,1,bruiser-shock-assault,29,131,6,2,12,12,93,63,7,0,
585,2021392272,rogue-scavenger,bruiser-shock-assault,rogue,bruiser,win,2,bruiser-shock-assault,22,109,2,6,7,10,42,70,0,7,
586,380860745,bruiser-shock-assault,rogue-wildcard,bruiser,rogue,win,1,bruiser-shock-assault,21,97,5,1,8,12,64,65,7,0,
587,380860745,rogue-wildcard,bruiser-shock-assault,rogue,bruiser,win,1,rogue-wildcard,27,116,5,1,12,12,63,93,7,0,
588,3035296514,bruiser-heavy-breakthrough,syndicate-combined-arms,bruiser,syndicate,win,2,syndicate-combined-arms,28,115,2,6,12,11,93,69,0,7,
589,3035296514,syndicate-combined-arms,bruiser-heavy-breakthrough,syndicate,bruiser,win,2,bruiser-heavy-breakthrough,78,336,9,13,29,40,179,290,0,7,
590,1394764987,bruiser-heavy-breakthrough,syndicate-precision-operations,bruiser,syndicate,win,1,bruiser-heavy-breakthrough,15,66,5,1,7,4,49,35,7,0,
591,1394764987,syndicate-precision-operations,bruiser-heavy-breakthrough,syndicate,bruiser,win,1,syndicate-precision-operations,25,108,6,2,12,10,74,73,7,0,
592,4049200756,bruiser-heavy-breakthrough,nightwalker-sabotage,bruiser,nightwalker,win,1,bruiser-heavy-breakthrough,15,71,5,1,8,4,55,33,7,0,
593,4049200756,nightwalker-sabotage,bruiser-heavy-breakthrough,nightwalker,bruiser,win,2,bruiser-heavy-breakthrough,22,95,1,5,6,11,45,73,0,7,
594,2408669229,bruiser-heavy-breakthrough,nightwalker-assassination,bruiser,nightwalker,win,2,nightwalker-assassination,60,216,5,9,23,27,139,154,0,7,
595,2408669229,nightwalker-assassination,bruiser-heavy-breakthrough,nightwalker,bruiser,win,2,bruiser-heavy-breakthrough,56,228,5,9,22,22,162,135,0,7,
596,768137702,bruiser-heavy-breakthrough,rogue-scavenger,bruiser,rogue,win,1,bruiser-heavy-breakthrough,19,77,4,0,8,5,54,34,7,0,
597,768137702,rogue-scavenger,bruiser-heavy-breakthrough,rogue,bruiser,win,2,bruiser-heavy-breakthrough,14,52,0,4,3,6,17,40,0,7,
598,3422573471,bruiser-heavy-breakthrough,rogue-wildcard,bruiser,rogue,win,1,bruiser-heavy-breakthrough,45,189,7,3,18,19,155,114,7,0,
599,3422573471,rogue-wildcard,bruiser-heavy-breakthrough,rogue,bruiser,win,2,bruiser-heavy-breakthrough,16,79,1,5,6,7,45,56,0,7,
600,1782041944,syndicate-combined-arms,syndicate-precision-operations,syndicate,syndicate,win,1,syndicate-combined-arms,33,145,7,3,16,13,93,95,7,0,
601,1782041944,syndicate-precision-operations,syndicate-combined-arms,syndicate,syndicate,win,1,syndicate-precision-operations,23,98,7,3,9,4,55,43,7,0,
602,141510417,syndicate-combined-arms,nightwalker-sabotage,syndicate,nightwalker,win,1,syndicate-combined-arms,33,152,7,3,16,15,98,111,7,0,
603,141510417,nightwalker-sabotage,syndicate-combined-arms,nightwalker,syndicate,win,2,syndicate-combined-arms,22,107,2,6,7,10,62,70,0,7,
604,2795946186,syndicate-combined-arms,nightwalker-assassination,syndicate,nightwalker,win,2,nightwalker-assassination,16,74,2,6,3,9,33,52,0,7,
605,2795946186,nightwalker-assassination,syndicate-combined-arms,nightwalker,syndicate,win,2,syndicate-combined-arms,56,233,4,8,25,22,173,124,0,7,
606,1155414659,syndicate-combined-arms,rogue-scavenger,syndicate,rogue,win,1,syndicate-combined-arms,15,77,5,1,6,1,49,34,7,0,
607,1155414659,rogue-scavenger,syndicate-combined-arms,rogue,syndicate,win,2,syndicate-combined-arms,22,109,2,6,6,8,55,62,0,7,
608,3809850428,syndicate-combined-arms,rogue-wildcard,syndicate,rogue,win,1,syndicate-combined-arms,19,87,4,0,9,6,60,49,7,0,
609,3809850428,rogue-wildcard,syndicate-combined-arms,rogue,syndicate,win,2,syndicate-combined-arms,60,278,5,9,28,25,189,181,0,7,
610,2169318901,syndicate-precision-operations,nightwalker-sabotage,syndicate,nightwalker,win,1,syndicate-precision-operations,41,187,7,3,19,19,121,119,7,0,
611,2169318901,nightwalker-sabotage,syndicate-precision-operations,nightwalker,syndicate,win,1,nightwalker-sabotage,25,109,5,1,13,9,78,65,7,0,
612,528787374,syndicate-precision-operations,nightwalker-assassination,syndicate,nightwalker,win,2,nightwalker-assassination,66,258,6,10,24,32,145,193,0,7,
613,528787374,nightwalker-assassination,syndicate-precision-operations,nightwalker,syndicate,win,1,nightwalker-assassination,37,159,7,3,17,14,113,79,7,0,
614,3183223143,syndicate-precision-operations,rogue-scavenger,syndicate,rogue,win,2,rogue-scavenger,16,76,1,5,3,7,44,41,0,7,
615,3183223143,rogue-scavenger,syndicate-precision-operations,rogue,syndicate,win,2,syndicate-precision-operations,28,117,2,6,8,10,49,71,0,7,
616,1542691616,syndicate-precision-operations,rogue-wildcard,syndicate,rogue,win,2,rogue-wildcard,26,120,2,6,10,14,79,84,0,7,
617,1542691616,rogue-wildcard,syndicate-precision-operations,rogue,syndicate,win,1,rogue-wildcard,31,141,6,2,15,11,97,84,7,0,
618,4197127385,nightwalker-sabotage,nightwalker-assassination,nightwalker,nightwalker,win,2,nightwalker-assassination,28,116,2,6,9,13,60,85,0,7,
619,4197127385,nightwalker-assassination,nightwalker-sabotage,nightwalker,nightwalker,win,1,nightwalker-assassination,27,119,5,1,12,9,78,61,7,0,
620,2556595858,nightwalker-sabotage,rogue-scavenger,nightwalker,rogue,win,1,nightwalker-sabotage,59,278,10,6,24,21,211,132,7,0,
621,2556595858,rogue-scavenger,nightwalker-sabotage,rogue,nightwalker,win,2,nightwalker-sabotage,12,57,0,4,2,4,18,27,0,7,
622,916064331,nightwalker-sabotage,rogue-wildcard,nightwalker,rogue,win,1,nightwalker-sabotage,23,104,5,1,9,9,70,61,7,0,
623,916064331,rogue-wildcard,nightwalker-sabotage,rogue,nightwalker,win,2,nightwalker-sabotage,32,145,2,6,11,12,79,88,0,7,
624,3570500100,nightwalker-assassination,rogue-scavenger,nightwalker,rogue,win,1,nightwalker-assassination,21,90,5,1,7,7,62,41,7,0,
625,3570500100,rogue-scavenger,nightwalker-assassination,rogue,nightwalker,win,1,rogue-scavenger,25,107,5,1,8,9,41,79,7,0,
626,1929968573,nightwalker-assassination,rogue-wildcard,nightwalker,rogue,win,1,nightwalker-assassination,17,76,4,0,7,6,54,40,7,0,
627,1929968573,rogue-wildcard,nightwalker-assassination,rogue,nightwalker,win,2,nightwalker-assassination,46,192,3,7,17,20,110,149,0,7,
628,289437046,rogue-scavenger,rogue-wildcard,rogue,rogue,win,1,rogue-scavenger,33,168,8,4,10,11,86,103,7,0,
629,289437046,rogue-wildcard,rogue-scavenger,rogue,rogue,win,1,rogue-wildcard,43,191,9,5,18,11,136,89,7,0,
630,2943872815,stonewall-bastion,stonewall-counteroffensive,stonewall,stonewall,win,2,stonewall-counteroffensive,62,319,24,28,11,19,129,171,0,7,
631,2943872815,stonewall-counteroffensive,stonewall-bastion,stonewall,stonewall,win,1,stonewall-counteroffensive,17,84,5,1,5,1,42,32,7,0,
632,1303341288,stonewall-bastion,bruiser-shock-assault,stonewall,bruiser,win,2,bruiser-shock-assault,14,66,1,5,3,5,24,49,0,7,
633,1303341288,bruiser-shock-assault,stonewall-bastion,bruiser,stonewall,win,1,bruiser-shock-assault,17,84,5,1,7,5,53,38,7,0,
634,3957777057,stonewall-bastion,bruiser-heavy-breakthrough,stonewall,bruiser,win,2,bruiser-heavy-breakthrough,44,201,5,9,15,21,95,173,0,7,
635,3957777057,bruiser-heavy-breakthrough,stonewall-bastion,bruiser,stonewall,win,1,bruiser-heavy-breakthrough,31,141,7,3,12,7,110,53,7,0,
636,2317245530,stonewall-bastion,syndicate-combined-arms,stonewall,syndicate,win,1,stonewall-bastion,9,40,4,0,4,0,21,14,7,0,
637,2317245530,syndicate-combined-arms,stonewall-bastion,syndicate,stonewall,win,2,stonewall-bastion,12,54,1,5,1,5,21,27,0,7,
638,676714003,stonewall-bastion,syndicate-precision-operations,stonewall,syndicate,win,2,syndicate-precision-operations,32,149,4,8,8,14,69,116,0,7,
639,676714003,syndicate-precision-operations,stonewall-bastion,syndicate,stonewall,win,1,syndicate-precision-operations,25,114,6,2,10,4,88,44,7,0,
640,3331149772,stonewall-bastion,nightwalker-sabotage,stonewall,nightwalker,win,2,nightwalker-sabotage,10,43,0,4,1,3,12,23,0,7,
641,3331149772,nightwalker-sabotage,stonewall-bastion,nightwalker,stonewall,win,1,nightwalker-sabotage,15,68,5,1,5,2,36,24,7,0,
642,1690618245,stonewall-bastion,nightwalker-assassination,stonewall,nightwalker,win,1,stonewall-bastion,21,103,5,1,6,6,39,63,7,0,
643,1690618245,nightwalker-assassination,stonewall-bastion,nightwalker,stonewall,win,1,nightwalker-assassination,17,82,5,1,7,3,66,29,7,0,
644,50086718,stonewall-bastion,rogue-scavenger,stonewall,rogue,win,1,stonewall-bastion,11,52,4,0,3,0,20,19,7,0,
645,50086718,rogue-scavenger,stonewall-bastion,rogue,stonewall,win,2,stonewall-bastion,16,81,1,5,3,4,37,49,0,7,
646,2704522487,stonewall-bastion,rogue-wildcard,stonewall,rogue,win,1,stonewall-bastion,15,69,5,1,5,2,33,37,7,0,
647,2704522487,rogue-wildcard,stonewall-bastion,rogue,stonewall,win,2,stonewall-bastion,28,141,3,7,5,8,74,65,0,7,
648,1063990960,stonewall-counteroffensive,bruiser-shock-assault,stonewall,bruiser,win,1,stonewall-counteroffensive,17,83,5,1,8,2,40,47,7,0,
649,1063990960,bruiser-shock-assault,stonewall-counteroffensive,bruiser,stonewall,win,1,bruiser-shock-assault,21,94,6,2,6,5,53,34,7,0,
650,3718426729,stonewall-counteroffensive,bruiser-heavy-breakthrough,stonewall,bruiser,win,2,bruiser-heavy-breakthrough,14,59,1,5,1,6,23,45,0,7,
651,3718426729,bruiser-heavy-breakthrough,stonewall-counteroffensive,bruiser,stonewall,win,1,bruiser-heavy-breakthrough,17,69,5,1,9,2,59,29,7,0,
652,2077895202,stonewall-counteroffensive,syndicate-combined-arms,stonewall,syndicate,win,2,syndicate-combined-arms,14,67,1,5,1,5,31,40,0,7,
653,2077895202,syndicate-combined-arms,stonewall-counteroffensive,syndicate,stonewall,win,1,syndicate-combined-arms,23,106,7,3,10,6,65,53,7,0,
654,437363675,stonewall-counteroffensive,syndicate-precision-operations,stonewall,syndicate,win,1,stonewall-counteroffensive,51,248,10,6,19,20,135,157,7,0,
655,437363675,syndicate-precision-operations,stonewall-counteroffensive,syndicate,stonewall,win,1,syndicate-precision-operations,9,41,4,0,5,0,29,14,7,0,
656,3091799444,stonewall-counteroffensive,nightwalker-sabotage,stonewall,nightwalker,win,2,nightwalker-sabotage,22,105,2,6,5,10,47,66,0,7,
657,3091799444,nightwalker-sabotage,stonewall-counteroffensive,nightwalker,stonewall,win,1,nightwalker-sabotage,15,71,5,1,6,3,45,28,7,0,
658,1451267917,stonewall-counteroffensive,nightwalker-assassination,stonewall,nightwalker,win,2,nightwalker-assassination,20,90,1,5,5,9,30,62,0,7,
659,1451267917,nightwalker-assassination,stonewall-counteroffensive,nightwalker,stonewall,win,1,nightwalker-assassination,53,219,9,5,23,18,173,112,7,0,
660,4105703686,stonewall-counteroffensive,rogue-scavenger,stonewall,rogue,win,2,rogue-scavenger,16,76,1,5,3,6,32,34,0,7,
661,4105703686,rogue-scavenger,stonewall-counteroffensive,rogue,stonewall,win,1,rogue-scavenger,11,49,4,0,3,1,18,18,7,0,
662,2465172159,stonewall-counteroffensive,rogue-wildcard,stonewall,rogue,win,1,stonewall-counteroffensive,15,71,5,1,5,4,35,42,7,0,
663,2465172159,rogue-wildcard,stonewall-counteroffensive,rogue,stonewall,win,2,stonewall-counteroffensive,18,92,2,6,5,9,59,61,0,7,
664,824640632,bruiser-shock-assault,bruiser-heavy-breakthrough,bruiser,bruiser,win,2,bruiser-heavy-breakthrough,28,106,2,6,9,15,50,93,0,7,
665,824640632,bruiser-heavy-breakthrough,bruiser-shock-assault,bruiser,bruiser,win,1,bruiser-heavy-breakthrough,29,110,6,2,15,11,84,62,7,0,
666,3479076401,bruiser-shock-assault,syndicate-combined-arms,bruiser,syndicate,win,1,bruiser-shock-assault,25,118,6,2,13,12,90,69,7,0,
667,3479076401,syndicate-combined-arms,bruiser-shock-assault,syndicate,bruiser,win,1,syndicate-combined-arms,21,88,4,0,10,7,47,60,7,0,
668,1838544874,bruiser-shock-assault,syndicate-precision-operations,bruiser,syndicate,win,1,bruiser-shock-assault,25,111,5,1,10,13,73,67,7,0,
669,1838544874,syndicate-precision-operations,bruiser-shock-assault,syndicate,bruiser,win,1,syndicate-precision-operations,27,116,5,1,13,10,69,71,7,0,
670,198013347,bruiser-shock-assault,nightwalker-sabotage,bruiser,nightwalker,win,2,nightwalker-sabotage,24,105,1,5,11,12,65,65,0,7,
671,198013347,nightwalker-sabotage,bruiser-shock-assault,nightwalker,bruiser,win,1,nightwalker-sabotage,23,84,5,1,12,6,55,41,7,0,
672,2852449116,bruiser-shock-assault,nightwalker-assassination,bruiser,nightwalker,win,2,nightwalker-assassination,32,115,2,6,10,16,62,81,0,7,
673,2852449116,nightwalker-assassination,bruiser-shock-assault,nightwalker,bruiser,win,1,nightwalker-assassination,27,100,5,1,15,8,73,49,7,0,
674,1211917589,bruiser-shock-assault,rogue-scavenger,bruiser,rogue,win,1,bruiser-shock-assault,17,80,5,1,5,7,50,43,7,0,
675,1211917589,rogue-scavenger,bruiser-shock-assault,rogue,bruiser,win,2,bruiser-shock-assault,32,150,3,7,14,14,79,112,0,7,
676,3866353358,bruiser-shock-assault,rogue-wildcard,bruiser,rogue,win,2,rogue-wildcard,80,308,7,11,30,35,217,190,0,7,
677,3866353358,rogue-wildcard,bruiser-shock-assault,rogue,bruiser,win,1,rogue-wildcard,29,126,6,2,17,10,88,83,7,0,
678,2225821831,bruiser-heavy-breakthrough,syndicate-combined-arms,bruiser,syndicate,win,1,bruiser-heavy-breakthrough,19,92,5,1,10,6,79,42,7,0,
679,2225821831,syndicate-combined-arms,bruiser-heavy-breakthrough,syndicate,bruiser,win,1,syndicate-combined-arms,31,139,6,2,14,12,85,102,7,0,
680,585290304,bruiser-heavy-breakthrough,syndicate-precision-operations,bruiser,syndicate,win,1,bruiser-heavy-breakthrough,9,38,4,0,3,1,25,12,7,0,
681,585290304,syndicate-precision-operations,bruiser-heavy-breakthrough,syndicate,bruiser,win,2,bruiser-heavy-breakthrough,30,118,2,6,9,15,64,94,0,7,
682,3239726073,bruiser-heavy-breakthrough,nightwalker-sabotage,bruiser,nightwalker,win,1,bruiser-heavy-breakthrough,47,210,10,6,22,19,148,112,7,0,
683,3239726073,nightwalker-sabotage,bruiser-heavy-breakthrough,nightwalker,bruiser,win,2,bruiser-heavy-breakthrough,58,231,6,10,22,25,144,184,0,7,
684,1599194546,bruiser-heavy-breakthrough,nightwalker-assassination,bruiser,nightwalker,win,2,nightwalker-assassination,40,146,2,6,15,17,90,97,0,7,
685,1599194546,nightwalker-assassination,bruiser-heavy-breakthrough,nightwalker,bruiser,win,2,bruiser-heavy-breakthrough,20,74,0,4,7,8,40,39,0,7,
686,4253630315,bruiser-heavy-breakthrough,rogue-scavenger,bruiser,rogue,win,1,bruiser-heavy-breakthrough,9,42,4,0,6,1,40,11,7,0,
687,4253630315,rogue-scavenger,bruiser-heavy-breakthrough,rogue,bruiser,win,2,bruiser-heavy-breakthrough,36,172,4,8,12,17,81,134,0,7,
688,2613098788,bruiser-heavy-breakthrough,rogue-wildcard,bruiser,rogue,win,1,bruiser-heavy-breakthrough,21,89,5,1,8,9,59,57,7,0,
689,2613098788,rogue-wildcard,bruiser-heavy-breakthrough,rogue,bruiser,win,2,bruiser-heavy-breakthrough,44,188,4,8,16,19,104,148,0,7,
690,972567261,syndicate-combined-arms,syndicate-precision-operations,syndicate,syndicate,win,1,syndicate-combined-arms,19,93,5,1,8,4,53,51,7,0,
691,972567261,syndicate-precision-operations,syndicate-combined-arms,syndicate,syndicate,win,2,syndicate-combined-arms,42,198,5,9,19,19,129,121,0,7,
692,3627003030,syndicate-combined-arms,nightwalker-sabotage,syndicate,nightwalker,win,2,nightwalker-sabotage,16,71,1,5,3,8,33,46,0,7,
693,3627003030,nightwalker-sabotage,syndicate-combined-arms,nightwalker,syndicate,win,2,syndicate-combined-arms,28,129,2,6,10,14,74,83,0,7,
694,1986471503,syndicate-combined-arms,nightwalker-assassination,syndicate,nightwalker,win,1,syndicate-combined-arms,41,193,8,4,19,19,107,143,7,0,
695,1986471503,nightwalker-assassination,syndicate-combined-arms,nightwalker,syndicate,win,2,syndicate-combined-arms,48,210,4,8,23,19,161,110,0,7,
696,345939976,syndicate-combined-arms,rogue-scavenger,syndicate,rogue,win,2,rogue-scavenger,16,74,1,5,2,4,39,33,0,7,
697,345939976,rogue-scavenger,syndicate-combined-arms,rogue,syndicate,win,1,rogue-scavenger,19,101,6,2,8,2,58,52,7,0,
698,3000375745,syndicate-combined-arms,rogue-wildcard,syndicate,rogue,win,1,syndicate-combined-arms,49,219,10,6,21,19,143,148,7,0,
699,3000375745,rogue-wildcard,syndicate-combined-arms,rogue,syndicate,win,2,syndicate-combined-arms,22,103,2,6,8,7,60,54,0,7,
700,1359844218,syndicate-precision-operations,nightwalker-sabotage,syndicate,nightwalker,win,1,syndicate-precision-operations,29,117,6,2,14,10,83,80,7,0,
701,1359844218,nightwalker-sabotage,syndicate-precision-operations,nightwalker,syndicate,win,1,nightwalker-sabotage,25,111,5,1,12,8,79,55,7,0,
702,4014279987,syndicate-precision-operations,nightwalker-assassination,syndicate,nightwalker,win,2,nightwalker-assassination,38,148,3,7,13,17,75,101,0,7,
703,4014279987,nightwalker-assassination,syndicate-precision-operations,nightwalker,syndicate,win,1,nightwalker-assassination,21,91,5,1,12,6,70,47,7,0,
704,2373748460,syndicate-precision-operations,rogue-scavenger,syndicate,rogue,win,1,syndicate-precision-operations,27,129,6,2,12,9,90,65,7,0,
705,2373748460,rogue-scavenger,syndicate-precision-operations,rogue,syndicate,win,2,syndicate-precision-operations,36,181,4,8,12,16,88,129,0,7,
706,733216933,syndicate-precision-operations,rogue-wildcard,syndicate,rogue,win,2,rogue-wildcard,14,64,1,5,3,6,28,35,0,7,
707,733216933,rogue-wildcard,syndicate-precision-operations,rogue,syndicate,win,1,rogue-wildcard,45,213,9,5,21,17,137,135,7,0,
708,3387652702,nightwalker-sabotage,nightwalker-assassination,nightwalker,nightwalker,win,2,nightwalker-assassination,52,212,4,8,15,24,108,163,0,7,
709,3387652702,nightwalker-assassination,nightwalker-sabotage,nightwalker,nightwalker,win,2,nightwalker-sabotage,18,87,1,5,5,6,47,45,0,7,
710,1747121175,nightwalker-sabotage,rogue-scavenger,nightwalker,rogue,win,2,rogue-scavenger,40,194,5,9,13,14,117,85,0,7,
711,1747121175,rogue-scavenger,nightwalker-sabotage,rogue,nightwalker,win,2,nightwalker-sabotage,24,115,2,6,6,15,47,102,0,7,
712,106589648,nightwalker-sabotage,rogue-wildcard,nightwalker,rogue,win,1,nightwalker-sabotage,43,184,8,4,18,17,128,112,7,0,
713,106589648,rogue-wildcard,nightwalker-sabotage,rogue,nightwalker,win,2,nightwalker-sabotage,28,128,2,6,11,13,74,95,0,7,
714,2761025417,nightwalker-assassination,rogue-scavenger,nightwalker,rogue,win,1,nightwalker-assassination,15,64,4,0,6,4,50,29,7,0,
715,2761025417,rogue-scavenger,nightwalker-assassination,rogue,nightwalker,win,2,nightwalker-assassination,52,245,5,9,19,20,103,190,0,7,
716,1120493890,nightwalker-assassination,rogue-wildcard,nightwalker,rogue,win,1,nightwalker-assassination,15,59,4,0,6,3,37,25,7,0,
717,1120493890,rogue-wildcard,nightwalker-assassination,rogue,nightwalker,win,2,nightwalker-assassination,30,126,1,5,11,13,69,99,0,7,
718,3774929659,rogue-scavenger,rogue-wildcard,rogue,rogue,win,1,rogue-scavenger,17,82,5,1,6,5,47,56,7,0,
719,3774929659,rogue-wildcard,rogue-scavenger,rogue,rogue,win,1,rogue-wildcard,23,96,5,1,8,6,59,52,7,0,
720,2134398132,stonewall-bastion,stonewall-counteroffensive,stonewall,stonewall,win,2,stonewall-counteroffensive,16,77,1,5,1,4,28,34,0,7,
721,2134398132,stonewall-counteroffensive,stonewall-bastion,stonewall,stonewall,win,1,stonewall-counteroffensive,9,40,4,0,1,0,14,11,7,0,
722,493866605,stonewall-bastion,bruiser-shock-assault,stonewall,bruiser,win,1,stonewall-bastion,11,50,4,0,4,0,20,23,7,0,
723,493866605,bruiser-shock-assault,stonewall-bastion,bruiser,stonewall,win,1,bruiser-shock-assault,25,117,6,2,8,10,82,58,7,0,
724,3148302374,stonewall-bastion,bruiser-heavy-breakthrough,stonewall,bruiser,win,2,bruiser-heavy-breakthrough,14,63,1,5,2,4,20,39,0,7,
725,3148302374,bruiser-heavy-breakthrough,stonewall-bastion,bruiser,stonewall,win,1,bruiser-heavy-breakthrough,25,114,6,2,12,6,107,47,7,0,
726,1507770847,stonewall-bastion,syndicate-combined-arms,stonewall,syndicate,win,1,stonewall-bastion,23,107,7,3,8,2,55,42,7,0,
727,1507770847,syndicate-combined-arms,stonewall-bastion,syndicate,stonewall,win,1,syndicate-combined-arms,17,87,5,1,7,0,64,32,7,0,
728,4162206616,stonewall-bastion,syndicate-precision-operations,stonewall,syndicate,win,2,syndicate-precision-operations,28,141,3,7,7,14,61,124,0,7,
729,4162206616,syndicate-precision-operations,stonewall-bastion,syndicate,stonewall,win,2,stonewall-bastion,16,72,1,5,2,6,37,43,0,7,
730,2521675089,stonewall-bastion,nightwalker-sabotage,stonewall,nightwalker,win,2,nightwalker-sabotage,16,82,1,5,2,6,29,44,0,7,
731,2521675089,nightwalker-sabotage,stonewall-bastion,nightwalker,stonewall,win,1,nightwalker-sabotage,17,88,5,1,7,2,58,27,7,0,
732,881143562,stonewall-bastion,nightwalker-assassination,stonewall,nightwalker,win,2,nightwalker-assassination,48,215,6,10,15,22,91,189,0,7,
733,881143562,nightwalker-assassination,stonewall-bastion,nightwalker,stonewall,win,1,nightwalker-assassination,33,157,8,4,14,9,122,68,7,0,
734,3535579331,stonewall-bastion,rogue-scavenger,stonewall,rogue,win,1,stonewall-bastion,15,77,5,1,5,2,34,31,7,0,
735,3535579331,rogue-scavenger,stonewall-bastion,rogue,stonewall,win,2,stonewall-bastion,30,150,3,7,5,11,60,88,0,7,
736,1895047804,stonewall-bastion,rogue-wildcard,stonewall,rogue,win,2,rogue-wildcard,20,92,2,6,3,7,31,51,0,7,
737,1895047804,rogue-wildcard,stonewall-bastion,rogue,stonewall,win,2,stonewall-bastion,18,81,1,5,3,8,41,47,0,7,
738,254516277,stonewall-counteroffensive,bruiser-shock-assault,stonewall,bruiser,win,1,stonewall-counteroffensive,21,97,6,2,8,5,43,50,7,0,
739,254516277,bruiser-shock-assault,stonewall-counteroffensive,bruiser,stonewall,win,2,stonewall-counteroffensive,54,217,4,8,22,23,158,122,0,7,
740,2908952046,stonewall-counteroffensive,bruiser-heavy-breakthrough,stonewall,bruiser,win,1,stonewall-counteroffensive,17,79,5,1,5,5,35,73,7,0,
741,2908952046,bruiser-heavy-breakthrough,stonewall-counteroffensive,bruiser,stonewall,win,1,bruiser-heavy-breakthrough,15,58,5,1,7,3,52,29,7,0,
742,1268420519,stonewall-counteroffensive,syndicate-combined-arms,stonewall,syndicate,win,2,syndicate-combined-arms,28,129,3,7,6,14,68,87,0,7,
743,1268420519,syndicate-combined-arms,stonewall-counteroffensive,syndicate,stonewall,win,2,stonewall-counteroffensive,14,70,1,5,1,7,34,47,0,7,
744,3922856288,stonewall-counteroffensive,syndicate-precision-operations,stonewall,syndicate,win,1,stonewall-counteroffensive,19,87,5,1,10,6,60,64,7,0,
745,3922856288,syndicate-precision-operations,stonewall-counteroffensive,syndicate,stonewall,win,2,stonewall-counteroffensive,16,78,1,5,4,8,47,51,0,7,
746,2282324761,stonewall-counteroffensive,nightwalker-sabotage,stonewall,nightwalker,win,1,stonewall-counteroffensive,41,189,8,4,19,17,109,136,7,0,
747,2282324761,nightwalker-sabotage,stonewall-counteroffensive,nightwalker,stonewall,win,2,stonewall-counteroffensive,36,176,4,8,15,16,120,98,0,7,
748,641793234,stonewall-counteroffensive,nightwalker-assassination,stonewall,nightwalker,win,2,nightwalker-assassination,22,94,1,5,7,9,44,70,0,7,
749,641793234,nightwalker-assassination,stonewall-counteroffensive,nightwalker,stonewall,win,1,nightwalker-assassination,47,192,8,4,21,16,152,95,7,0,
750,3296229003,stonewall-counteroffensive,rogue-scavenger,stonewall,rogue,win,1,stonewall-counteroffensive,9,41,4,0,1,0,12,9,7,0,
751,3296229003,rogue-scavenger,stonewall-counteroffensive,rogue,stonewall,win,2,stonewall-counteroffensive,12,52,0,4,1,1,17,19,0,7,
752,1655697476,stonewall-counteroffensive,rogue-wildcard,stonewall,rogue,win,2,rogue-wildcard,76,364,10,14,25,32,228,249,0,7,
753,1655697476,rogue-wildcard,stonewall-counteroffensive,rogue,stonewall,win,2,stonewall-counteroffensive,22,101,2,6,6,7,58,53,0,7,
754,15165949,bruiser-shock-assault,bruiser-heavy-breakthrough,bruiser,bruiser,win,1,bruiser-shock-assault,21,95,6,2,10,7,61,47,7,0,
755,15165949,bruiser-heavy-breakthrough,bruiser-shock-assault,bruiser,bruiser,win,1,bruiser-heavy-breakthrough,19,76,5,1,13,4,70,36,7,0,
756,2669601718,bruiser-shock-assault,syndicate-combined-arms,bruiser,syndicate,win,2,syndicate-combined-arms,16,67,1,5,3,8,32,38,0,7,
757,2669601718,syndicate-combined-arms,bruiser-shock-assault,syndicate,bruiser,win,2,bruiser-shock-assault,16,76,1,5,5,8,35,56,0,7,
758,1029070191,bruiser-shock-assault,syndicate-precision-operations,bruiser,syndicate,win,2,syndicate-precision-operations,42,177,3,7,17,20,115,99,0,7,
759,1029070191,syndicate-precision-operations,bruiser-shock-assault,syndicate,bruiser,win,1,syndicate-precision-operations,31,133,6,2,16,14,82,83,7,0,
760,3683505960,bruiser-shock-assault,nightwalker-sabotage,bruiser,nightwalker,win,2,nightwalker-sabotage,30,120,2,6,10,15,60,80,0,7,
761,3683505960,nightwalker-sabotage,bruiser-shock-assault,nightwalker,bruiser,win,1,nightwalker-sabotage,19,83,4,0,11,6,52,39,7,0,
762,2042974433,bruiser-shock-assault,nightwalker-assassination,bruiser,nightwalker,win,2,nightwalker-assassination,24,98,1,5,9,15,57,68,0,7,
763,2042974433,nightwalker-assassination,bruiser-shock-assault,nightwalker,bruiser,win,2,bruiser-shock-assault,18,84,1,5,8,9,49,44,0,7,
764,402442906,bruiser-shock-assault,rogue-scavenger,bruiser,rogue,win,2,rogue-scavenger,16,73,1,5,3,5,37,28,0,7,
765,402442906,rogue-scavenger,bruiser-shock-assault,rogue,bruiser,win,2,bruiser-shock-assault,24,119,3,7,8,9,46,72,0,7,
766,3056878675,bruiser-shock-assault,rogue-wildcard,bruiser,rogue,win,2,rogue-wildcard,42,169,4,8,13,20,122,113,0,7,
767,3056878675,rogue-wildcard,bruiser-shock-assault,rogue,bruiser,win,2,bruiser-shock-assault,20,80,1,5,7,8,46,48,0,7,
768,1416347148,bruiser-heavy-breakthrough,syndicate-combined-arms,bruiser,syndicate,win,2,syndicate-combined-arms,42,181,5,9,17,18,147,109,0,7,
769,1416347148,syndicate-combined-arms,bruiser-heavy-breakthrough,syndicate,bruiser,win,2,bruiser-heavy-breakthrough,12,55,1,5,1,6,19,44,0,7,
770,4070782917,bruiser-heavy-breakthrough,syndicate-precision-operations,bruiser,syndicate,win,1,bruiser-heavy-breakthrough,41,161,7,3,18,15,129,89,7,0,
771,4070782917,syndicate-precision-operations,bruiser-heavy-breakthrough,syndicate,bruiser,win,2,bruiser-heavy-breakthrough,44,184,4,8,16,21,99,140,0,7,
772,2430251390,bruiser-heavy-breakthrough,nightwalker-sabotage,bruiser,nightwalker,win,1,bruiser-heavy-breakthrough,17,71,4,0,8,4,48,34,7,0,
773,2430251390,nightwalker-sabotage,bruiser-heavy-breakthrough,nightwalker,bruiser,win,1,nightwalker-sabotage,35,137,6,2,14,11,85,86,7,0,
774,789719863,bruiser-heavy-breakthrough,nightwalker-assassination,bruiser,nightwalker,win,1,bruiser-heavy-breakthrough,39,154,6,2,18,16,109,117,7,0,
775,789719863,nightwalker-assassination,bruiser-heavy-breakthrough,nightwalker,bruiser,win,2,bruiser-heavy-breakthrough,18,73,1,5,5,9,39,51,0,7,
776,3444155632,bruiser-heavy-breakthrough,rogue-scavenger,bruiser,rogue,win,1,bruiser-heavy-breakthrough,13,53,4,0,6,3,52,21,7,0,
777,3444155632,rogue-scavenger,bruiser-heavy-breakthrough,rogue,bruiser,win,1,rogue-scavenger,23,106,6,2,11,5,65,76,7,0,
778,1803624105,bruiser-heavy-breakthrough,rogue-wildcard,bruiser,rogue,win,1,bruiser-heavy-breakthrough,19,72,5,1,9,5,55,33,7,0,
779,1803624105,rogue-wildcard,bruiser-heavy-breakthrough,rogue,bruiser,win,2,bruiser-heavy-breakthrough,52,219,7,11,18,21,111,159,0,7,
780,163092578,syndicate-combined-arms,syndicate-precision-operations,syndicate,syndicate,win,2,syndicate-precision-operations,16,73,1,5,3,8,34,48,0,7,
781,163092578,syndicate-precision-operations,syndicate-combined-arms,syndicate,syndicate,win,1,syndicate-precision-operations,13,60,5,1,7,1,46,30,7,0,
782,2817528347,syndicate-combined-arms,nightwalker-sabotage,syndicate,nightwalker,win,1,syndicate-combined-arms,15,69,5,1,4,4,32,37,7,0,
783,2817528347,nightwalker-sabotage,syndicate-combined-arms,nightwalker,syndicate,win,2,syndicate-combined-arms,22,105,2,6,5,10,53,60,0,7,
784,1176996820,syndicate-combined-arms,nightwalker-assassination,syndicate,nightwalker,win,2,nightwalker-assassination,22,97,2,6,7,15,41,87,0,7,
785,1176996820,nightwalker-assassination,syndicate-combined-arms,nightwalker,syndicate,win,2,syndicate-combined-arms,96,396,11,15,42,37,325,218,0,7,
786,3831432589,syndicate-combined-arms,rogue-scavenger,syndicate,rogue,win,1,syndicate-combined-arms,15,74,5,1,5,1,35,38,7,0,
787,3831432589,rogue-scavenger,syndicate-combined-arms,rogue,syndicate,win,2,syndicate-combined-arms,18,82,1,5,3,6,34,54,0,7,
788,2190901062,syndicate-combined-arms,rogue-wildcard,syndicate,rogue,win,1,syndicate-combined-arms,25,114,6,2,11,9,73,74,7,0,
789,2190901062,rogue-wildcard,syndicate-combined-arms,rogue,syndicate,win,2,syndicate-combined-arms,20,90,1,5,5,9,47,55,0,7,
790,550369535,syndicate-precision-operations,nightwalker-sabotage,syndicate,nightwalker,win,2,nightwalker-sabotage,30,132,2,6,11,15,74,83,0,7,
791,550369535,nightwalker-sabotage,syndicate-precision-operations,nightwalker,syndicate,win,1,nightwalker-sabotage,31,134,7,3,16,10,97,81,7,0,
792,3204805304,syndicate-precision-operations,nightwalker-assassination,syndicate,nightwalker,win,2,nightwalker-assassination,60,240,5,9,22,28,146,187,0,7,
793,3204805304,nightwalker-assassination,syndicate-precision-operations,nightwalker,syndicate,win,1,nightwalker-assassination,19,82,5,1,11,6,59,46,7,0,
794,1564273777,syndicate-precision-operations,rogue-scavenger,syndicate,rogue,win,2,rogue-scavenger,24,113,2,6,7,8,72,48,0,7,
795,1564273777,rogue-scavenger,syndicate-precision-operations,rogue,syndicate,win,1,rogue-scavenger,89,433,15,11,38,34,225,305,7,0,
796,4218709546,syndicate-precision-operations,rogue-wildcard,syndicate,rogue,win,1,syndicate-precision-operations,29,132,6,2,12,12,84,84,7,0,
797,4218709546,rogue-wildcard,syndicate-precision-operations,rogue,syndicate,win,1,rogue-wildcard,41,184,7,3,20,15,131,119,7,0,
798,2578178019,nightwalker-sabotage,nightwalker-assassination,nightwalker,nightwalker,win,1,nightwalker-sabotage,33,132,6,2,15,11,85,90,7,0,
799,2578178019,nightwalker-assassination,nightwalker-sabotage,nightwalker,nightwalker,win,1,nightwalker-assassination,33,135,6,2,16,11,105,68,7,0,
800,937646492,nightwalker-sabotage,rogue-scavenger,nightwalker,rogue,win,1,nightwalker-sabotage,27,117,6,2,12,7,94,47,7,0,
801,937646492,rogue-scavenger,nightwalker-sabotage,rogue,nightwalker,win,2,nightwalker-sabotage,18,80,0,4,4,6,28,46,0,7,
802,3592082261,nightwalker-sabotage,rogue-wildcard,nightwalker,rogue,win,1,nightwalker-sabotage,13,52,4,0,5,3,33,24,7,0,
803,3592082261,rogue-wildcard,nightwalker-sabotage,rogue,nightwalker,win,2,nightwalker-sabotage,30,127,2,6,9,13,72,94,0,7,
804,1951550734,nightwalker-assassination,rogue-scavenger,nightwalker,rogue,win,1,nightwalker-assassination,49,215,8,4,21,19,176,106,7,0,
805,1951550734,rogue-scavenger,nightwalker-assassination,rogue,nightwalker,win,2,nightwalker-assassination,24,117,2,6,7,10,43,87,0,7,
806,311019207,nightwalker-assassination,rogue-wildcard,nightwalker,rogue,win,1,nightwalker-assassination,45,179,7,3,18,17,136,104,7,0,
807,311019207,rogue-wildcard,nightwalker-assassination,rogue,nightwalker,win,2,nightwalker-assassination,70,265,5,9,24,28,146,192,0,7,
808,2965454976,rogue-scavenger,rogue-wildcard,rogue,rogue,win,2,rogue-wildcard,36,170,5,9,8,11,66,99,0,7,
809,2965454976,rogue-wildcard,rogue-scavenger,rogue,rogue,win,2,rogue-scavenger,26,127,2,6,9,8,76,67,0,7,
810,1324923449,stonewall-bastion,stonewall-counteroffensive,stonewall,stonewall,win,1,stonewall-bastion,13,59,5,1,4,1,29,24,7,0,
811,1324923449,stonewall-counteroffensive,stonewall-bastion,stonewall,stonewall,win,2,stonewall-bastion,16,75,1,5,2,6,35,38,0,7,
812,3979359218,stonewall-bastion,bruiser-shock-assault,stonewall,bruiser,win,1,stonewall-bastion,21,106,6,2,13,6,71,76,7,0,
813,3979359218,bruiser-shock-assault,stonewall-bastion,bruiser,stonewall,win,2,stonewall-bastion,28,136,4,8,9,14,88,75,0,7,
814,2338827691,stonewall-bastion,bruiser-heavy-breakthrough,stonewall,bruiser,win,1,stonewall-bastion,27,128,7,3,9,9,61,100,7,0,
815,2338827691,bruiser-heavy-breakthrough,stonewall-bastion,bruiser,stonewall,win,1,bruiser-heavy-breakthrough,13,56,4,0,4,3,43,19,7,0,
816,698296164,stonewall-bastion,syndicate-combined-arms,stonewall,syndicate,win,2,syndicate-combined-arms,10,46,0,4,0,3,14,28,0,7,
817,698296164,syndicate-combined-arms,stonewall-bastion,syndicate,stonewall,win,1,syndicate-combined-arms,15,76,5,1,6,4,53,45,7,0,
818,3352731933,stonewall-bastion,syndicate-precision-operations,stonewall,syndicate,win,1,stonewall-bastion,17,76,4,0,6,4,36,52,7,0,
819,3352731933,syndicate-precision-operations,stonewall-bastion,syndicate,stonewall,win,2,stonewall-bastion,22,108,2,6,5,8,65,53,0,7,
820,1712200406,stonewall-bastion,nightwalker-sabotage,stonewall,nightwalker,win,2,nightwalker-sabotage,20,95,2,6,3,9,34,75,0,7,
821,1712200406,nightwalker-sabotage,stonewall-bastion,nightwalker,stonewall,win,1,nightwalker-sabotage,11,50,4,0,1,2,12,19,7,0,
822,71668879,stonewall-bastion,nightwalker-assassination,stonewall,nightwalker,win,2,nightwalker-assassination,26,123,3,7,4,12,41,98,0,7,
823,71668879,nightwalker-assassination,stonewall-bastion,nightwalker,stonewall,win,1,nightwalker-assassination,31,142,8,4,13,9,116,63,7,0,
824,2726104648,stonewall-bastion,rogue-scavenger,stonewall,rogue,win,1,stonewall-bastion,21,110,6,2,7,4,65,55,7,0,
825,2726104648,rogue-scavenger,stonewall-bastion,rogue,stonewall,win,1,rogue-scavenger,31,156,8,4,9,9,75,94,7,0,
826,1085573121,stonewall-bastion,rogue-wildcard,stonewall,rogue,win,2,rogue-wildcard,10,46,0,4,1,2,19,22,0,7,
827,1085573121,rogue-wildcard,stonewall-bastion,rogue,stonewall,win,2,stonewall-bastion,24,120,3,7,4,7,71,60,0,7,
828,3740008890,stonewall-counteroffensive,bruiser-shock-assault,stonewall,bruiser,win,1,stonewall-counteroffensive,21,102,6,2,12,6,59,69,7,0,
829,3740008890,bruiser-shock-assault,stonewall-counteroffensive,bruiser,stonewall,win,2,stonewall-counteroffensive,16,77,1,5,4,9,55,45,0,7,
830,2099477363,stonewall-counteroffensive,bruiser-heavy-breakthrough,stonewall,bruiser,win,2,bruiser-heavy-breakthrough,70,295,7,11,25,32,160,256,0,7,
831,2099477363,bruiser-heavy-breakthrough,stonewall-counteroffensive,bruiser,stonewall,win,1,bruiser-heavy-breakthrough,9,40,4,0,3,0,23,12,7,0,
832,458945836,stonewall-counteroffensive,syndicate-combined-arms,stonewall,syndicate,win,1,stonewall-counteroffensive,27,137,7,3,14,8,98,87,7,0,
833,458945836,syndicate-combined-arms,stonewall-counteroffensive,syndicate,stonewall,win,1,syndicate-combined-arms,15,73,5,1,7,3,54,37,7,0,
834,3113381605,stonewall-counteroffensive,syndicate-precision-operations,stonewall,syndicate,win,1,stonewall-counteroffensive,25,116,5,1,11,9,62,72,7,0,
835,3113381605,syndicate-precision-operations,stonewall-counteroffensive,syndicate,stonewall,win,2,stonewall-counteroffensive,16,73,1,5,2,7,39,39,0,7,
836,1472850078,stonewall-counteroffensive,nightwalker-sabotage,stonewall,nightwalker,win,1,stonewall-counteroffensive,39,183,8,4,17,15,101,128,7,0,
837,1472850078,nightwalker-sabotage,stonewall-counteroffensive,nightwalker,stonewall,win,1,nightwalker-sabotage,29,128,8,4,13,9,93,60,7,0,
838,4127285847,stonewall-counteroffensive,nightwalker-assassination,stonewall,nightwalker,win,2,nightwalker-assassination,28,123,3,7,6,13,49,86,0,7,
839,4127285847,nightwalker-assassination,stonewall-counteroffensive,nightwalker,stonewall,win,1,nightwalker-assassination,15,61,4,0,6,3,35,24,7,0,
840,2486754320,stonewall-counteroffensive,rogue-scavenger,stonewall,rogue,win,1,stonewall-counteroffensive,21,103,6,2,4,5,50,49,7,0,
841,2486754320,rogue-scavenger,stonewall-counteroffensive,rogue,stonewall,win,2,stonewall-counteroffensive,14,60,1,5,1,3,18,21,0,7,
842,846222793,stonewall-counteroffensive,rogue-wildcard,stonewall,rogue,win,1,stonewall-counteroffensive,43,198,9,5,18,15,121,118,7,0,
843,846222793,rogue-wildcard,stonewall-counteroffensive,rogue,stonewall,win,2,stonewall-counteroffensive,22,108,2,6,8,9,73,70,0,7,
844,3500658562,bruiser-shock-assault,bruiser-heavy-breakthrough,bruiser,bruiser,win,2,bruiser-heavy-breakthrough,16,68,1,5,3,10,30,55,0,7,
845,3500658562,bruiser-heavy-breakthrough,bruiser-shock-assault,bruiser,bruiser,win,1,bruiser-heavy-breakthrough,15,68,5,1,9,6,51,40,7,0,
846,1860127035,bruiser-shock-assault,syndicate-combined-arms,bruiser,syndicate,win,2,syndicate-combined-arms,38,162,3,7,15,18,108,98,0,7,
847,1860127035,syndicate-combined-arms,bruiser-shock-assault,syndicate,bruiser,win,1,syndicate-combined-arms,29,126,6,2,14,12,75,88,7,0,
848,219595508,bruiser-shock-assault,syndicate-precision-operations,bruiser,syndicate,win,1,bruiser-shock-assault,11,48,4,0,5,2,29,24,7,0,
849,219595508,syndicate-precision-operations,bruiser-shock-assault,syndicate,bruiser,win,1,syndicate-precision-operations,25,111,5,1,13,9,75,73,7,0,
850,2874031277,bruiser-shock-assault,nightwalker-sabotage,bruiser,nightwalker,win,1,bruiser-shock-assault,23,90,4,0,8,9,50,47,7,0,
851,2874031277,nightwalker-sabotage,bruiser-shock-assault,nightwalker,bruiser,win,1,nightwalker-sabotage,23,99,5,1,14,7,68,51,7,0,
852,1233499750,bruiser-shock-assault,nightwalker-assassination,bruiser,nightwalker,win,2,nightwalker-assassination,18,74,0,4,6,10,35,45,0,7,
853,1233499750,nightwalker-assassination,bruiser-shock-assault,nightwalker,bruiser,win,1,nightwalker-assassination,29,119,5,1,15,10,86,61,7,0,
854,3887935519,bruiser-shock-assault,rogue-scavenger,bruiser,rogue,win,1,bruiser-shock-assault,23,107,5,1,10,10,77,60,7,0,
855,3887935519,rogue-scavenger,bruiser-shock-assault,rogue,bruiser,win,2,bruiser-shock-assault,16,76,1,5,5,7,31,53,0,7,
856,2247403992,bruiser-shock-assault,rogue-wildcard,bruiser,rogue,win,2,rogue-wildcard,76,293,6,10,30,33,211,185,0,7,
857,2247403992,rogue-wildcard,bruiser-shock-assault,rogue,bruiser,win,1,rogue-wildcard,25,103,6,2,14,7,67,62,7,0,
858,606872465,bruiser-heavy-breakthrough,syndicate-combined-arms,bruiser,syndicate,win,1,bruiser-heavy-breakthrough,35,159,7,3,19,12,132,90,7,0,
859,606872465,syndicate-combined-arms,bruiser-heavy-breakthrough,syndicate,bruiser,win,2,bruiser-heavy-breakthrough,28,120,2,6,10,15,64,95,0,7,
860,3261308234,bruiser-heavy-breakthrough,syndicate-precision-operations,bruiser,syndicate,win,1,bruiser-heavy-breakthrough,31,119,6,2,15,11,98,64,7,0,
861,3261308234,syndicate-precision-operations,bruiser-heavy-breakthrough,syndicate,bruiser,win,1,syndicate-precision-operations,21,98,6,2,11,7,64,57,7,0,
862,1620776707,bruiser-heavy-breakthrough,nightwalker-sabotage,bruiser,nightwalker,win,1,bruiser-heavy-breakthrough,17,76,5,1,8,7,53,47,7,0,
863,1620776707,nightwalker-sabotage,bruiser-heavy-breakthrough,nightwalker,bruiser,win,1,nightwalker-sabotage,55,221,9,5,24,21,135,149,7,0,
864,4275212476,bruiser-heavy-breakthrough,nightwalker-assassination,bruiser,nightwalker,win,1,bruiser-heavy-breakthrough,25,96,5,1,12,10,72,68,7,0,
865,4275212476,nightwalker-assassination,bruiser-heavy-breakthrough,nightwalker,bruiser,win,1,nightwalker-assassination,35,133,6,2,15,13,92,82,7,0,
866,2634680949,bruiser-heavy-breakthrough,rogue-scavenger,bruiser,rogue,win,1,bruiser-heavy-breakthrough,15,64,4,0,7,4,55,28,7,0,
867,2634680949,rogue-scavenger,bruiser-heavy-breakthrough,rogue,bruiser,win,1,rogue-scavenger,15,68,5,1,5,4,32,52,7,0,
868,994149422,bruiser-heavy-breakthrough,rogue-wildcard,bruiser,rogue,win,2,rogue-wildcard,34,127,3,7,13,16,101,93,0,7,
869,994149422,rogue-wildcard,bruiser-heavy-breakthrough,rogue,bruiser,win,2,bruiser-heavy-breakthrough,28,120,2,6,8,13,72,83,0,7,
870,3648585191,syndicate-combined-arms,syndicate-precision-operations,syndicate,syndicate,win,1,syndicate-combined-arms,21,88,5,1,9,8,51,55,7,0,
871,3648585191,syndicate-precision-operations,syndicate-combined-arms,syndicate,syndicate,win,2,syndicate-combined-arms,28,130,3,7,9,12,84,77,0,7,
872,2008053664,syndicate-combined-arms,nightwalker-sabotage,syndicate,nightwalker,win,2,nightwalker-sabotage,20,97,1,5,6,12,45,72,0,7,
873,2008053664,nightwalker-sabotage,syndicate-combined-arms,nightwalker,syndicate,win,2,syndicate-combined-arms,18,86,1,5,8,8,58,46,0,7,
874,367522137,syndicate-combined-arms,nightwalker-assassination,syndicate,nightwalker,win,1,syndicate-combined-arms,17,78,4,0,7,7,38,54,7,0,
875,367522137,nightwalker-assassination,syndicate-combined-arms,nightwalker,syndicate,win,1,nightwalker-assassination,19,86,5,1,11,7,68,45,7,0,
876,3021957906,syndicate-combined-arms,rogue-scavenger,syndicate,rogue,win,1,syndicate-combined-arms,21,102,6,2,7,4,56,41,7,0,
877,3021957906,rogue-scavenger,syndicate-combined-arms,rogue,syndicate,win,1,rogue-scavenger,55,255,12,8,19,16,137,159,7,0,
878,1381426379,syndicate-combined-arms,rogue-wildcard,syndicate,rogue,win,1,syndicate-combined-arms,25,122,5,1,10,10,73,79,7,0,
879,1381426379,rogue-wildcard,syndicate-combined-arms,rogue,syndicate,win,1,rogue-wildcard,17,78,5,1,6,3,47,39,7,0,
880,4035862148,syndicate-precision-operations,nightwalker-sabotage,syndicate,nightwalker,win,2,nightwalker-sabotage,18,82,1,5,6,9,49,52,0,7,
881,4035862148,nightwalker-sabotage,syndicate-precision-operations,nightwalker,syndicate,win,1,nightwalker-sabotage,25,104,6,2,12,8,75,60,7,0,
882,2395330621,syndicate-precision-operations,nightwalker-assassination,syndicate,nightwalker,win,2,nightwalker-assassination,34,136,3,7,9,16,67,105,0,7,
883,2395330621,nightwalker-assassination,syndicate-precision-operations,nightwalker,syndicate,win,2,syndicate-precision-operations,20,89,1,5,9,6,55,37,0,7,
884,754799094,syndicate-precision-operations,rogue-scavenger,syndicate,rogue,win,2,rogue-scavenger,14,63,1,5,2,3,35,27,0,7,
885,754799094,rogue-scavenger,syndicate-precision-operations,rogue,syndicate,win,2,syndicate-precision-operations,16,72,1,5,4,6,30,53,0,7,
886,3409234863,syndicate-precision-operations,rogue-wildcard,syndicate,rogue,win,1,syndicate-precision-operations,53,227,9,5,22,22,151,142,7,0,
887,3409234863,rogue-wildcard,syndicate-precision-operations,rogue,syndicate,win,1,rogue-wildcard,31,137,6,2,16,11,99,87,7,0,
888,1768703336,nightwalker-sabotage,nightwalker-assassination,nightwalker,nightwalker,win,1,nightwalker-sabotage,43,183,7,3,18,19,103,137,7,0,
889,1768703336,nightwalker-assassination,nightwalker-sabotage,nightwalker,nightwalker,win,1,nightwalker-assassination,37,154,7,3,17,14,107,82,7,0,
890,128171809,nightwalker-sabotage,rogue-scavenger,nightwalker,rogue,win,1,nightwalker-sabotage,43,203,8,4,19,13,166,88,7,0,
891,128171809,rogue-scavenger,nightwalker-sabotage,rogue,nightwalker,win,2,nightwalker-sabotage,10,47,0,4,1,3,15,21,0,7,
892,2782607578,nightwalker-sabotage,rogue-wildcard,nightwalker,rogue,win,1,nightwalker-sabotage,15,57,5,1,6,3,44,28,7,0,
893,2782607578,rogue-wildcard,nightwalker-sabotage,rogue,nightwalker,win,1,rogue-wildcard,19,89,5,1,8,6,52,61,7,0,
894,1142076051,nightwalker-assassination,rogue-scavenger,nightwalker,rogue,win,1,nightwalker-assassination,19,91,5,1,7,4,60,35,7,0,
895,1142076051,rogue-scavenger,nightwalker-assassination,rogue,nightwalker,win,2,nightwalker-assassination,46,213,5,9,14,20,87,160,0,7,
896,3796511820,nightwalker-assassination,rogue-wildcard,nightwalker,rogue,win,1,nightwalker-assassination,43,170,7,3,18,14,139,96,7,0,
897,3796511820,rogue-wildcard,nightwalker-assassination,rogue,nightwalker,win,2,nightwalker-assassination,38,154,2,6,15,15,82,113,0,7,
898,2155980293,rogue-scavenger,rogue-wildcard,rogue,rogue,win,1,rogue-scavenger,21,99,5,1,7,4,50,50,7,0,
899,2155980293,rogue-wildcard,rogue-scavenger,rogue,rogue,win,1,rogue-wildcard,17,78,5,1,8,1,54,28,7,0,
900,515448766,stonewall-bastion,stonewall-counteroffensive,stonewall,stonewall,win,2,stonewall-counteroffensive,12,57,1,5,0,3,15,25,0,7,
901,515448766,stonewall-counteroffensive,stonewall-bastion,stonewall,stonewall,win,2,stonewall-bastion,10,44,0,4,0,3,12,22,0,7,
902,3169884535,stonewall-bastion,bruiser-shock-assault,stonewall,bruiser,win,1,stonewall-bastion,23,106,5,1,13,8,64,81,7,0,
903,3169884535,bruiser-shock-assault,stonewall-bastion,bruiser,stonewall,win,1,bruiser-shock-assault,9,41,4,0,2,0,18,0,7,0,
904,1529353008,stonewall-bastion,bruiser-heavy-breakthrough,stonewall,bruiser,win,2,bruiser-heavy-breakthrough,20,92,2,6,4,7,34,71,0,7,
905,1529353008,bruiser-heavy-breakthrough,stonewall-bastion,bruiser,stonewall,win,2,stonewall-bastion,24,111,3,7,7,9,67,60,0,7,
906,4183788777,stonewall-bastion,syndicate-combined-arms,stonewall,syndicate,win,2,syndicate-combined-arms,18,89,2,6,4,5,46,58,0,7,
907,4183788777,syndicate-combined-arms,stonewall-bastion,syndicate,stonewall,win,1,syndicate-combined-arms,15,70,5,1,5,2,38,31,7,0,
908,2543257250,stonewall-bastion,syndicate-precision-operations,stonewall,syndicate,win,1,stonewall-bastion,11,53,4,0,5,3,25,33,7,0,
909,2543257250,syndicate-precision-operations,stonewall-bastion,syndicate,stonewall,win,1,syndicate-precision-operations,15,67,5,1,4,2,32,23,7,0,
910,902725723,stonewall-bastion,nightwalker-sabotage,stonewall,nightwalker,win,2,nightwalker-sabotage,24,117,3,7,4,10,37,99,0,7,
911,902725723,nightwalker-sabotage,stonewall-bastion,nightwalker,stonewall,win,1,nightwalker-sabotage,55,246,11,7,22,19,178,121,7,0,
912,3557161492,stonewall-bastion,nightwalker-assassination,stonewall,nightwalker,win,1,stonewall-bastion,21,98,5,1,8,6,43,68,7,0,
913,3557161492,nightwalker-assassination,stonewall-bastion,nightwalker,stonewall,win,1,nightwalker-assassination,29,128,7,3,12,9,99,49,7,0,
914,1916629965,stonewall-bastion,rogue-scavenger,stonewall,rogue,win,1,stonewall-bastion,15,74,5,1,3,3,34,31,7,0,
915,1916629965,rogue-scavenger,stonewall-bastion,rogue,stonewall,win,2,stonewall-bastion,10,45,0,4,0,2,14,23,0,7,
916,276098438,stonewall-bastion,rogue-wildcard,stonewall,rogue,win,1,stonewall-bastion,31,146,11,7,8,6,65,59,7,0,
917,276098438,rogue-wildcard,stonewall-bastion,rogue,stonewall,win,2,stonewall-bastion,10,46,0,4,0,2,15,23,0,7,
918,2930534207,stonewall-counteroffensive,bruiser-shock-assault,stonewall,bruiser,win,2,bruiser-shock-assault,16,71,1,5,4,7,34,43,0,7,
919,2930534207,bruiser-shock-assault,stonewall-counteroffensive,bruiser,stonewall,win,2,stonewall-counteroffensive,22,108,2,6,7,10,81,54,0,7,
920,1290002680,stonewall-counteroffensive,bruiser-heavy-breakthrough,stonewall,bruiser,win,2,bruiser-heavy-breakthrough,14,59,1,5,1,4,18,29,0,7,
921,1290002680,bruiser-heavy-breakthrough,stonewall-counteroffensive,bruiser,stonewall,win,1,bruiser-heavy-breakthrough,31,129,7,3,15,9,106,61,7,0,
922,3944438449,stonewall-counteroffensive,syndicate-combined-arms,stonewall,syndicate,win,1,stonewall-counteroffensive,15,69,5,1,5,4,35,38,7,0,
923,3944438449,syndicate-combined-arms,stonewall-counteroffensive,syndicate,stonewall,win,1,syndicate-combined-arms,23,114,6,2,11,6,81,65,7,0,
924,2303906922,stonewall-counteroffensive,syndicate-precision-operations,stonewall,syndicate,win,2,syndicate-precision-operations,16,72,1,5,3,8,36,57,0,7,
925,2303906922,syndicate-precision-operations,stonewall-counteroffensive,syndicate,stonewall,win,2,stonewall-counteroffensive,32,151,3,7,11,14,100,86,0,7,
926,663375395,stonewall-counteroffensive,nightwalker-sabotage,stonewall,nightwalker,win,1,stonewall-counteroffensive,29,145,7,3,11,11,72,109,7,0,
927,663375395,nightwalker-sabotage,stonewall-counteroffensive,nightwalker,stonewall,win,2,stonewall-counteroffensive,28,118,2,6,6,13,84,74,0,7,
928,3317811164,stonewall-counteroffensive,nightwalker-assassination,stonewall,nightwalker,win,2,nightwalker-assassination,14,61,1,5,3,4,24,35,0,7,
929,3317811164,nightwalker-assassination,stonewall-counteroffensive,nightwalker,stonewall,win,2,stonewall-counteroffensive,22,102,2,6,8,8,81,48,0,7,
930,1677279637,stonewall-counteroffensive,rogue-scavenger,stonewall,rogue,win,2,rogue-scavenger,14,67,1,5,1,4,24,24,0,7,
931,1677279637,rogue-scavenger,stonewall-counteroffensive,rogue,stonewall,win,1,rogue-scavenger,23,112,7,3,8,4,63,59,7,0,
932,36748110,stonewall-counteroffensive,rogue-wildcard,stonewall,rogue,win,1,stonewall-counteroffensive,15,74,5,1,8,4,52,51,7,0,
933,36748110,rogue-wildcard,stonewall-counteroffensive,rogue,stonewall,win,1,rogue-wildcard,11,51,4,0,4,0,27,19,7,0,
934,2691183879,bruiser-shock-assault,bruiser-heavy-breakthrough,bruiser,bruiser,win,2,bruiser-heavy-breakthrough,60,214,4,8,22,27,118,157,0,7,
935,2691183879,bruiser-heavy-breakthrough,bruiser-shock-assault,bruiser,bruiser,win,1,bruiser-heavy-breakthrough,19,83,5,1,11,8,64,42,7,0,
936,1050652352,bruiser-shock-assault,syndicate-combined-arms,bruiser,syndicate,win,1,bruiser-shock-assault,31,140,6,2,17,13,106,75,7,0,
937,1050652352,syndicate-combined-arms,bruiser-shock-assault,syndicate,bruiser,win,1,syndicate-combined-arms,23,98,5,1,11,7,55,67,7,0,
938,3705088121,bruiser-shock-assault,syndicate-precision-operations,bruiser,syndicate,win,1,bruiser-shock-assault,23,105,5,1,13,12,78,64,7,0,
939,3705088121,syndicate-precision-operations,bruiser-shock-assault,syndicate,bruiser,win,2,bruiser-shock-assault,30,123,2,6,12,15,68,88,0,7,
940,2064556594,bruiser-shock-assault,nightwalker-sabotage,bruiser,nightwalker,win,2,nightwalker-sabotage,28,116,1,5,10,15,63,76,0,7,
941,2064556594,nightwalker-sabotage,bruiser-shock-assault,nightwalker,bruiser,win,1,nightwalker-sabotage,19,74,5,1,11,5,55,33,7,0,
942,424025067,bruiser-shock-assault,nightwalker-assassination,bruiser,nightwalker,win,2,nightwalker-assassination,20,77,0,4,5,10,27,47,0,7,
943,424025067,nightwalker-assassination,bruiser-shock-assault,nightwalker,bruiser,win,1,nightwalker-assassination,17,67,5,1,10,4,53,32,7,0,
944,3078460836,bruiser-shock-assault,rogue-scavenger,bruiser,rogue,win,2,rogue-scavenger,16,74,1,5,2,6,39,30,0,7,
945,3078460836,rogue-scavenger,bruiser-shock-assault,rogue,bruiser,win,2,bruiser-shock-assault,18,84,1,5,4,7,29,55,0,7,
946,1437929309,bruiser-shock-assault,rogue-wildcard,bruiser,rogue,win,1,bruiser-shock-assault,19,85,4,0,7,8,55,47,7,0,
947,1437929309,rogue-wildcard,bruiser-shock-assault,rogue,bruiser,win,1,rogue-wildcard,25,106,6,2,14,8,72,67,7,0,
948,4092365078,bruiser-heavy-breakthrough,syndicate-combined-arms,bruiser,syndicate,win,1,bruiser-heavy-breakthrough,25,117,7,3,13,8,88,62,7,0,
949,4092365078,syndicate-combined-arms,bruiser-heavy-breakthrough,syndicate,bruiser,win,2,bruiser-heavy-breakthrough,22,103,2,6,7,13,60,80,0,7,
950,2451833551,bruiser-heavy-breakthrough,syndicate-precision-operations,bruiser,syndicate,win,1,bruiser-heavy-breakthrough,15,56,4,0,7,3,44,24,7,0,
951,2451833551,syndicate-precision-operations,bruiser-heavy-breakthrough,syndicate,bruiser,win,2,bruiser-heavy-breakthrough,40,160,3,7,13,19,88,121,0,7,
952,811302024,bruiser-heavy-breakthrough,nightwalker-sabotage,bruiser,nightwalker,win,1,bruiser-heavy-breakthrough,27,117,6,2,14,10,89,66,7,0,
953,811302024,nightwalker-sabotage,bruiser-heavy-breakthrough,nightwalker,bruiser,win,1,nightwalker-sabotage,25,94,5,1,11,10,60,59,7,0,
954,3465737793,bruiser-heavy-breakthrough,nightwalker-assassination,bruiser,nightwalker,win,1,bruiser-heavy-breakthrough,21,85,5,1,12,5,70,51,7,0,
955,3465737793,nightwalker-assassination,bruiser-heavy-breakthrough,nightwalker,bruiser,win,2,bruiser-heavy-breakthrough,28,119,2,6,12,13,81,81,0,7,
956,1825206266,bruiser-heavy-breakthrough,rogue-scavenger,bruiser,rogue,win,1,bruiser-heavy-breakthrough,25,118,6,2,12,9,95,54,7,0,
957,1825206266,rogue-scavenger,bruiser-heavy-breakthrough,rogue,bruiser,win,2,bruiser-heavy-breakthrough,22,101,1,5,5,10,36,72,0,7,
958,184674739,bruiser-heavy-breakthrough,rogue-wildcard,bruiser,rogue,win,1,bruiser-heavy-breakthrough,43,177,8,4,18,15,144,106,7,0,
959,184674739,rogue-wildcard,bruiser-heavy-breakthrough,rogue,bruiser,win,2,bruiser-heavy-breakthrough,24,110,2,6,9,11,55,73,0,7,
960,2839110508,syndicate-combined-arms,syndicate-precision-operations,syndicate,syndicate,win,1,syndicate-combined-arms,21,99,6,2,10,5,58,53,7,0,
961,2839110508,syndicate-precision-operations,syndicate-combined-arms,syndicate,syndicate,win,1,syndicate-precision-operations,17,76,5,1,6,3,40,32,7,0,
962,1198578981,syndicate-combined-arms,nightwalker-sabotage,syndicate,nightwalker,win,2,nightwalker-sabotage,54,245,5,9,19,30,126,198,0,7,
963,1198578981,nightwalker-sabotage,syndicate-combined-arms,nightwalker,syndicate,win,2,syndicate-combined-arms,36,169,3,7,17,16,112,97,0,7,
964,3853014750,syndicate-combined-arms,nightwalker-assassination,syndicate,nightwalker,win,2,nightwalker-assassination,40,169,3,7,15,21,91,142,0,7,
965,3853014750,nightwalker-assassination,syndicate-combined-arms,nightwalker,syndicate,win,2,syndicate-combined-arms,30,140,2,6,15,13,104,77,0,7,
966,2212483223,syndicate-combined-arms,rogue-scavenger,syndicate,rogue,win,1,syndicate-combined-arms,41,204,9,5,18,14,145,109,7,0,
967,2212483223,rogue-scavenger,syndicate-combined-arms,rogue,syndicate,win,1,rogue-scavenger,15,68,5,1,3,2,31,32,7,0,
968,571951696,syndicate-combined-arms,rogue-wildcard,syndicate,rogue,win,2,rogue-wildcard,30,145,3,7,8,17,87,114,0,7,
969,571951696,rogue-wildcard,syndicate-combined-arms,rogue,syndicate,win,1,rogue-wildcard,23,107,7,3,7,4,54,50,7,0,
970,3226387465,syndicate-precision-operations,nightwalker-sabotage,syndicate,nightwalker,win,2,nightwalker-sabotage,14,63,1,5,4,6,31,39,0,7,
971,3226387465,nightwalker-sabotage,syndicate-precision-operations,nightwalker,syndicate,win,1,nightwalker-sabotage,35,150,6,2,17,14,98,94,7,0,
972,1585855938,syndicate-precision-operations,nightwalker-assassination,syndicate,nightwalker,win,2,nightwalker-assassination,40,152,3,7,12,20,74,115,0,7,
973,1585855938,nightwalker-assassination,syndicate-precision-operations,nightwalker,syndicate,win,1,nightwalker-assassination,21,86,5,1,12,5,65,41,7,0,
974,4240291707,syndicate-precision-operations,rogue-scavenger,syndicate,rogue,win,1,syndicate-precision-operations,23,119,6,2,10,7,75,56,7,0,
975,4240291707,rogue-scavenger,syndicate-precision-operations,rogue,syndicate,win,2,syndicate-precision-operations,14,70,1,5,2,7,26,53,0,7,
976,2599760180,syndicate-precision-operations,rogue-wildcard,syndicate,rogue,win,1,syndicate-precision-operations,17,77,4,0,8,5,54,41,7,0,
977,2599760180,rogue-wildcard,syndicate-precision-operations,rogue,syndicate,win,1,rogue-wildcard,27,114,5,1,13,9,80,71,7,0,
978,959228653,nightwalker-sabotage,nightwalker-assassination,nightwalker,nightwalker,win,2,nightwalker-assassination,44,171,3,7,15,20,91,119,0,7,
979,959228653,nightwalker-assassination,nightwalker-sabotage,nightwalker,nightwalker,win,1,nightwalker-assassination,43,178,7,3,19,15,127,93,7,0,
980,3613664422,nightwalker-sabotage,rogue-scavenger,nightwalker,rogue,win,2,rogue-scavenger,22,112,2,6,7,8,76,56,0,7,
981,3613664422,rogue-scavenger,nightwalker-sabotage,rogue,nightwalker,win,2,nightwalker-sabotage,26,119,1,5,7,9,46,91,0,7,
982,1973132895,nightwalker-sabotage,rogue-wildcard,nightwalker,rogue,win,1,nightwalker-sabotage,61,275,9,5,24,25,190,168,7,0,
983,1973132895,rogue-wildcard,nightwalker-sabotage,rogue,nightwalker,win,1,rogue-wildcard,17,73,4,0,6,6,37,44,7,0,
984,332601368,nightwalker-assassination,rogue-scavenger,nightwalker,rogue,win,1,nightwalker-assassination,31,147,7,3,14,10,109,56,7,0,
985,332601368,rogue-scavenger,nightwalker-assassination,rogue,nightwalker,win,1,rogue-scavenger,51,241,9,5,21,22,114,190,7,0,
986,2987037137,nightwalker-assassination,rogue-wildcard,nightwalker,rogue,win,1,nightwalker-assassination,35,147,6,2,13,13,111,83,7,0,
987,2987037137,rogue-wildcard,nightwalker-assassination,rogue,nightwalker,win,2,nightwalker-assassination,40,174,3,7,16,18,94,124,0,7,
988,1346505610,rogue-scavenger,rogue-wildcard,rogue,rogue,win,1,rogue-scavenger,13,62,5,1,3,1,26,25,7,0,
989,1346505610,rogue-wildcard,rogue-scavenger,rogue,rogue,win,1,rogue-wildcard,11,51,4,0,4,3,32,26,7,0,
990,4000941379,stonewall-bastion,stonewall-counteroffensive,stonewall,stonewall,win,2,stonewall-counteroffensive,10,48,0,4,0,2,17,20,0,7,
991,4000941379,stonewall-counteroffensive,stonewall-bastion,stonewall,stonewall,win,1,stonewall-counteroffensive,9,45,4,0,2,0,21,12,7,0,
992,2360409852,stonewall-bastion,bruiser-shock-assault,stonewall,bruiser,win,2,bruiser-shock-assault,16,76,1,5,3,5,26,51,0,7,
993,2360409852,bruiser-shock-assault,stonewall-bastion,bruiser,stonewall,win,2,stonewall-bastion,16,75,1,5,4,7,50,36,0,7,
994,719878325,stonewall-bastion,bruiser-heavy-breakthrough,stonewall,bruiser,win,2,bruiser-heavy-breakthrough,12,54,1,5,0,7,14,56,0,7,
995,719878325,bruiser-heavy-breakthrough,stonewall-bastion,bruiser,stonewall,win,2,stonewall-bastion,16,77,1,5,3,4,44,29,0,7,
996,3374314094,stonewall-bastion,syndicate-combined-arms,stonewall,syndicate,win,2,syndicate-combined-arms,88,438,24,28,23,33,205,284,0,7,
997,3374314094,syndicate-combined-arms,stonewall-bastion,syndicate,stonewall,win,1,syndicate-combined-arms,33,148,8,4,13,9,102,82,7,0,
998,1733782567,stonewall-bastion,syndicate-precision-operations,stonewall,syndicate,win,1,stonewall-bastion,21,101,5,1,10,6,60,68,7,0,
999,1733782567,syndicate-precision-operations,stonewall-bastion,syndicate,stonewall,win,2,stonewall-bastion,18,86,1,5,7,7,62,37,0,7,
